# Blender 5.2.0 LTS
# www.blender.org
mtllib void spear white.mtl
o Voidpistol.007
v 0.039109 -2.043389 0.072742
v 0.030737 -2.070880 0.023577
v 0.017653 -2.070997 0.037433
v 0.000590 -2.098970 0.083911
v 0.058534 -2.071301 0.103955
v 0.001495 -2.071201 0.121094
v -0.042508 -2.098406 -0.061105
v -0.004818 -2.070263 -0.109258
v -0.003615 -2.098277 -0.072434
v -0.034013 -2.070829 -0.011629
v -0.079699 -2.098604 0.007870
v -0.070338 -2.098383 -0.031657
v 0.035551 -2.042799 -0.062456
v 0.053227 -2.070487 -0.095119
v -0.068234 -2.098729 0.046517
v -0.019140 -2.070936 0.038383
v -0.038827 -2.098907 0.074403
v 0.015867 -2.070771 -0.026432
v 0.065087 -2.098604 -0.035350
v 0.029662 -2.070757 -0.013414
v 0.039405 -2.099170 0.072384
v 0.099480 -2.071207 0.060645
v -0.020925 -2.070711 -0.025480
v -0.003909 -2.042493 -0.072072
v -0.042676 -2.042538 -0.060433
v -0.070633 -2.042599 -0.031301
v 0.000296 -2.043188 0.084273
v -0.102800 -2.070258 -0.048803
v -0.061811 -2.070405 -0.092009
v -0.039118 -2.043128 0.074766
v -0.099765 -2.070812 0.066055
v -0.056501 -2.071222 0.107067
v -0.116700 -2.070652 0.009033
v 0.096447 -2.070652 -0.054217
v -0.032982 -2.070708 0.025256
v -0.002612 -2.070524 -0.030758
v 0.067188 -2.098952 0.042822
v 0.113425 -2.071054 0.002920
v -0.079993 -2.042821 0.008232
v -0.038454 -2.070671 0.006871
v -0.068405 -2.042860 0.047190
v -0.000707 -2.070941 0.042600
v 0.076425 -2.043102 0.004077
v 0.067018 -2.043083 0.043493
v 0.035132 -2.070793 0.004965
v 0.076717 -2.098885 0.003715
v 0.064915 -2.042736 -0.034676
v 0.035675 -2.098425 -0.063244
v -0.049509 -2.009314 -0.049510
v -0.059584 1.476880 -0.000000
v -0.042133 1.476880 -0.042133
v 0.070018 -2.009314 0.000000
v 0.042134 1.476880 0.042133
v 0.049510 -2.009314 0.049510
v 0.000000 1.476880 -0.059585
v 0.049510 -2.009314 -0.049510
v 0.059585 1.476880 -0.000000
v 0.000000 1.476880 0.059585
v -0.049509 -2.009314 0.049510
v 0.000000 -2.009314 0.070018
v -0.042133 1.476880 0.042133
v 0.000000 1.426001 -0.000000
v 0.042134 1.476880 -0.042133
v -0.070018 -2.009314 0.000000
v 0.000000 -2.009314 -0.070018
v 0.000000 -1.983883 0.000000
v 0.363581 2.302258 0.008296
v 0.236867 2.389250 0.032792
v 0.368387 2.229490 0.032792
v 0.394818 1.987922 0.008296
v 0.401035 2.026778 -0.016201
v 0.448403 2.037241 0.008296
v 0.148478 2.356688 -0.016200
v 0.129796 2.355826 0.008296
v 0.337682 2.075404 0.032792
v 0.336441 2.021309 -0.016201
v 0.336441 2.021309 0.032792
v 0.110426 2.419228 -0.016200
v 0.085754 2.418366 0.008296
v 0.195141 2.307537 0.032792
v 0.292882 2.232388 0.036975
v 0.322143 1.978281 0.008296
v 0.322143 1.978281 -0.016201
v 0.356555 1.978844 -0.016201
v 0.356555 1.978844 0.032792
v 0.084940 3.009566 0.029232
v 0.291544 2.399261 0.008296
v 0.442058 2.084587 -0.016201
v 0.492959 2.091822 0.008296
v 0.429916 2.201744 0.032792
v 0.477239 2.212088 0.008296
v 0.292882 2.232388 -0.012018
v 0.318032 2.134493 -0.016201
v 0.244790 2.247349 0.008296
v 0.057217 3.045312 0.008295
v 0.063109 3.046364 -0.006658
v 0.110426 2.419228 0.032792
v 0.148478 2.356688 0.032792
v 0.337682 2.075404 -0.016201
v 0.368387 2.229490 -0.016201
v 0.426126 2.242941 0.008296
v 0.463785 2.161395 0.032792
v 0.442058 2.084587 0.032792
v 0.236867 2.389250 -0.016200
v 0.084940 3.009566 -0.012639
v 0.056142 3.151059 0.008295
v 0.401035 2.026778 0.032792
v 0.429916 2.201744 -0.016201
v 0.521772 2.172709 0.008296
v 0.063109 3.046364 0.023250
v 0.322143 1.978281 0.032792
v 0.463785 2.161395 -0.016201
v 0.195141 2.307537 -0.016200
v 0.318032 2.134493 0.032792
v -0.363174 2.302258 0.008296
v -0.236459 2.389250 0.032792
v -0.367979 2.229490 0.032792
v -0.394410 1.987922 0.008296
v -0.400627 2.026778 -0.016201
v -0.447996 2.037241 0.008296
v -0.148070 2.356688 -0.016200
v -0.129388 2.355826 0.008296
v -0.337275 2.075404 0.032792
v -0.336034 2.021309 -0.016201
v -0.336034 2.021309 0.032792
v -0.110018 2.419228 -0.016200
v -0.085346 2.418366 0.008296
v -0.194733 2.307537 0.032792
v -0.292474 2.232388 0.036975
v -0.321735 1.978281 0.008296
v -0.321735 1.978281 -0.016201
v -0.356147 1.978844 -0.016201
v -0.356147 1.978844 0.032792
v -0.084533 3.009566 0.029232
v -0.291136 2.399261 0.008296
v -0.441650 2.084587 -0.016201
v -0.492552 2.091822 0.008296
v -0.429508 2.201744 0.032792
v -0.476831 2.212088 0.008296
v -0.292474 2.232388 -0.012018
v -0.317624 2.134493 -0.016201
v -0.244383 2.247349 0.008296
v -0.056809 3.045312 0.008295
v -0.062701 3.046364 -0.006658
v -0.110018 2.419228 0.032792
v -0.148070 2.356688 0.032792
v -0.337275 2.075404 -0.016201
v -0.367979 2.229490 -0.016201
v -0.425719 2.242941 0.008296
v -0.463378 2.161395 0.032792
v -0.441650 2.084587 0.032792
v -0.236459 2.389250 -0.016200
v -0.084533 3.009566 -0.012639
v -0.055735 3.151059 0.008295
v -0.400627 2.026778 0.032792
v -0.429508 2.201744 -0.016201
v -0.521365 2.172709 0.008296
v -0.062701 3.046364 0.023250
v -0.321735 1.978281 0.032792
v -0.463378 2.161395 -0.016201
v -0.194733 2.307537 -0.016200
v -0.317624 2.134493 0.032792
v 0.049903 1.713215 -0.088342
v -0.007844 1.672087 -0.161625
v 0.078284 1.671856 -0.141038
v -0.092766 1.672316 -0.136470
v -0.009530 1.713904 -0.217671
v -0.006443 1.713484 -0.102002
v -0.061891 1.713314 -0.085507
v -0.174559 1.754462 0.014902
v -0.098726 1.712672 0.068054
v -0.115147 1.713003 0.012732
v -0.197301 1.712789 0.128930
v -0.149375 1.754269 0.099705
v 0.002655 1.711789 0.237046
v 0.085889 1.753375 0.155847
v 0.000969 1.753606 0.181010
v -0.056609 1.712593 0.108143
v -0.085163 1.753835 0.160417
v 0.094772 1.712322 0.062805
v 0.167476 1.753868 0.005597
v 0.108268 1.712691 0.006644
v 0.077849 1.754702 -0.140497
v 0.104914 1.713483 -0.190549
v 0.001401 1.670760 0.180465
v 0.115548 1.711803 0.203451
v -0.084728 1.670991 0.159879
v -0.111792 1.712210 0.209936
v 0.055016 1.712379 0.104894
v 0.146769 1.753660 0.091471
v 0.091846 1.713020 -0.048678
v 0.142663 1.671539 -0.079900
v -0.203475 1.713787 -0.098631
v -0.093140 1.754835 -0.135776
v -0.122428 1.713887 -0.184072
v -0.174357 1.671823 0.013783
v -0.153649 1.672030 -0.072093
v 0.142230 1.754385 -0.079358
v -0.149111 1.671308 0.098736
v 0.086258 1.670857 0.155152
v 0.147201 1.670821 0.090935
v -0.008282 1.754931 -0.161089
v -0.101652 1.713368 -0.043429
v -0.154082 1.754873 -0.071548
v 0.190586 1.713020 -0.109130
v 0.196596 1.711905 0.118018
v -0.230867 1.713191 0.015955
v -0.000499 1.712529 0.121229
v 0.223989 1.712502 0.003421
v 0.167847 1.671345 0.004904
v 0.312692 1.830490 0.028829
v 0.331670 1.841625 0.008051
v 0.300302 1.851492 0.007425
v 0.296078 1.846621 0.013458
v 0.290114 1.851789 0.007265
v 0.313616 1.831161 -0.013958
v 0.296298 1.846941 0.001213
v 0.292176 1.842056 0.007125
v 0.294733 1.819204 0.006847
v 0.329103 1.807040 -0.022809
v 0.341116 1.783700 -0.026834
v 0.306600 1.779026 0.006435
v 0.308573 1.748564 0.006029
v 0.337008 1.713270 0.039666
v 0.345460 1.746977 0.044327
v 0.370668 1.709199 0.006701
v 0.384476 1.747899 0.007675
v 0.356891 1.812175 0.008090
v 0.305751 1.722784 0.005477
v 0.319436 1.694331 0.028052
v 0.374638 1.787137 0.008063
v 0.339626 1.782517 0.041424
v 0.327749 1.806069 0.037456
v 0.299285 1.704360 0.005043
v 0.294844 1.678135 0.004624
v 0.340597 1.684959 0.005649
v 0.338487 1.714468 -0.027528
v 0.320406 1.695187 -0.017239
v 0.347175 1.748111 -0.030758
v -0.312285 1.830490 0.028829
v -0.331262 1.841625 0.008051
v -0.299894 1.851492 0.007425
v -0.295670 1.846621 0.013458
v -0.289706 1.851789 0.007265
v -0.313208 1.831161 -0.013958
v -0.295890 1.846941 0.001213
v -0.291769 1.842056 0.007125
v -0.294325 1.819204 0.006847
v -0.328695 1.807040 -0.022809
v -0.340708 1.783700 -0.026834
v -0.306192 1.779026 0.006435
v -0.308165 1.748564 0.006029
v -0.336600 1.713270 0.039666
v -0.345053 1.746977 0.044327
v -0.370260 1.709199 0.006701
v -0.384068 1.747899 0.007675
v -0.356484 1.812175 0.008090
v -0.305343 1.722784 0.005477
v -0.319028 1.694331 0.028052
v -0.374230 1.787137 0.008063
v -0.339219 1.782517 0.041424
v -0.327341 1.806069 0.037456
v -0.298877 1.704360 0.005043
v -0.294436 1.678135 0.004624
v -0.340189 1.684959 0.005649
v -0.338079 1.714468 -0.027528
v -0.319998 1.695187 -0.017239
v -0.346767 1.748111 -0.030758
v 0.188965 1.372259 0.001081
v 0.163676 1.363113 0.000924
v 0.181104 1.383696 -0.012159
v 0.194631 1.397202 -0.017316
v 0.173240 1.394468 0.001736
v 0.180382 1.409207 0.002135
v 0.181172 1.382966 0.014983
v 0.204355 1.437902 0.002854
v 0.216571 1.429094 -0.012923
v 0.209947 1.416118 -0.016317
v 0.221018 1.438563 0.011927
v 0.216683 1.428230 0.017938
v 0.223881 1.403208 0.001836
v 0.194737 1.396154 0.020790
v 0.208982 1.384104 0.001319
v 0.228311 1.433291 0.002580
v 0.228945 1.419367 0.002252
v 0.210078 1.415112 0.020688
v 0.221014 1.439072 -0.006362
v 0.223921 1.450470 0.003070
v -0.188557 1.372259 0.001081
v -0.163269 1.363113 0.000924
v -0.180696 1.383696 -0.012159
v -0.194223 1.397202 -0.017316
v -0.172832 1.394468 0.001736
v -0.179975 1.409207 0.002135
v -0.180765 1.382966 0.014983
v -0.203947 1.437902 0.002854
v -0.216163 1.429094 -0.012923
v -0.209539 1.416118 -0.016317
v -0.220610 1.438563 0.011927
v -0.216275 1.428230 0.017938
v -0.223473 1.403208 0.001836
v -0.194329 1.396154 0.020790
v -0.208574 1.384104 0.001319
v -0.227903 1.433291 0.002580
v -0.228537 1.419367 0.002252
v -0.209671 1.415112 0.020688
v -0.220606 1.439072 -0.006362
v -0.223513 1.450470 0.003070
v 0.051939 1.595853 0.098061
v 0.040716 1.559000 0.032154
v 0.023176 1.558844 0.050729
v 0.000302 1.521344 0.113033
v 0.077978 1.558435 0.139904
v 0.001516 1.558570 0.162878
v -0.057473 1.522100 -0.081365
v -0.006947 1.559826 -0.145916
v -0.005335 1.522274 -0.096551
v -0.046084 1.559069 -0.015041
v -0.107328 1.521835 0.011098
v -0.094779 1.522131 -0.041889
v 0.047169 1.596644 -0.083176
v 0.070864 1.559528 -0.126961
v -0.091958 1.521668 0.062905
v -0.026146 1.558924 0.052002
v -0.052537 1.521428 0.100287
v 0.020781 1.559146 -0.034885
v 0.086762 1.521835 -0.046840
v 0.039274 1.559166 -0.017434
v 0.052335 1.521077 0.097581
v 0.132867 1.558562 0.081844
v -0.028539 1.559227 -0.033609
v -0.005729 1.597054 -0.096066
v -0.057698 1.596994 -0.080464
v -0.095174 1.596911 -0.041412
v -0.000092 1.596122 0.113519
v -0.138295 1.559833 -0.064873
v -0.083348 1.559637 -0.122792
v -0.052927 1.596203 0.100774
v -0.134227 1.559092 0.089097
v -0.076230 1.558541 0.144075
v -0.156928 1.559306 0.012658
v 0.128802 1.559306 -0.072132
v -0.044702 1.559230 0.034405
v -0.003990 1.559477 -0.040684
v 0.089579 1.521369 0.057952
v 0.151562 1.558767 0.004462
v -0.107722 1.596614 0.011584
v -0.052038 1.559280 0.009758
v -0.092187 1.596561 0.063807
v -0.001437 1.558918 0.057655
v 0.101961 1.596238 0.006013
v 0.089351 1.596262 0.058853
v 0.046608 1.559116 0.007204
v 0.102353 1.521458 0.005528
v 0.086532 1.596728 -0.045936
v 0.047336 1.522075 -0.084232
vn -0.4165 -0.8167 -0.3994
vn -0.4180 -0.8162 -0.3989
vn 0.4493 -0.7901 0.4170
vn 0.4493 -0.7902 0.4168
vn 0.4490 -0.7872 0.4228
vn 0.5551 0.8207 0.1356
vn 0.5601 0.8182 0.1295
vn 0.5548 0.8208 0.1360
vn 0.1507 0.8202 0.5518
vn 0.1655 0.8156 0.5544
vn -0.5483 -0.8214 0.1573
vn -0.5491 -0.8200 0.1618
vn 0.3941 0.8228 -0.4095
vn 0.3990 0.8212 -0.4080
vn 0.4001 0.8208 -0.4077
vn 0.1340 -0.8168 -0.5611
vn 0.1289 -0.8185 -0.5599
vn 0.3916 -0.8161 -0.4251
vn 0.3934 -0.8178 -0.4201
vn 0.4257 -0.7833 -0.4530
vn -0.5926 0.7857 0.1777
vn -0.5933 0.7853 0.1773
vn -0.5905 -0.7883 0.1730
vn -0.5903 -0.7885 0.1726
vn 0.5997 -0.7871 0.1446
vn 0.5991 -0.7877 0.1435
vn 0.5987 -0.7881 0.1428
vn 0.5461 0.8220 -0.1616
vn 0.6035 0.7843 0.1437
vn 0.6033 0.7844 0.1439
vn -0.1519 0.8242 -0.5456
vn -0.1577 0.8224 -0.5467
vn -0.1510 0.8244 -0.5454
vn 0.1506 0.7904 -0.5937
vn 0.1505 0.7905 -0.5937
vn 0.1473 0.7924 -0.5920
vn -0.1776 0.7888 -0.5884
vn -0.1779 0.7890 -0.5881
vn -0.1793 0.7904 -0.5858
vn -0.6022 -0.7847 -0.1470
vn -0.6018 -0.7850 -0.1471
vn 0.5916 -0.7855 -0.1813
vn -0.5573 -0.8189 -0.1372
vn -0.4524 -0.7830 -0.4269
vn -0.3961 0.8173 0.4184
vn -0.3972 0.8170 0.4180
vn -0.1383 -0.8231 0.5508
vn -0.1323 -0.8251 0.5494
vn -0.1400 -0.8226 0.5511
vn 0.4424 0.7873 0.4295
vn 0.4420 0.7875 0.4295
vn 0.4515 0.7826 0.4286
vn -0.5556 0.8209 -0.1323
vn -0.5546 0.8221 -0.1283
vn -0.5543 0.8225 -0.1271
vn -0.4236 -0.7910 0.4414
vn -0.4249 -0.7904 0.4414
vn -0.4256 -0.7900 0.4413
vn -0.1448 0.7841 0.6036
vn -0.1445 0.7838 0.6040
vn -0.5496 0.8187 0.1665
vn -0.5466 0.8200 0.1698
vn -0.5463 0.8201 0.1700
vn 0.4214 0.7892 -0.4467
vn 0.4214 0.7891 -0.4469
vn 0.4218 0.7913 -0.4425
vn 0.1613 -0.8240 0.5432
vn 0.1643 -0.8230 0.5438
vn 0.1651 -0.8227 0.5439
vn 0.1794 0.7860 0.5916
vn 0.1799 0.7857 0.5919
vn -0.4183 0.8213 -0.3880
vn -0.4170 0.8217 -0.3884
vn -0.3921 -0.8242 0.4085
vn -0.3904 -0.8228 0.4130
vn -0.3900 -0.8224 0.4142
vn 0.4123 -0.8233 0.3903
vn 0.4137 -0.8248 0.3854
vn -0.6002 0.7877 -0.1389
vn -0.6006 0.7874 -0.1386
vn 0.5575 -0.8182 0.1407
vn 0.5542 -0.8227 0.1266
vn 0.1341 0.8218 -0.5537
vn 0.1283 0.8237 -0.5524
vn 0.1265 0.8242 -0.5520
vn -0.1708 -0.7866 -0.5934
vn -0.1701 -0.7870 -0.5931
vn -0.4455 0.7876 -0.4257
vn -0.4455 0.7878 -0.4253
vn -0.4455 0.7877 -0.4256
vn 0.1393 -0.7814 -0.6082
vn -0.1233 0.8158 0.5651
vn -0.1294 0.8183 0.5600
vn -0.1217 0.8151 0.5664
vn -0.1598 -0.8188 -0.5514
vn -0.1677 -0.8162 -0.5528
vn -0.1684 -0.8160 -0.5530
vn 0.4150 0.8172 0.4000
vn -0.1438 -0.7916 0.5939
vn -0.1439 -0.7916 0.5939
vn 0.1720 -0.7882 0.5909
vn 0.1718 -0.7880 0.5912
vn 0.1748 -0.7909 0.5864
vn 0.5912 0.7885 -0.1696
vn 0.5924 0.7878 -0.1688
vn 0.5906 0.7888 -0.1700
vn -0.4229 0.7829 0.4564
vn -0.4229 0.7827 0.4566
vn -0.4231 0.7840 0.4542
vn 0.5502 -0.8184 -0.1659
vn 0.9239 0.0028 0.3827
vn 0.8634 0.3069 0.4005
vn 0.3827 0.0028 -0.9239
vn 0.0831 0.0419 -0.9957
vn -0.9957 0.0420 -0.0830
vn -0.9239 0.0028 -0.3827
vn -0.3827 0.0028 -0.9239
vn 0.3827 0.0028 0.9239
vn 0.9239 0.0028 -0.3827
vn 0.7628 0.0419 -0.6453
vn 0.8937 0.3069 -0.3273
vn -0.2597 0.7344 -0.6271
vn -0.6271 0.7344 -0.2597
vn -0.6271 0.7344 0.2597
vn -0.2597 0.7344 0.6271
vn 0.2597 0.7344 0.6271
vn 0.6271 0.7344 0.2597
vn 0.6271 0.7344 -0.2597
vn 0.2597 0.7344 -0.6271
vn -0.3827 0.0028 0.9239
vn -0.1400 -0.9307 -0.3380
vn -0.3380 -0.9307 -0.1400
vn -0.4645 -0.8748 0.1381
vn -0.2308 -0.8748 0.4261
vn -0.6101 -0.7855 0.1034
vn -0.3380 -0.9307 0.1400
vn -0.1400 -0.9307 0.3380
vn -0.3583 -0.7855 0.5046
vn 0.1400 -0.9307 0.3380
vn 0.4261 -0.8747 0.2308
vn 0.3380 -0.9307 0.1400
vn 0.5046 -0.7855 0.3583
vn 0.3380 -0.9307 -0.1400
vn 0.2307 -0.8747 -0.4261
vn 0.1400 -0.9307 -0.3380
vn 0.3583 -0.7855 -0.5046
vn -0.9239 0.0028 0.3827
vn -0.8937 0.3069 0.3272
vn -0.4162 -0.8168 -0.3995
vn -0.4159 -0.8169 -0.3996
vn -0.4178 -0.8163 -0.3989
vn 0.4493 -0.7904 0.4164
vn 0.5553 0.8206 0.1354
vn 0.5615 0.8175 0.1279
vn 0.5602 0.8182 0.1295
vn -0.5489 -0.8202 0.1611
vn 0.3933 0.8230 -0.4097
vn 0.3988 0.8212 -0.4081
vn 0.1338 -0.8169 -0.5610
vn 0.1278 -0.8189 -0.5596
vn 0.1288 -0.8185 -0.5598
vn 0.3915 -0.8160 -0.4253
vn 0.3910 -0.8156 -0.4265
vn 0.3931 -0.8176 -0.4207
vn 0.4254 -0.7835 -0.4530
vn 0.4249 -0.7838 -0.4530
vn 0.4252 -0.7836 -0.4530
vn -0.5920 0.7860 0.1780
vn -0.5924 0.7858 0.1778
vn -0.5906 -0.7882 0.1732
vn 0.5996 -0.7871 0.1445
vn 0.5998 -0.7870 0.1448
vn 0.5460 0.8221 -0.1612
vn 0.5460 0.8222 -0.1609
vn 0.6033 0.7845 0.1439
vn 0.5992 0.7870 0.1468
vn 0.6030 0.7846 0.1441
vn -0.1524 0.8240 -0.5457
vn -0.1582 0.8222 -0.5468
vn -0.1577 0.8223 -0.5467
vn 0.1503 0.7906 -0.5936
vn 0.1508 0.7903 -0.5939
vn -0.1776 0.7887 -0.5885
vn -0.6019 -0.7849 -0.1472
vn -0.5990 -0.7867 -0.1493
vn -0.6020 -0.7848 -0.1471
vn 0.5912 -0.7858 -0.1816
vn 0.5915 -0.7856 -0.1814
vn -0.5578 -0.8187 -0.1366
vn -0.5583 -0.8184 -0.1360
vn -0.5577 -0.8187 -0.1368
vn -0.4523 -0.7830 -0.4269
vn -0.3958 0.8174 0.4185
vn -0.3968 0.8171 0.4182
vn -0.1382 -0.8232 0.5507
vn -0.1316 -0.8253 0.5492
vn -0.1320 -0.8251 0.5493
vn 0.4416 0.7877 0.4296
vn -0.5557 0.8207 -0.1330
vn -0.5546 0.8222 -0.1282
vn -0.4234 -0.7911 0.4414
vn -0.4247 -0.7904 0.4414
vn -0.1449 0.7842 0.6034
vn -0.1459 0.7850 0.6020
vn -0.1446 0.7839 0.6038
vn -0.5500 0.8185 0.1660
vn -0.5505 0.8182 0.1655
vn -0.5467 0.8200 0.1697
vn 0.4214 0.7893 -0.4466
vn 0.4214 0.7890 -0.4472
vn 0.4214 0.7892 -0.4468
vn 0.1614 -0.8239 0.5432
vn 0.1610 -0.8241 0.5431
vn 0.1643 -0.8230 0.5437
vn 0.1795 0.7859 0.5917
vn 0.1791 0.7861 0.5915
vn -0.4179 0.8214 -0.3882
vn -0.4164 0.8219 -0.3887
vn -0.4168 0.8218 -0.3885
vn -0.3922 -0.8243 0.4082
vn 0.4124 -0.8234 0.3899
vn 0.4141 -0.8252 0.3842
vn 0.4137 -0.8248 0.3855
vn -0.6009 0.7873 -0.1384
vn -0.6015 0.7869 -0.1380
vn -0.6008 0.7873 -0.1385
vn 0.5575 -0.8181 0.1408
vn 0.5542 -0.8227 0.1267
vn 0.1341 0.8219 -0.5537
vn 0.1349 0.8216 -0.5539
vn 0.1282 0.8237 -0.5523
vn -0.1709 -0.7865 -0.5934
vn -0.1787 -0.7821 -0.5970
vn -0.1704 -0.7868 -0.5932
vn -0.4455 0.7875 -0.4258
vn -0.4455 0.7877 -0.4255
vn 0.1397 -0.7818 -0.6077
vn 0.1437 -0.7854 -0.6021
vn 0.1394 -0.7815 -0.6081
vn -0.1234 0.8158 0.5651
vn -0.1300 0.8186 0.5595
vn -0.1296 0.8184 0.5599
vn -0.1597 -0.8188 -0.5515
vn -0.1575 -0.8195 -0.5511
vn -0.1676 -0.8163 -0.5528
vn 0.4151 0.8171 0.4000
vn 0.4153 0.8171 0.3999
vn -0.1439 -0.7916 0.5938
vn -0.1441 -0.7918 0.5935
vn 0.1719 -0.7881 0.5910
vn 0.1716 -0.7879 0.5915
vn 0.5916 0.7883 -0.1694
vn 0.5927 0.7875 -0.1686
vn -0.4229 0.7829 0.4563
vn -0.4229 0.7827 0.4567
vn 0.5506 -0.8182 -0.1655
vn -0.9957 0.0419 -0.0830
vn -0.3273 0.3069 -0.8937
vn 0.7628 0.0420 -0.6453
vn -0.0830 0.0419 0.9957
vn -0.8937 0.3069 0.3273
vn 0.4801 -0.5215 0.7054
vn 0.5468 -0.5074 0.6660
vn 0.6332 -0.5877 -0.5036
vn 0.5961 -0.6173 -0.5135
vn 0.4446 -0.1258 -0.8868
vn 0.4090 -0.1457 -0.9008
vn 0.0163 -0.9999 -0.0000
vn 0.1298 -0.9786 -0.1599
vn 0.3913 0.1011 0.9147
vn 0.2659 0.5896 0.7626
vn -0.4054 -0.0652 -0.9118
vn -0.9271 -0.0255 0.3740
vn -0.9273 -0.0598 0.3695
vn -0.7037 -0.0320 0.7098
vn -0.9997 0.0229 -0.0000
vn 0.3540 0.2631 0.8975
vn 0.3853 0.3173 0.8665
vn 0.3053 0.3219 0.8962
vn 0.1298 -0.9786 0.1599
vn 0.4455 -0.3636 0.8181
vn 0.4902 -0.3478 0.7992
vn 0.3913 0.1011 -0.9147
vn 0.7793 0.2440 -0.5772
vn 0.3797 0.3189 0.8684
vn 0.3067 0.3469 0.8863
vn 0.2659 0.5896 -0.7626
vn -0.7036 -0.0320 -0.7098
vn -0.9490 0.3154 -0.0000
vn -0.5268 -0.6550 0.5417
vn 0.3798 0.3189 -0.8684
vn 0.3068 0.3469 -0.8863
vn -0.0370 0.1389 0.9896
vn 0.4901 -0.3479 -0.7993
vn 0.4454 -0.3636 -0.8182
vn 0.4090 -0.1457 0.9008
vn 0.4447 -0.1258 0.8868
vn 0.3541 0.2630 -0.8975
vn 0.3055 0.3218 -0.8962
vn 0.3853 0.3172 -0.8666
vn -0.8388 -0.5444 -0.0000
vn 0.2634 0.4363 0.8604
vn 0.5467 -0.5074 -0.6661
vn 0.4800 -0.5215 -0.7054
vn -0.6659 -0.4370 -0.6046
vn -0.0186 0.0024 0.9998
vn 0.0354 -0.0262 0.9990
vn -0.4600 -0.6329 -0.6228
vn -0.9291 -0.0252 -0.3689
vn -0.9273 -0.0597 -0.3695
vn -0.9273 -0.0596 -0.3695
vn 0.2634 0.4363 -0.8604
vn -0.0371 0.1389 -0.9896
vn -0.5439 -0.1748 0.8208
vn 0.7793 0.2440 0.5772
vn -0.6659 -0.4371 0.6046
vn -0.6659 -0.4370 0.6046
vn -0.0192 0.0020 -0.9998
vn 0.0113 -0.0136 -0.9998
vn -0.0193 0.0020 -0.9998
vn -0.9489 -0.3156 -0.0000
vn -0.5467 -0.5074 0.6661
vn -0.4800 -0.5215 0.7054
vn 0.5875 -0.6405 0.4947
vn 0.6332 -0.5877 0.5036
vn 0.5994 -0.6173 0.5095
vn -0.4090 -0.1457 -0.9008
vn -0.4447 -0.1258 -0.8868
vn -0.0163 -0.9999 -0.0000
vn -0.1298 -0.9786 -0.1599
vn -0.3913 0.1011 0.9147
vn -0.2659 0.5896 0.7626
vn 0.4054 -0.0652 -0.9118
vn 0.7037 -0.0320 0.7098
vn -0.6332 -0.5877 0.5036
vn -0.5961 -0.6173 0.5135
vn 0.9997 0.0229 -0.0000
vn -0.3053 0.3218 0.8962
vn -0.3853 0.3172 0.8666
vn -0.3540 0.2629 0.8975
vn -0.1298 -0.9786 0.1599
vn -0.4901 -0.3479 0.7993
vn -0.4454 -0.3636 0.8182
vn -0.3913 0.1011 -0.9147
vn -0.7793 0.2440 -0.5772
vn -0.3068 0.3469 -0.8863
vn -0.3798 0.3188 -0.8684
vn -0.2659 0.5896 -0.7626
vn 0.7036 -0.0320 -0.7098
vn 0.9490 0.3154 -0.0000
vn 0.5268 -0.6550 0.5417
vn 0.0370 0.1389 0.9896
vn -0.3068 0.3469 0.8863
vn -0.3798 0.3188 0.8684
vn -0.4455 -0.3636 -0.8181
vn -0.4902 -0.3478 -0.7992
vn -0.4446 -0.1258 0.8868
vn -0.4090 -0.1457 0.9008
vn 0.9273 -0.0596 -0.3695
vn 0.9271 -0.0255 -0.3741
vn 0.9280 -0.0257 -0.3717
vn -0.3853 0.3173 -0.8665
vn -0.3054 0.3220 -0.8961
vn -0.3540 0.2631 -0.8975
vn 0.8388 -0.5444 -0.0000
vn -0.2634 0.4363 0.8604
vn -0.4801 -0.5215 -0.7054
vn -0.5468 -0.5074 -0.6660
vn 0.6659 -0.4370 -0.6046
vn 0.6659 -0.4371 -0.6046
vn 0.0188 0.0023 0.9998
vn 0.0493 0.0179 0.9986
vn 0.4600 -0.6329 -0.6228
vn 0.9273 -0.0598 0.3695
vn 0.9291 -0.0251 0.3689
vn 0.9280 -0.0257 0.3717
vn -0.2634 0.4363 -0.8604
vn 0.0371 0.1389 -0.9896
vn 0.5439 -0.1748 0.8208
vn -0.7793 0.2440 0.5772
vn 0.6659 -0.4371 0.6046
vn 0.0193 0.0020 -0.9998
vn 0.0186 0.0007 -0.9998
vn 0.0731 0.0305 -0.9969
vn 0.9489 -0.3156 -0.0000
vn 0.5678 -0.8126 0.1314
vn 0.5678 -0.8126 0.1315
vn 0.5696 -0.8107 0.1351
vn 0.1740 0.7927 0.5843
vn 0.1752 0.7918 0.5851
vn 0.1756 0.7915 0.5854
vn -0.4240 0.8120 -0.4011
vn -0.4240 0.8119 -0.4013
vn -0.4240 0.8118 -0.4016
vn -0.4024 -0.8127 0.4213
vn -0.4027 -0.8126 0.4213
vn -0.4040 -0.8120 0.4212
vn -0.4273 -0.8094 -0.4028
vn -0.4275 -0.8093 -0.4028
vn -0.4252 -0.8104 -0.4031
vn -0.4023 0.8087 0.4292
vn -0.4024 0.8089 0.4287
vn -0.4024 0.8090 0.4285
vn 0.1324 0.8154 -0.5635
vn -0.1410 -0.8003 0.5828
vn 0.4267 0.8097 0.4029
vn 0.4271 0.8095 0.4029
vn 0.4253 0.8103 0.4031
vn -0.5672 -0.8113 -0.1416
vn 0.4240 -0.8119 0.4014
vn 0.4240 -0.8119 0.4013
vn 0.4242 -0.8136 0.3976
vn -0.1715 0.7994 -0.5758
vn -0.1721 0.8003 -0.5743
vn 0.4044 -0.8088 -0.4271
vn 0.4044 -0.8088 -0.4269
vn 0.4041 -0.8075 -0.4297
vn 0.1717 -0.7997 0.5753
vn 0.1716 -0.7996 0.5755
vn 0.1718 -0.7998 0.5752
vn -0.4408 -0.7936 -0.4195
vn -0.4410 -0.7934 -0.4195
vn -0.4398 -0.7941 -0.4195
vn -0.5878 0.7975 -0.1359
vn -0.5882 0.7971 -0.1365
vn -0.1381 0.7918 0.5949
vn -0.1395 0.7937 0.5921
vn 0.1650 0.8098 0.5630
vn 0.4168 -0.7937 -0.4430
vn -0.1755 -0.7916 -0.5853
vn -0.1739 -0.7927 -0.5843
vn -0.1411 -0.8117 0.5667
vn -0.1372 -0.8138 0.5648
vn -0.5619 -0.8111 0.1623
vn -0.5594 -0.8125 0.1640
vn 0.5880 -0.7972 0.1364
vn -0.5894 -0.7949 -0.1441
vn -0.5898 -0.7946 -0.1439
vn -0.4160 -0.7995 0.4334
vn 0.5670 0.8115 0.1413
vn 0.5671 0.8115 0.1412
vn 0.5701 0.8097 0.1389
vn 0.5786 0.7982 -0.1676
vn 0.5782 0.7986 -0.1670
vn 0.4406 0.7936 0.4195
vn 0.4401 0.7939 0.4195
vn 0.4398 0.7941 0.4195
vn -0.5814 0.7947 0.1745
vn -0.5802 0.7955 0.1750
vn 0.4033 0.8126 -0.4208
vn -0.4365 0.7991 -0.4135
vn -0.4366 0.7986 -0.4143
vn -0.4365 0.7990 -0.4136
vn -0.4153 0.7936 0.4446
vn -0.5676 0.8128 -0.1311
vn 0.1414 0.8001 -0.5830
vn 0.1413 0.8001 -0.5830
vn 0.1411 0.8003 -0.5828
vn 0.1336 -0.8066 -0.5757
vn 0.1336 -0.8066 -0.5758
vn 0.1350 -0.8077 -0.5739
vn -0.5784 -0.7985 0.1672
vn -0.5796 -0.7971 0.1691
vn -0.5782 -0.7986 0.1670
vn 0.1394 -0.7936 -0.5922
vn 0.1383 -0.7920 -0.5946
vn -0.1346 0.8092 0.5718
vn -0.1622 0.8148 -0.5565
vn -0.1618 0.8144 -0.5573
vn 0.5805 -0.7951 -0.1758
vn 0.5794 -0.7962 -0.1741
vn 0.5807 -0.7949 -0.1760
vn 0.1673 -0.8151 0.5547
vn 0.1671 -0.8150 0.5548
vn 0.1674 -0.8152 0.5544
vn 0.5887 0.7953 0.1444
vn 0.5894 0.7949 0.1440
vn 0.4364 -0.7992 0.4134
vn 0.4365 -0.7988 0.4140
vn 0.4366 -0.7983 0.4148
vn 0.4157 0.7995 -0.4336
vn 0.4165 0.7990 -0.4337
vn 0.5609 0.8119 -0.1619
vn 0.5608 0.8121 -0.1616
vn -0.1673 -0.8086 -0.5640
vn 0.5607 -0.8101 -0.1713
vn -0.5608 0.8101 0.1713
vn 0.2261 0.7575 0.6124
vn 0.0126 0.7736 0.6336
vn 0.2553 0.7751 -0.5780
vn 0.0327 0.7961 -0.6043
vn -0.7777 -0.1736 0.6041
vn -0.8142 -0.0980 0.5722
vn -0.7362 -0.1243 0.6653
vn -0.7490 -0.1493 -0.6456
vn -0.7853 -0.0804 -0.6139
vn -0.6948 -0.2359 0.6794
vn -0.7075 -0.1964 0.6789
vn -0.7075 -0.1965 0.6788
vn -0.7066 -0.1023 -0.7002
vn -0.6891 0.2171 0.6914
vn -0.6843 0.2220 0.6946
vn -0.6898 0.2164 0.6909
vn 0.5254 0.4509 0.7216
vn 0.6309 0.4369 -0.6412
vn 0.6251 0.4423 -0.6431
vn 0.6320 0.4358 -0.6408
vn 0.1003 0.7386 0.6666
vn 0.6648 -0.2555 0.7019
vn 0.6595 -0.2617 0.7046
vn 0.6652 -0.2550 0.7017
vn -0.6778 -0.1730 -0.7146
vn -0.6620 -0.2170 -0.7173
vn -0.6793 -0.1934 -0.7079
vn -0.6526 0.2439 -0.7174
vn -0.6588 0.2377 -0.7138
vn -0.6592 0.2373 -0.7136
vn -0.7230 0.1116 0.6818
vn 0.4961 -0.6409 0.5857
vn 0.3466 -0.7027 0.6214
vn 0.1192 -0.8708 0.4769
vn 0.5211 -0.6210 -0.5855
vn 0.3691 -0.6827 -0.6307
vn 0.1385 -0.8529 -0.5033
vn 0.6688 0.1681 0.7242
vn 0.6734 0.1621 0.7213
vn 0.6736 0.1618 0.7211
vn 0.5306 0.5538 0.6417
vn 0.7059 0.1838 -0.6841
vn 0.6977 0.1948 -0.6894
vn 0.5573 0.5769 -0.5971
vn 0.5559 0.4752 -0.6820
vn -0.6954 0.0914 -0.7128
vn -0.6852 0.1078 -0.7203
vn 0.1305 0.7578 -0.6393
vn -0.7205 -0.0612 0.6908
vn -0.7233 -0.0560 0.6883
vn 0.6877 -0.2432 -0.6840
vn 0.6974 -0.2318 -0.6781
vn -0.6927 0.1286 -0.7096
vn 0.5993 0.4183 0.6826
vn 0.5964 0.4209 0.6834
vn 0.5958 0.4216 0.6836
vn -0.7274 0.0651 0.6832
vn -0.7160 0.0837 0.6931
vn -0.6909 -0.0355 -0.7221
vn -0.6898 -0.0373 -0.7230
vn -0.6911 -0.0351 -0.7219
vn -0.2261 0.7575 0.6124
vn -0.0126 0.7736 0.6336
vn -0.2553 0.7751 -0.5780
vn -0.0327 0.7961 -0.6043
vn 0.7777 -0.1735 0.6042
vn 0.8142 -0.0980 0.5722
vn 0.7362 -0.1243 0.6653
vn 0.7853 -0.0804 -0.6139
vn 0.7489 -0.1494 -0.6456
vn 0.7075 -0.1965 0.6788
vn 0.6948 -0.2359 0.6794
vn 0.7066 -0.1023 -0.7002
vn 0.6891 0.2170 0.6914
vn 0.6843 0.2220 0.6946
vn 0.6830 0.2233 0.6955
vn -0.5254 0.4509 0.7215
vn -0.6309 0.4369 -0.6412
vn -0.6251 0.4424 -0.6431
vn -0.6243 0.4432 -0.6433
vn -0.1003 0.7386 0.6666
vn -0.6648 -0.2556 0.7019
vn -0.6593 -0.2620 0.7048
vn -0.6587 -0.2627 0.7051
vn 0.6793 -0.1934 -0.7079
vn 0.6621 -0.2171 -0.7173
vn 0.6778 -0.1730 -0.7146
vn 0.6525 0.2440 -0.7174
vn 0.6584 0.2381 -0.7140
vn 0.6511 0.2454 -0.7182
vn 0.7230 0.1116 0.6818
vn -0.4961 -0.6409 0.5857
vn -0.3466 -0.7027 0.6214
vn -0.1192 -0.8709 0.4769
vn -0.5211 -0.6210 -0.5855
vn -0.3691 -0.6827 -0.6307
vn -0.1385 -0.8529 -0.5033
vn -0.6685 0.1684 0.7244
vn -0.6733 0.1622 0.7213
vn -0.6682 0.1689 0.7246
vn -0.5306 0.5538 0.6417
vn -0.6977 0.1948 -0.6894
vn -0.7059 0.1838 -0.6841
vn -0.5573 0.5769 -0.5971
vn -0.5559 0.4752 -0.6820
vn 0.6852 0.1077 -0.7203
vn 0.6954 0.0914 -0.7128
vn -0.1305 0.7578 -0.6393
vn 0.7201 -0.0618 0.6911
vn 0.7228 -0.0569 0.6887
vn -0.6974 -0.2318 -0.6782
vn -0.6877 -0.2433 -0.6840
vn 0.6927 0.1286 -0.7096
vn -0.5993 0.4183 0.6826
vn -0.5964 0.4209 0.6835
vn -0.6000 0.4176 0.6823
vn 0.7160 0.0837 0.6931
vn 0.7274 0.0650 0.6831
vn 0.6908 -0.0357 -0.7222
vn 0.6901 -0.0369 -0.7228
vn 0.6896 -0.0377 -0.7232
vn 0.2425 -0.6583 -0.7126
vn -0.6467 0.2944 0.7036
vn -0.6361 0.3520 0.6866
vn 0.2474 -0.6957 0.6744
vn 0.7032 -0.1790 -0.6881
vn 0.7020 -0.2024 -0.6828
vn 0.3493 -0.6185 -0.7039
vn 0.3582 -0.5908 -0.7230
vn 0.7937 0.0214 0.6080
vn 0.7936 0.0218 0.6081
vn -0.7502 0.2447 -0.6143
vn -0.4122 0.6216 -0.6661
vn -0.4052 0.6419 -0.6510
vn -0.5374 0.4385 0.7204
vn -0.5470 0.4264 0.7204
vn 0.8211 0.2248 -0.5247
vn 0.3636 -0.6283 0.6878
vn 0.3539 -0.6571 0.6656
vn 0.7069 -0.2146 0.6739
vn 0.7057 -0.2383 0.6672
vn 0.8236 0.1953 0.5325
vn -0.3982 0.6080 0.6869
vn -0.4069 0.5809 0.7050
vn -0.7467 0.2114 0.6307
vn 0.5567 -0.4134 -0.7205
vn 0.5567 -0.4134 -0.7206
vn 0.5568 -0.4128 -0.7209
vn -0.6402 0.3879 -0.6631
vn -0.6504 0.3337 -0.6824
vn 0.5608 -0.4503 0.6948
vn 0.5601 -0.4552 0.6921
vn 0.5602 -0.4556 0.6918
vn -0.5559 0.4642 -0.6896
vn -0.5430 0.4759 -0.6919
vn -0.5430 0.4762 -0.6917
vn 0.7896 0.0503 -0.6116
vn -0.2425 -0.6583 -0.7126
vn 0.6362 0.3519 0.6866
vn 0.6468 0.2944 0.7036
vn -0.2474 -0.6957 0.6744
vn -0.7020 -0.2025 -0.6828
vn -0.7032 -0.1790 -0.6881
vn -0.3581 -0.5909 -0.7229
vn -0.3493 -0.6185 -0.7038
vn -0.7937 0.0210 0.6079
vn -0.7936 0.0214 0.6080
vn -0.7938 0.0205 0.6078
vn 0.7502 0.2447 -0.6143
vn 0.4052 0.6418 -0.6510
vn 0.4122 0.6215 -0.6662
vn 0.5457 0.4272 0.7210
vn 0.5373 0.4386 0.7204
vn -0.8211 0.2248 -0.5247
vn -0.3539 -0.6570 0.6656
vn -0.3636 -0.6283 0.6878
vn -0.7057 -0.2383 0.6672
vn -0.7069 -0.2146 0.6739
vn -0.8236 0.1953 0.5325
vn 0.4069 0.5808 0.7050
vn 0.3981 0.6080 0.6869
vn 0.7467 0.2114 0.6307
vn -0.5566 -0.4137 -0.7204
vn -0.5566 -0.4139 -0.7203
vn -0.5565 -0.4145 -0.7200
vn 0.6504 0.3338 -0.6823
vn 0.6402 0.3880 -0.6631
vn -0.5608 -0.4502 0.6948
vn -0.5602 -0.4555 0.6919
vn 0.5429 0.4761 -0.6918
vn 0.5559 0.4642 -0.6896
vn -0.7895 0.0506 -0.6116
vn -0.4167 -0.8166 -0.3993
vn 0.4493 -0.7902 0.4167
vn 0.5548 0.8208 0.1359
vn -0.5483 -0.8212 0.1578
vn -0.5490 -0.8202 0.1612
vn 0.3939 0.8229 -0.4096
vn 0.3989 0.8212 -0.4080
vn 0.4001 0.8208 -0.4076
vn 0.1334 -0.8170 -0.5609
vn 0.1291 -0.8184 -0.5599
vn 0.1336 -0.8170 -0.5610
vn 0.3915 -0.8160 -0.4252
vn 0.3932 -0.8177 -0.4205
vn 0.5992 -0.7876 0.1437
vn 0.5990 -0.7879 0.1432
vn 0.5917 -0.7855 -0.1813
vn 0.6032 0.7845 0.1439
vn 0.1472 0.7924 -0.5920
vn -0.1776 0.7888 -0.5885
vn -0.1777 0.7888 -0.5884
vn -0.1793 0.7903 -0.5858
vn -0.5584 -0.8184 -0.1359
vn -0.3959 0.8174 0.4185
vn -0.1384 -0.8231 0.5508
vn -0.1322 -0.8251 0.5493
vn -0.1400 -0.8226 0.5512
vn -0.5556 0.8208 -0.1324
vn -0.5546 0.8222 -0.1281
vn -0.4229 0.7826 0.4568
vn -0.1453 0.7845 0.6029
vn -0.1447 0.7839 0.6037
vn -0.5497 0.8186 0.1664
vn 0.1617 -0.8238 0.5433
vn 0.1642 -0.8230 0.5437
vn -0.5936 0.7851 0.1770
vn -0.5927 0.7856 0.1776
vn -0.5936 0.7850 0.1770
vn -0.4182 0.8213 -0.3880
vn -0.4161 0.8220 -0.3888
vn -0.3920 -0.8241 0.4089
vn -0.3905 -0.8228 0.4130
vn 0.4123 -0.8233 0.3902
vn -0.6012 0.7870 -0.1382
vn 0.5575 -0.8182 0.1408
vn 0.1340 0.8219 -0.5537
vn 0.1282 0.8237 -0.5524
vn 0.4150 0.8171 0.4000
vn 0.1395 -0.7816 -0.6080
vn -0.1234 0.8158 0.5650
vn -0.1295 0.8184 0.5599
vn -0.1597 -0.8188 -0.5514
vn 0.1794 0.7860 0.5917
vn -0.1437 -0.7915 0.5941
vn 0.1718 -0.7881 0.5911
vn 0.1717 -0.7879 0.5913
vn -0.4240 -0.7908 0.4414
vn -0.4253 -0.7902 0.4414
vn -0.4259 -0.7899 0.4413
vn 0.5915 0.7883 -0.1694
vn 0.5909 0.7887 -0.1698
vn -0.5875 -0.6405 -0.4947
vn -0.6332 -0.5877 -0.5036
vn -0.5994 -0.6173 -0.5095
vn 0.4800 -0.5215 0.7054
vn 0.5467 -0.5074 0.6661
vn 0.6333 -0.5878 -0.5035
vn 0.5880 -0.6401 -0.4945
vn 0.5961 -0.6174 -0.5133
vn 0.4447 -0.1258 -0.8868
vn -0.9280 -0.0257 0.3717
vn 0.3540 0.2629 0.8975
vn 0.3853 0.3171 0.8666
vn 0.3853 0.3172 0.8666
vn 0.3053 0.3218 0.8962
vn 0.3052 0.3219 0.8962
vn 0.4454 -0.3636 0.8182
vn 0.4901 -0.3479 0.7993
vn 0.3798 0.3188 0.8684
vn 0.3068 0.3469 0.8863
vn -0.9490 0.3153 -0.0000
vn 0.3798 0.3188 -0.8684
vn 0.4902 -0.3478 -0.7992
vn 0.4455 -0.3636 -0.8181
vn 0.4446 -0.1258 0.8868
vn 0.3852 0.3171 -0.8666
vn 0.3540 0.2629 -0.8975
vn 0.3053 0.3219 -0.8962
vn 0.3852 0.3172 -0.8666
vn 0.5468 -0.5074 -0.6660
vn 0.4801 -0.5215 -0.7054
vn -0.0188 0.0024 0.9998
vn -0.0188 0.0023 0.9998
vn -0.0187 0.0024 0.9998
vn 0.0384 0.0494 0.9980
vn -0.0189 0.0023 0.9998
vn -0.0189 0.0018 0.9998
vn -0.0186 0.0023 0.9998
vn -0.0187 0.0023 0.9998
vn -0.0184 0.0023 0.9998
vn -0.0193 0.0031 0.9998
vn 0.0353 -0.0263 0.9990
vn -0.0195 0.0037 0.9998
vn -0.0196 0.0036 0.9998
vn -0.0460 0.0249 0.9986
vn 0.0351 -0.0264 0.9990
vn 0.0352 -0.0263 0.9990
vn -0.9280 -0.0257 -0.3717
vn -0.0735 0.0307 -0.9968
vn 0.0112 -0.0136 -0.9998
vn 0.0114 -0.0135 -0.9998
vn -0.0189 0.0017 -0.9998
vn -0.0185 0.0009 -0.9998
vn -0.0186 0.0008 -0.9998
vn -0.0189 0.0013 -0.9998
vn -0.0198 0.0023 -0.9998
vn -0.0199 0.0023 -0.9998
vn -0.0196 0.0025 -0.9998
vn -0.0762 -0.0457 -0.9960
vn -0.0198 0.0024 -0.9998
vn -0.0759 -0.0456 -0.9961
vn -0.0760 -0.0457 -0.9961
vn 0.0112 -0.0138 -0.9998
vn -0.0187 0.0006 -0.9998
vn -0.0194 0.0018 -0.9998
vn -0.5468 -0.5074 0.6660
vn -0.4801 -0.5215 0.7054
vn 0.5876 -0.6406 0.4944
vn 0.5880 -0.6401 0.4944
vn 0.6333 -0.5878 0.5034
vn -0.4446 -0.1258 -0.8868
vn -0.6333 -0.5878 0.5034
vn -0.5880 -0.6402 0.4944
vn -0.5961 -0.6174 0.5133
vn -0.3053 0.3219 0.8962
vn -0.3852 0.3172 0.8666
vn -0.4902 -0.3478 0.7992
vn -0.4455 -0.3636 0.8181
vn -0.3797 0.3189 -0.8684
vn -0.3067 0.3469 0.8863
vn -0.4454 -0.3636 -0.8182
vn -0.4901 -0.3479 -0.7993
vn -0.4447 -0.1258 0.8868
vn 0.9273 -0.0597 -0.3695
vn -0.3540 0.2629 -0.8976
vn -0.3853 0.3172 -0.8666
vn -0.3852 0.3171 -0.8666
vn -0.3053 0.3218 -0.8962
vn -0.4800 -0.5215 -0.7054
vn -0.5467 -0.5074 -0.6661
vn -0.0355 -0.0264 0.9990
vn 0.0494 0.0178 0.9986
vn 0.0193 0.0028 0.9998
vn 0.0196 0.0036 0.9998
vn 0.0195 0.0037 0.9998
vn 0.0193 0.0031 0.9998
vn 0.0184 0.0023 0.9998
vn 0.0186 0.0023 0.9998
vn 0.0189 0.0019 0.9998
vn -0.0379 0.0502 0.9980
vn 0.0187 0.0024 0.9998
vn 0.0492 0.0181 0.9986
vn 0.0194 0.0039 0.9998
vn 0.0187 0.0025 0.9998
vn 0.0188 0.0024 0.9998
vn 0.0491 0.0179 0.9986
vn 0.9273 -0.0599 0.3695
vn 0.9291 -0.0252 0.3689
vn 0.0763 -0.0450 -0.9961
vn 0.0732 0.0305 -0.9968
vn 0.0192 0.0020 -0.9998
vn 0.0195 0.0020 -0.9998
vn 0.0196 0.0025 -0.9998
vn 0.0200 0.0023 -0.9998
vn 0.0198 0.0023 -0.9998
vn 0.0189 0.0014 -0.9998
vn 0.0186 0.0008 -0.9998
vn 0.0185 0.0008 -0.9998
vn -0.0113 -0.0143 -0.9998
vn 0.0731 0.0307 -0.9969
vn 0.0732 0.0306 -0.9968
vn 0.0198 0.0024 -0.9998
vn 0.5676 -0.8128 0.1311
vn 0.5678 -0.8125 0.1316
vn 0.1742 0.7925 0.5845
vn 0.1737 0.7928 0.5841
vn 0.1751 0.7918 0.5851
vn -0.4240 0.8119 -0.4012
vn -0.4242 0.8136 -0.3976
vn -0.4240 0.8119 -0.4014
vn -0.4022 -0.8128 0.4213
vn -0.4276 -0.8093 -0.4028
vn -0.4023 0.8086 0.4294
vn -0.4024 0.8089 0.4286
vn 0.1327 0.8152 -0.5637
vn 0.1375 0.8128 -0.5661
vn -0.1415 -0.7999 0.5832
vn 0.4266 0.8097 0.4029
vn 0.4270 0.8096 0.4029
vn 0.4274 0.8094 0.4028
vn -0.5669 -0.8117 -0.1410
vn 0.4239 -0.8118 0.4016
vn -0.1715 0.7995 -0.5757
vn -0.1722 0.8004 -0.5742
vn 0.4045 -0.8090 -0.4265
vn 0.1718 -0.7998 0.5751
vn 0.1722 -0.8004 0.5741
vn 0.1716 -0.7996 0.5754
vn -0.4413 -0.7932 -0.4195
vn -0.5876 0.7977 -0.1357
vn -0.5874 0.7979 -0.1353
vn -0.1380 0.7918 0.5950
vn -0.1393 0.7935 0.5924
vn 0.1653 0.8097 0.5631
vn 0.1673 0.8087 0.5639
vn 0.1652 0.8097 0.5631
vn 0.4168 -0.7937 -0.4431
vn -0.1748 -0.7921 -0.5849
vn -0.1737 -0.7928 -0.5841
vn -0.1413 -0.8116 0.5669
vn -0.5623 -0.8109 0.1621
vn 0.5883 -0.7971 0.1363
vn -0.5895 -0.7948 -0.1440
vn -0.5876 -0.7960 -0.1449
vn -0.4160 -0.7992 0.4339
vn 0.5667 0.8117 0.1414
vn 0.5790 0.7978 -0.1681
vn 0.4412 0.7933 0.4195
vn 0.4407 0.7936 0.4195
vn -0.5811 0.7949 0.1746
vn -0.5799 0.7957 0.1751
vn 0.4032 0.8120 -0.4220
vn 0.4032 0.8122 -0.4216
vn -0.4366 0.7983 -0.4148
vn -0.4153 0.7940 0.4440
vn -0.4153 0.7938 0.4443
vn -0.5677 0.8127 -0.1314
vn -0.5698 0.8106 -0.1354
vn -0.5678 0.8126 -0.1314
vn 0.1415 0.7999 -0.5831
vn 0.1337 -0.8067 -0.5757
vn 0.1334 -0.8065 -0.5760
vn -0.5785 -0.7983 0.1675
vn -0.5798 -0.7969 0.1694
vn 0.1392 -0.7932 -0.5928
vn 0.1381 -0.7918 -0.5949
vn -0.1345 0.8092 0.5720
vn -0.1344 0.8091 0.5721
vn -0.1626 0.8151 -0.5561
vn 0.5804 -0.7951 -0.1756
vn 0.5792 -0.7964 -0.1739
vn 0.1672 -0.8150 0.5548
vn 0.1637 -0.8121 0.5600
vn 0.5885 0.7955 0.1445
vn 0.5881 0.7958 0.1447
vn 0.5889 0.7952 0.1443
vn 0.4364 -0.7994 0.4130
vn 0.4364 -0.7992 0.4133
vn 0.4365 -0.7989 0.4138
vn 0.4161 0.7992 -0.4337
vn 0.5623 0.8103 -0.1651
vn -0.1683 -0.8081 -0.5644
vn 0.5605 -0.8102 -0.1715
vn -0.5605 0.8102 0.1715
vn -0.7489 -0.1494 -0.6456
vn -0.7852 -0.0804 -0.6139
vn -0.7075 -0.1965 0.6789
vn -0.7087 -0.2162 0.6716
vn -0.6830 0.2233 0.6955
vn -0.6842 0.2220 0.6946
vn 0.6243 0.4432 -0.6433
vn 0.6251 0.4424 -0.6431
vn 0.6648 -0.2555 0.7020
vn 0.6587 -0.2627 0.7051
vn 0.6595 -0.2618 0.7047
vn -0.6780 -0.1731 -0.7144
vn -0.6623 -0.2171 -0.7171
vn -0.6623 -0.2172 -0.7171
vn -0.6524 0.2441 -0.7175
vn -0.6511 0.2454 -0.7182
vn -0.6585 0.2380 -0.7140
vn 0.6682 0.1689 0.7246
vn 0.6733 0.1622 0.7213
vn -0.7201 -0.0618 0.6911
vn -0.7228 -0.0568 0.6887
vn 0.6877 -0.2433 -0.6840
vn 0.6974 -0.2318 -0.6782
vn 0.5994 0.4182 0.6825
vn 0.6000 0.4176 0.6823
vn 0.5964 0.4210 0.6834
vn -0.7274 0.0650 0.6831
vn -0.6900 -0.0371 -0.7229
vn -0.6900 -0.0370 -0.7229
vn 0.7490 -0.1493 -0.6455
vn 0.6948 -0.2360 0.6794
vn 0.7087 -0.2162 0.6716
vn 0.7075 -0.1964 0.6789
vn 0.6949 -0.2359 0.6794
vn 0.6895 0.2167 0.6911
vn 0.6898 0.2164 0.6909
vn -0.6320 0.4358 -0.6408
vn -0.6647 -0.2557 0.7020
vn -0.6652 -0.2550 0.7017
vn -0.6595 -0.2618 0.7046
vn 0.6793 -0.1934 -0.7080
vn 0.6621 -0.2170 -0.7173
vn 0.6620 -0.2170 -0.7174
vn 0.6526 0.2439 -0.7174
vn 0.6592 0.2373 -0.7136
vn 0.6585 0.2379 -0.7139
vn -0.6687 0.1681 0.7243
vn -0.6736 0.1618 0.7211
vn -0.6734 0.1621 0.7213
vn 0.6852 0.1078 -0.7203
vn 0.6954 0.0915 -0.7128
vn 0.7205 -0.0612 0.6908
vn 0.7233 -0.0560 0.6883
vn 0.7230 -0.0566 0.6885
vn -0.6974 -0.2318 -0.6781
vn -0.6877 -0.2432 -0.6840
vn -0.5992 0.4184 0.6826
vn -0.5958 0.4216 0.6836
vn 0.6911 -0.0351 -0.7219
vn 0.6899 -0.0371 -0.7229
vn -0.6468 0.2944 0.7036
vn -0.6362 0.3520 0.6866
vn 0.3493 -0.6185 -0.7038
vn 0.3581 -0.5909 -0.7229
vn 0.7938 0.0205 0.6078
vn -0.4122 0.6216 -0.6662
vn -0.5382 0.4315 0.7240
vn -0.5374 0.4384 0.7204
vn -0.5373 0.4386 0.7204
vn -0.5469 0.4264 0.7204
vn 0.3539 -0.6570 0.6656
vn -0.3981 0.6080 0.6869
vn 0.5566 -0.4137 -0.7204
vn 0.5565 -0.4148 -0.7199
vn -0.6402 0.3880 -0.6631
vn -0.6504 0.3337 -0.6823
vn 0.5608 -0.4505 0.6947
vn 0.5608 -0.4502 0.6948
vn 0.5602 -0.4555 0.6919
vn -0.5430 0.4762 -0.6916
vn -0.5429 0.4761 -0.6918
vn 0.7895 0.0506 -0.6117
vn 0.6362 0.3520 0.6866
vn 0.6467 0.2944 0.7036
vn -0.7020 -0.2024 -0.6828
vn -0.3582 -0.5908 -0.7230
vn -0.3493 -0.6185 -0.7039
vn -0.7938 0.0207 0.6078
vn -0.7936 0.0218 0.6081
vn -0.7937 0.0212 0.6079
vn 0.4052 0.6420 -0.6509
vn 0.4122 0.6216 -0.6661
vn 0.5382 0.4315 0.7240
vn 0.5456 0.4272 0.7210
vn 0.5469 0.4264 0.7204
vn -0.3539 -0.6571 0.6656
vn -0.7070 -0.2146 0.6739
vn 0.3982 0.6079 0.6869
vn -0.5567 -0.4136 -0.7205
vn -0.5568 -0.4128 -0.7209
vn 0.6504 0.3337 -0.6824
vn 0.6402 0.3879 -0.6631
vn -0.5608 -0.4504 0.6947
vn -0.5602 -0.4556 0.6918
vn 0.5435 0.4715 -0.6944
vn 0.5430 0.4762 -0.6917
vn 0.5559 0.4641 -0.6896
vn -0.7896 0.0503 -0.6116
vn -0.4160 -0.8169 -0.3996
vn -0.4176 -0.8163 -0.3990
vn 0.4493 -0.7904 0.4165
vn 0.5552 0.8206 0.1354
vn 0.5615 0.8175 0.1278
vn 0.1656 0.8156 0.5544
vn -0.5484 -0.8212 0.1580
vn -0.5489 -0.8202 0.1609
vn 0.3988 0.8213 -0.4081
vn 0.1334 -0.8171 -0.5609
vn 0.1292 -0.8184 -0.5599
vn 0.3932 -0.8176 -0.4206
vn 0.5460 0.8222 -0.1608
vn 0.4249 -0.7837 -0.4530
vn -0.5904 -0.7884 0.1728
vn 0.5998 -0.7869 0.1448
vn 0.6032 0.7845 0.1440
vn -0.1774 0.7885 -0.5889
vn -0.1778 0.7890 -0.5881
vn -0.6021 -0.7848 -0.1470
vn -0.5585 -0.8183 -0.1357
vn -0.5574 -0.8188 -0.1371
vn -0.4527 -0.7828 -0.4269
vn -0.3969 0.8171 0.4181
vn -0.1383 -0.8232 0.5507
vn -0.1320 -0.8252 0.5493
vn 0.4422 0.7874 0.4295
vn -0.5557 0.8206 -0.1330
vn -0.1456 0.7848 0.6024
vn -0.1449 0.7841 0.6034
vn -0.5498 0.8186 0.1663
vn -0.5466 0.8200 0.1697
vn 0.1609 -0.8241 0.5431
vn 0.1641 -0.8231 0.5437
vn -0.5934 0.7851 0.1771
vn -0.5921 0.7860 0.1780
vn -0.4179 0.8214 -0.3881
vn 0.4125 -0.8235 0.3894
vn 0.4137 -0.8247 0.3856
vn -0.1709 -0.7865 -0.5935
vn -0.1705 -0.7867 -0.5933
vn 0.4157 0.8169 0.3998
vn 0.1434 -0.7852 -0.6025
vn -0.1297 0.8184 0.5598
vn -0.1575 -0.8195 -0.5510
vn -0.1677 -0.8163 -0.5528
vn -0.1443 -0.7920 0.5932
vn 0.1716 -0.7878 0.5915
vn -0.4238 -0.7909 0.4414
vn -0.5875 -0.6405 -0.4945
vn -0.5880 -0.6401 -0.4945
vn -0.6333 -0.5878 -0.5034
vt 10.023600 -58.926601
vt 10.006400 -58.924000
vt 10.013600 -58.936501
vt 10.020000 -58.947601
vt 10.034600 -58.932999
vt 10.000000 -58.900200
vt 10.013600 -58.889400
vt 10.000000 -58.885799
vt 10.011100 -58.906601
vt 10.027200 -58.912998
vt 10.023600 -58.899399
vt 9.993600 -58.924000
vt 10.000000 -58.940201
vt 10.000000 -58.925800
vt 9.993600 -58.901901
vt 9.976450 -58.899399
vt 9.988920 -58.906601
vt 9.986400 -58.936501
vt 9.965350 -58.932999
vt 9.980000 -58.947601
vt 9.728070 -59.000000
vt 9.714510 -59.020000
vt 9.728070 -59.013599
vt 9.700940 -59.013599
vt 9.714510 -59.000000
vt 9.700940 -59.000000
vt 10.299100 -59.013599
vt 10.285500 -59.000000
vt 10.285500 -59.020000
vt 9.986400 -58.889400
vt 10.271900 -59.000000
vt 10.271900 -59.013599
vt 9.972810 -58.912998
vt 9.988920 -58.919399
vt 9.987210 -58.912998
vt 10.285500 -58.912998
vt 10.271900 -58.926601
vt 10.285500 -58.932999
vt 10.285500 -58.893002
vt 10.271900 -58.912998
vt 9.714510 -58.980000
vt 9.700940 -58.986401
vt 10.299100 -59.000000
vt 10.285500 -58.980000
vt 9.965350 -58.893002
vt 10.034600 -58.893002
vt 10.020000 -58.878300
vt 9.714510 -58.893002
vt 9.728070 -58.912998
vt 9.728070 -58.899399
vt 9.714510 -58.912998
vt 9.728070 -58.926601
vt 9.976450 -58.926601
vt 10.299100 -58.899399
vt 10.299100 -58.912998
vt 10.299100 -58.926601
vt 10.012800 -58.912998
vt 10.011100 -58.919399
vt 10.006400 -58.901901
vt 9.700940 -58.912998
vt 9.714510 -58.932999
vt 9.980000 -58.878300
vt 0.000000 0.000000
vt 10.271900 -58.899399
vt 10.299100 -58.986401
vt 9.728070 -58.986401
vt 9.700940 -58.899399
vt 9.700940 -58.926601
vt 10.271900 -58.986401
vt 1.000000 1.000000
vt 0.000000 1.000000
vt 1.000000 0.000000
vt 0.497368 0.000000
vt 0.270816 0.000000
vt 0.748684 1.000000
vt 0.497368 1.000000
vt 0.634894 1.000000
vt 0.772419 1.000000
vt 0.521618 1.000000
vt 9.985510 -58.887901
vt 10.000000 -58.868599
vt 9.977810 -58.874500
vt 9.770300 -58.912998
vt 9.785300 -58.935101
vt 9.785300 -58.912998
vt 9.974900 -58.927502
vt 9.977810 -58.951401
vt 9.985510 -58.938099
vt 9.961570 -58.935101
vt 10.038400 -58.935101
vt 10.014500 -58.938099
vt 10.022200 -58.951401
vt 10.025100 -58.927502
vt 9.974900 -58.898499
vt 9.955630 -58.912998
vt 9.971020 -58.912998
vt 9.755300 -58.890800
vt 9.770300 -58.883499
vt 10.014500 -58.887901
vt 10.038400 -58.890800
vt 10.022200 -58.874500
vt 10.000000 -58.957298
vt 10.000000 -58.941898
vt 9.961570 -58.890800
vt 10.229700 -58.883499
vt 10.214700 -58.912998
vt 10.229700 -58.912998
vt 10.025100 -58.898499
vt 9.755300 -58.912998
vt 9.770300 -58.942501
vt 9.948890 -58.883499
vt 9.770300 -59.000000
vt 9.785300 -58.977798
vt 9.770300 -58.970501
vt 9.785300 -58.890800
vt 10.044400 -58.912998
vt 10.029000 -58.912998
vt 9.970490 -58.964100
vt 10.244700 -58.890800
vt 10.244700 -58.912998
vt 10.229700 -59.029499
vt 10.244700 -59.000000
vt 10.229700 -59.000000
vt 9.755300 -59.000000
vt 9.755300 -58.977798
vt 10.029500 -58.861900
vt 10.051100 -58.883499
vt 10.000000 -58.883999
vt 10.214700 -58.977798
vt 10.214700 -59.000000
vt 9.948890 -58.942501
vt 9.785300 -59.000000
vt 9.770300 -59.029499
vt 9.785300 -59.022202
vt 9.970490 -58.861900
vt 10.214700 -58.935101
vt 10.229700 -58.942501
vt 9.755300 -59.022202
vt 10.244700 -58.935101
vt 10.244700 -58.977798
vt 10.229700 -58.970501
vt 10.214700 -59.022202
vt 10.029500 -58.964100
vt 10.051100 -58.942501
vt 9.978900 -59.029400
vt 9.996070 -59.046501
vt 9.996070 -59.026901
vt 9.991170 -59.022301
vt 9.996070 -59.019600
vt 10.013200 -59.029400
vt 10.001000 -59.022301
vt 9.922010 -58.996101
vt 9.929840 -58.996101
vt 9.927700 -58.991199
vt 9.947240 -58.996101
vt 9.944940 -58.978901
vt 9.927700 -59.000999
vt 9.980530 -58.996101
vt 9.967690 -58.972000
vt 9.944940 -59.013199
vt 9.978730 -58.988201
vt 9.953660 -58.989201
vt 9.961690 -59.008598
vt 10.055100 -59.029400
vt 10.027000 -59.055099
vt 10.056800 -59.046501
vt 10.027000 -58.996101
vt 10.011300 -59.023399
vt 10.032300 -59.020199
vt 10.072300 -59.022301
vt 10.074400 -59.026901
vt 9.983400 -59.026001
vt 9.947360 -59.030998
vt 9.971030 -59.053902
vt 9.988730 -59.023399
vt 10.046300 -58.989201
vt 10.021300 -58.988201
vt 10.038300 -59.008598
vt 9.967480 -58.977402
vt 9.949880 -58.965500
vt 10.030800 -59.008598
vt 10.003900 -59.001099
vt 10.003900 -59.030998
vt 10.022000 -58.989201
vt 10.003900 -58.965500
vt 9.977050 -59.008598
vt 9.985810 -58.989201
vt 10.002800 -59.059700
vt 10.055100 -58.978901
vt 10.032300 -58.972000
vt 9.997170 -59.059700
vt 10.016600 -59.026001
vt 9.988730 -59.033401
vt 10.055100 -59.013199
vt 9.972980 -59.055099
vt 9.944940 -59.029400
vt 9.943210 -59.046501
vt 10.003400 -58.998798
vt 9.925560 -59.026901
vt 9.927700 -59.022301
vt 9.996620 -58.998798
vt 10.011300 -59.033401
vt 10.019500 -59.007500
vt 10.052600 -59.030998
vt 10.029000 -59.053902
vt 10.032500 -58.977402
vt 10.050100 -58.965500
vt 10.011300 -58.968700
vt 10.002800 -58.996101
vt 9.980530 -59.007500
vt 9.988730 -58.968700
vt 9.967690 -59.020199
vt 10.098900 -59.001499
vt 10.061700 -58.984299
vt 10.085500 -59.017300
vt 9.895760 -59.039299
vt 9.927920 -59.033100
vt 9.914470 -59.017300
vt 9.901140 -59.001499
vt 9.938260 -58.984299
vt 9.971810 -59.070099
vt 10.000000 -59.078300
vt 10.000000 -59.053101
vt 10.127700 -59.022099
vt 10.000000 -59.099300
vt 10.023500 -59.090698
vt 10.020700 -59.017300
vt 10.000000 -58.984299
vt 10.000000 -59.033100
vt 10.138600 -59.106701
vt 10.113400 -59.103199
vt 10.141500 -59.124802
vt 9.919090 -59.056400
vt 9.875020 -59.070099
vt 9.866670 -59.090698
vt 9.986100 -59.106701
vt 10.000000 -59.124802
vt 9.872330 -59.022099
vt 10.028200 -59.070099
vt 10.013900 -59.106701
vt 9.861370 -59.106701
vt 9.886570 -59.103199
vt 9.979310 -59.017300
vt 10.147700 -59.053101
vt 10.104200 -59.039299
vt 10.125000 -59.070099
vt 10.072100 -59.033100
vt 10.080900 -59.056400
vt 9.852330 -59.053101
vt 9.976540 -59.090698
vt 10.133300 -59.090698
vt 9.858530 -59.124802
vt 10.214700 -58.890800
vt 9.755300 -58.935101
vt 10.244700 -59.022202
s 0
usemtl Material.002
f 21/1/1 2/2/2 37/3/2
f 21/1/3 22/4/4 5/5/5
f 40/6/6 26/7/7 39/8/8
f 23/9/9 24/10/10 25/11/10
f 20/12/11 46/13/12 45/14/12
f 35/15/13 30/16/14 16/17/15
f 16/9/16 4/10/17 17/11/16
f 15/7/18 16/9/19 17/11/19
f 19/18/20 14/19/20 34/20/20
f 39/21/21 31/22/21 41/23/22
f 15/24/23 33/25/24 11/26/24
f 37/27/25 38/28/26 22/29/27
f 35/15/28 39/8/28 41/30/28
f 22/29/29 43/31/30 44/32/29
f 27/33/31 3/34/32 42/35/33
f 8/36/34 13/37/35 14/38/36
f 29/39/37 24/40/38 8/36/39
f 11/26/40 28/41/41 12/42/40
f 46/43/42 34/44/42 38/28/42
f 37/3/43 45/14/43 46/13/43
f 12/30/44 29/45/44 7/16/44
f 13/1/45 20/2/46 47/3/46
f 9/33/47 18/34/48 36/35/49
f 44/18/50 5/19/51 22/20/52
f 2/12/53 43/13/54 45/14/55
f 15/7/56 32/46/57 31/47/58
f 32/48/59 27/49/60 30/50/60
f 47/3/61 45/14/62 43/13/63
f 13/1/64 34/4/65 14/5/66
f 23/17/67 9/33/68 36/35/69
f 6/51/70 1/52/70 27/49/71
f 1/53/72 2/12/73 3/34/72
f 18/34/74 19/18/75 20/12/76
f 23/17/77 12/30/78 7/16/77
f 39/21/79 28/41/80 33/25/79
f 10/15/81 11/8/82 12/30/82
f 16/17/83 27/33/84 42/35/85
f 7/54/86 8/36/87 9/55/87
f 28/47/88 25/11/89 29/46/90
f 9/55/91 14/38/91 48/56/91
f 13/1/92 36/57/93 18/58/94
f 4/10/95 3/58/96 21/1/97
f 10/59/98 25/11/98 26/7/98
f 32/48/99 4/60/99 6/51/100
f 4/60/101 5/61/102 6/51/103
f 34/44/104 43/31/105 38/28/106
f 30/16/107 31/62/108 32/45/109
f 40/6/110 15/7/110 11/8/110
f 57/63/111 54/63/111 52/63/112
f 65/63/113 63/63/113 56/63/114
f 49/63/115 50/63/116 51/63/116
f 65/63/117 51/63/117 55/63/117
f 54/63/118 58/63/118 60/63/118
f 63/63/119 52/63/120 56/63/121
f 62/63/122 58/63/122 53/63/122
f 53/63/123 57/63/123 62/63/123
f 63/63/124 62/63/124 57/63/124
f 63/63/125 55/63/125 62/63/125
f 55/63/126 51/63/126 62/63/126
f 51/63/127 50/63/127 62/63/127
f 50/63/128 61/63/128 62/63/128
f 58/63/129 62/63/129 61/63/129
f 61/63/130 60/63/130 58/63/130
f 66/63/131 54/63/131 60/63/131
f 54/63/132 66/63/132 52/63/133
f 56/63/134 52/63/135 66/63/136
f 65/63/137 56/63/138 66/63/137
f 65/63/139 66/63/139 49/63/140
f 64/63/141 49/63/142 66/63/141
f 64/63/143 66/63/143 59/63/144
f 60/63/145 59/63/146 66/63/145
f 50/63/147 59/63/148 61/63/147
f 21/1/149 3/58/150 2/2/151
f 21/1/4 37/3/152 22/4/152
f 40/6/153 10/59/154 26/7/155
f 23/9/9 36/57/9 24/10/10
f 20/12/11 19/18/11 46/13/156
f 35/15/13 41/30/157 30/16/158
f 16/9/159 42/57/160 4/10/161
f 15/7/162 35/59/163 16/9/164
f 19/18/165 48/53/166 14/19/167
f 39/21/168 33/25/169 31/22/168
f 15/24/170 31/22/170 33/25/170
f 37/27/171 46/43/172 38/28/26
f 35/15/173 40/6/174 39/8/173
f 22/29/175 38/28/176 43/31/177
f 27/33/178 1/53/179 3/34/180
f 8/36/181 24/40/182 13/37/182
f 29/39/183 25/64/183 24/40/183
f 11/26/184 33/25/185 28/41/186
f 46/43/187 19/65/187 34/44/188
f 37/3/189 2/2/190 45/14/191
f 12/30/192 28/62/192 29/45/192
f 13/1/45 18/58/193 20/2/194
f 9/33/195 48/53/196 18/34/197
f 44/18/50 1/53/198 5/19/198
f 2/12/199 44/18/199 43/13/200
f 15/7/201 17/11/201 32/46/202
f 32/48/203 6/51/204 27/49/205
f 47/3/206 20/2/207 45/14/208
f 13/1/209 47/3/210 34/4/211
f 23/17/212 7/16/213 9/33/214
f 6/51/215 5/61/216 1/52/216
f 1/53/217 44/18/218 2/12/219
f 18/34/220 48/53/220 19/18/75
f 23/17/221 10/15/222 12/30/223
f 39/21/224 26/66/225 28/41/226
f 10/15/227 40/6/227 11/8/228
f 16/17/229 30/16/230 27/33/231
f 7/54/232 29/39/233 8/36/234
f 28/47/235 26/7/235 25/11/236
f 9/55/237 8/36/238 14/38/239
f 13/1/240 24/10/241 36/57/242
f 4/10/243 42/57/244 3/58/245
f 10/59/246 23/9/247 25/11/247
f 32/48/248 17/67/249 4/60/248
f 4/60/250 21/68/251 5/61/251
f 34/44/252 47/69/253 43/31/253
f 30/16/254 41/30/255 31/62/255
f 40/6/256 35/59/256 15/7/256
f 57/63/111 53/63/111 54/63/111
f 65/63/113 55/63/113 63/63/113
f 49/63/257 64/63/116 50/63/116
f 65/63/117 49/63/258 51/63/117
f 54/63/118 53/63/118 58/63/118
f 63/63/119 57/63/119 52/63/259
f 61/63/130 59/63/260 60/63/130
f 50/63/147 64/63/147 59/63/261
f 70/63/262 107/63/263 85/63/263
f 122/70/264 161/70/265 121/70/264
f 89/63/266 112/63/267 109/63/267
f 82/63/268 83/71/268 84/63/268
f 82/63/269 70/63/269 85/63/269
f 86/72/270 68/72/270 87/72/270
f 69/73/271 90/74/271 91/74/271
f 92/75/272 93/76/272 94/76/272
f 110/70/273 95/70/274 97/70/274
f 95/70/275 79/70/275 97/70/275
f 99/71/276 77/71/276 75/71/276
f 67/72/277 68/72/278 101/73/279
f 84/63/280 70/63/280 82/63/280
f 72/63/281 103/63/282 107/63/282
f 87/72/283 104/72/283 105/72/283
f 105/72/284 106/70/284 87/72/284
f 91/74/285 102/63/286 109/63/286
f 91/74/287 108/74/287 100/73/287
f 78/70/288 79/70/288 95/70/288
f 83/71/289 82/71/289 77/71/289
f 94/76/290 81/77/290 80/78/290
f 112/63/291 91/74/292 109/63/292
f 86/72/293 106/70/293 110/70/293
f 82/63/268 85/63/268 111/71/268
f 72/63/294 88/63/295 89/63/295
f 89/63/296 102/63/297 103/63/297
f 87/72/298 67/72/299 100/73/300
f 93/71/301 114/76/301 94/76/301
f 69/73/302 91/74/302 101/73/302
f 70/63/303 71/63/304 72/63/304
f 78/70/305 74/70/305 79/70/305
f 107/63/306 68/72/306 81/79/307
f 113/70/308 92/75/308 94/76/308
f 95/70/309 96/70/310 78/70/311
f 101/73/312 91/74/312 100/73/312
f 105/72/313 96/70/313 106/70/313
f 94/76/314 114/76/314 81/77/314
f 86/72/315 87/72/315 106/70/315
f 74/70/316 97/70/316 79/70/317
f 99/71/318 92/75/319 71/63/320
f 114/71/321 99/71/321 75/71/321
f 118/63/322 155/63/323 120/63/323
f 128/78/324 122/70/325 146/70/326
f 137/63/327 160/63/328 136/63/328
f 131/71/329 130/63/329 132/63/329
f 118/63/330 130/63/330 133/63/330
f 116/72/331 134/72/331 135/72/331
f 138/74/332 117/73/332 139/74/332
f 141/76/333 140/75/333 142/76/333
f 127/70/334 143/70/334 145/70/334
f 74/70/335 80/70/336 98/70/335
f 123/71/337 124/71/337 147/71/337
f 115/72/338 117/73/339 116/72/340
f 118/63/341 132/63/341 130/63/341
f 120/63/342 151/63/343 137/63/343
f 152/72/344 135/72/344 153/72/344
f 154/70/345 153/72/345 135/72/345
f 160/63/346 139/74/347 156/74/347
f 156/74/348 139/74/348 148/73/348
f 127/70/349 126/70/349 143/70/349
f 130/71/350 124/71/350 125/71/350
f 129/77/351 142/76/351 128/78/351
f 154/70/352 134/72/352 158/70/352
f 133/63/329 130/63/329 159/71/329
f 139/74/353 150/63/354 138/74/354
f 120/63/355 136/63/356 119/63/356
f 137/63/357 150/63/358 157/63/358
f 143/70/359 144/70/360 154/70/361
f 152/72/362 149/73/363 115/72/364
f 162/76/365 141/71/365 142/76/365
f 139/74/366 117/73/366 149/73/366
f 118/63/367 119/63/368 132/63/368
f 126/70/369 122/70/369 121/70/370
f 123/71/371 129/79/372 155/63/371
f 140/75/373 161/70/373 142/76/373
f 158/70/374 143/70/375 154/70/376
f 139/74/377 149/73/377 148/73/377
f 144/70/378 153/72/378 154/70/378
f 162/76/379 142/76/379 129/77/379
f 135/72/380 134/72/380 154/70/380
f 122/70/381 145/70/381 146/70/381
f 152/72/382 121/70/383 140/75/384
f 123/71/385 141/71/385 162/71/385
f 203/80/386 196/81/387 197/82/388
f 175/83/389 176/84/390 177/85/391
f 189/86/392 190/87/393 180/88/394
f 191/88/395 165/89/396 192/87/397
f 200/90/398 180/91/399 201/92/400
f 163/93/401 198/92/402 183/90/403
f 178/94/404 177/95/404 208/96/404
f 187/97/405 175/83/405 188/98/405
f 203/99/406 194/100/407 204/101/408
f 210/102/409 180/91/409 182/103/409
f 169/94/410 197/82/411 166/104/412
f 195/105/413 202/106/414 167/107/413
f 199/101/415 178/108/416 187/100/417
f 185/109/418 186/110/419 175/83/420
f 197/82/421 195/111/422 166/104/423
f 207/112/424 204/113/424 193/114/425
f 188/98/426 177/85/427 179/115/427
f 202/116/428 169/108/428 168/117/428
f 165/89/429 205/118/429 192/87/429
f 166/119/430 167/107/431 164/120/430
f 163/86/432 164/95/432 165/89/433
f 182/103/434 192/87/434 210/102/435
f 206/121/436 210/122/436 209/123/436
f 196/124/437 193/114/437 197/125/438
f 173/126/439 187/100/439 188/127/439
f 172/128/440 204/101/441 170/81/442
f 209/123/443 198/129/444 181/130/444
f 186/131/445 190/87/446 176/89/447
f 170/132/448 173/133/449 174/134/448
f 178/94/450 174/82/450 179/104/450
f 193/126/451 194/100/452 195/127/453
f 173/135/454 179/104/454 174/82/454
f 180/88/455 181/102/455 182/103/455
f 167/107/456 183/136/457 184/137/458
f 187/100/459 208/117/460 185/116/461
f 199/138/462 207/112/463 196/124/464
f 164/120/465 184/137/466 165/139/465
f 168/117/467 183/90/467 202/116/467
f 208/96/468 176/89/468 189/86/469
f 209/123/470 192/140/471 205/141/472
f 166/104/473 168/96/474 169/94/475
f 206/121/476 181/130/477 190/142/477
f 206/143/478 200/90/479 201/92/480
f 184/144/481 198/92/482 205/143/482
f 170/81/483 171/80/484 172/128/484
f 185/116/485 189/93/485 200/90/485
f 199/101/486 172/128/486 171/99/486
f 182/103/487 198/92/487 191/91/487
f 211/145/488 212/146/488 213/147/488
f 214/148/489 213/147/489 215/149/489
f 216/150/490 213/147/490 212/146/490
f 213/147/491 217/151/491 215/149/491
f 215/152/492 218/153/492 214/154/492
f 219/155/493 214/154/493 218/153/493
f 219/155/494 211/156/494 214/154/494
f 218/153/495 217/157/496 219/155/496
f 222/158/497 233/159/498 211/156/499
f 219/155/500 217/157/500 216/160/500
f 229/161/501 230/162/502 224/163/503
f 211/164/504 228/165/504 212/166/504
f 228/167/505 221/168/506 220/169/507
f 214/170/508 211/164/508 213/171/508
f 225/172/509 226/173/510 227/174/511
f 216/160/512 221/175/513 222/158/514
f 238/176/515 229/177/516 237/178/517
f 230/162/518 234/179/518 235/180/518
f 224/181/519 236/182/519 226/183/519
f 236/182/520 224/181/520 230/184/520
f 236/182/521 230/184/521 235/185/521
f 237/186/522 226/183/522 236/182/522
f 236/182/523 238/187/523 237/186/523
f 236/182/524 235/185/524 238/187/524
f 231/188/525 225/172/526 227/174/527
f 228/167/528 211/189/528 233/190/528
f 231/191/529 239/192/530 221/193/530
f 216/194/531 228/167/531 220/169/531
f 228/195/532 216/196/532 212/197/532
f 237/178/533 223/198/534 239/192/534
f 213/199/535 216/196/535 217/200/535
f 223/201/536 232/202/537 222/203/537
f 226/204/538 239/192/539 227/205/539
f 234/206/540 238/176/540 235/207/540
f 228/167/541 232/208/542 231/209/543
f 223/201/544 224/163/545 225/172/545
f 221/193/546 223/198/547 222/210/548
f 241/146/549 240/145/549 242/147/549
f 242/147/550 243/148/550 244/149/550
f 242/147/551 245/150/551 241/146/551
f 246/151/552 242/147/552 244/149/552
f 247/153/553 244/152/553 243/154/553
f 243/154/554 248/155/554 247/153/554
f 240/156/555 248/155/555 243/154/555
f 247/153/556 246/157/557 244/152/557
f 248/155/558 262/159/559 261/211/559
f 246/157/560 248/155/560 245/160/560
f 258/161/561 259/162/562 263/179/563
f 257/165/564 240/164/564 241/166/564
f 257/167/565 250/168/566 260/209/567
f 240/164/568 243/170/568 242/171/568
f 254/172/569 255/173/570 253/163/571
f 248/155/572 250/175/573 249/212/574
f 267/176/575 258/177/576 263/206/577
f 263/179/578 259/162/578 264/180/578
f 265/182/579 253/181/579 255/183/579
f 253/181/580 265/182/580 259/184/580
f 259/184/581 265/182/581 264/185/581
f 255/183/582 266/186/582 265/182/582
f 267/187/583 265/182/583 266/186/583
f 264/185/584 265/182/584 267/187/584
f 260/188/585 254/172/586 261/202/587
f 240/189/588 257/167/588 262/190/588
f 260/191/589 268/192/590 256/205/590
f 257/167/591 245/194/591 249/169/591
f 245/196/592 257/195/592 241/197/592
f 266/178/593 252/198/594 258/177/594
f 245/196/595 242/199/595 246/200/595
f 252/201/596 261/202/597 254/172/596
f 255/204/598 268/192/599 266/178/599
f 267/176/600 263/206/600 264/207/600
f 257/167/601 261/208/602 262/190/603
f 252/201/604 253/163/605 258/161/605
f 250/193/606 252/198/607 268/192/608
f 269/213/609 270/214/609 271/215/609
f 282/216/610 273/217/611 275/218/611
f 269/219/612 275/218/612 270/220/612
f 278/221/613 285/222/614 281/223/614
f 271/215/615 283/224/616 269/213/616
f 284/225/617 280/226/617 285/222/618
f 271/227/619 270/228/619 273/229/619
f 287/230/620 276/231/621 288/232/621
f 274/233/622 286/234/623 280/235/623
f 284/225/624 287/236/624 288/237/624
f 275/218/625 283/238/626 282/216/626
f 285/222/627 286/239/628 281/223/628
f 279/240/629 284/225/629 288/237/629
f 279/241/630 276/242/631 280/235/631
f 275/243/632 273/229/632 270/228/632
f 281/244/633 272/245/634 278/246/635
f 272/245/636 273/247/637 274/248/637
f 281/249/638 282/216/639 283/238/640
f 276/231/641 278/246/642 272/245/643
f 277/250/644 284/225/644 285/222/644
f 290/214/645 289/213/645 291/215/645
f 302/216/646 293/217/647 294/233/647
f 295/218/648 289/219/648 290/220/648
f 298/221/649 305/222/650 297/250/650
f 291/215/651 303/224/652 292/245/652
f 304/225/653 300/226/654 299/240/655
f 290/228/656 291/227/656 293/229/656
f 307/230/657 296/231/658 297/251/658
f 296/242/659 306/234/660 302/216/660
f 307/236/661 304/225/661 308/237/661
f 295/218/662 303/238/663 289/219/663
f 305/222/664 306/239/665 300/226/665
f 304/225/666 299/240/666 308/237/666
f 299/241/667 296/242/668 308/252/668
f 293/229/669 295/243/669 290/228/669
f 301/244/670 292/245/671 303/224/672
f 292/245/673 293/247/674 291/215/674
f 301/249/675 302/216/676 306/234/675
f 294/248/677 298/246/678 297/251/678
f 297/250/679 304/225/679 307/236/679
f 329/1/680 310/2/2 345/3/2
f 329/1/3 330/4/681 313/5/5
f 348/6/153 334/7/155 347/8/682
f 331/9/9 332/10/10 333/11/10
f 328/12/683 354/13/684 353/14/12
f 343/15/685 338/16/686 324/17/687
f 324/9/688 312/10/689 325/11/690
f 323/7/691 324/9/692 325/11/19
f 343/15/28 347/8/28 349/30/28
f 327/18/20 322/19/20 342/20/20
f 323/24/24 341/25/24 319/26/24
f 345/27/172 346/28/693 330/29/694
f 354/43/695 342/44/695 346/28/695
f 330/29/29 351/31/696 352/32/29
f 335/33/178 311/34/180 350/35/33
f 316/36/34 321/37/34 322/38/697
f 337/39/698 332/40/699 316/36/700
f 319/26/40 336/41/40 320/42/40
f 336/47/89 333/11/89 337/46/89
f 345/3/701 353/14/43 354/13/43
f 320/30/44 337/45/44 315/16/44
f 321/1/702 328/2/46 355/3/46
f 317/33/703 326/34/704 344/35/705
f 352/18/50 313/19/51 330/20/52
f 310/12/706 351/13/707 353/14/55
f 338/16/108 339/62/708 340/45/109
f 340/48/709 335/49/710 338/50/60
f 355/3/711 353/14/63 351/13/63
f 321/1/209 342/4/211 322/5/66
f 331/17/712 317/33/713 344/35/69
f 347/21/714 339/22/715 349/23/716
f 309/53/717 310/12/718 311/34/717
f 326/34/719 327/18/720 328/12/76
f 331/17/221 320/30/223 315/16/721
f 347/21/722 336/41/79 341/25/79
f 318/15/723 319/8/228 320/30/228
f 324/17/724 335/33/725 350/35/85
f 315/54/86 316/36/87 317/55/87
f 318/59/726 333/11/726 334/7/726
f 317/55/727 322/38/91 356/56/91
f 321/1/728 344/57/729 326/58/94
f 312/10/730 311/58/97 329/1/97
f 314/51/731 309/52/216 335/49/731
f 340/48/732 312/60/248 314/51/732
f 312/60/733 313/61/734 314/51/103
f 323/7/735 340/46/736 339/47/737
f 342/44/738 351/31/105 346/28/739
f 348/6/110 323/7/110 319/8/110
f 113/70/740 74/70/741 73/70/742
f 70/63/743 72/63/743 107/63/744
f 122/70/745 142/76/746 161/70/747
f 89/63/748 88/63/748 112/63/267
f 110/70/273 106/70/749 95/70/274
f 99/71/276 76/71/276 77/71/276
f 67/72/750 87/72/750 68/72/751
f 68/72/752 69/73/753 101/73/754
f 72/63/755 89/63/755 103/63/756
f 91/74/757 90/74/757 102/63/758
f 77/71/759 76/71/759 83/71/759
f 82/71/289 111/71/289 77/71/289
f 112/63/760 108/74/760 91/74/292
f 72/63/761 71/63/761 88/63/762
f 89/63/296 109/63/296 102/63/763
f 100/73/764 104/72/765 87/72/765
f 67/72/766 101/73/766 100/73/767
f 70/63/768 84/63/768 71/63/769
f 78/70/305 73/70/305 74/70/305
f 111/71/770 85/63/771 107/63/771
f 107/63/771 103/63/772 102/63/772
f 102/63/772 90/74/772 69/73/773
f 68/72/774 86/72/775 110/70/776
f 107/63/771 102/63/772 69/73/773
f 68/72/777 110/70/778 97/70/779
f 107/63/771 69/73/773 68/72/777
f 77/71/771 111/71/770 107/63/771
f 81/79/780 114/71/771 75/71/771
f 75/71/771 77/71/771 107/63/771
f 68/72/777 97/70/779 98/70/781
f 98/70/782 80/78/783 81/79/784
f 81/79/785 75/71/771 107/63/771
f 68/72/777 98/70/781 81/79/785
f 95/70/309 106/70/786 96/70/311
f 74/70/316 98/70/316 97/70/316
f 99/71/320 93/76/787 92/75/788
f 92/75/789 113/70/790 73/70/791
f 73/70/792 78/70/793 96/70/794
f 96/70/795 105/72/796 104/72/797
f 100/73/320 108/74/320 112/63/320
f 73/70/792 96/70/798 104/72/799
f 100/73/320 112/63/320 88/63/320
f 73/70/792 104/72/800 100/73/320
f 92/75/801 73/70/802 100/73/803
f 100/73/320 88/63/320 71/63/320
f 71/63/320 84/63/320 83/71/320
f 71/63/320 83/71/320 76/71/320
f 92/75/319 100/73/320 71/63/320
f 71/63/320 76/71/320 99/71/320
f 114/71/321 93/71/321 99/71/321
f 118/63/804 133/63/804 155/63/805
f 128/78/806 142/76/807 122/70/808
f 137/63/327 157/63/327 160/63/809
f 74/70/810 94/76/811 80/70/812
f 123/71/337 125/71/337 124/71/337
f 116/72/340 135/72/340 115/72/338
f 115/72/813 149/73/813 117/73/814
f 120/63/815 155/63/815 151/63/816
f 160/63/346 157/63/346 139/74/817
f 125/71/350 159/71/350 130/71/350
f 130/71/350 131/71/350 124/71/350
f 139/74/818 157/63/818 150/63/354
f 120/63/819 137/63/819 136/63/820
f 137/63/821 151/63/821 150/63/358
f 143/70/822 126/70/359 144/70/360
f 115/72/823 135/72/823 152/72/824
f 152/72/825 148/73/826 149/73/826
f 118/63/827 120/63/827 119/63/828
f 126/70/369 127/70/369 122/70/370
f 123/71/371 162/71/829 129/79/372
f 129/79/830 128/78/831 146/70/832
f 146/70/833 145/70/834 158/70/835
f 158/70/836 134/72/837 116/72/838
f 117/73/371 138/74/839 150/63/839
f 146/70/833 158/70/835 116/72/838
f 117/73/371 150/63/839 151/63/371
f 146/70/833 116/72/838 117/73/371
f 129/79/840 146/70/841 117/73/842
f 117/73/371 151/63/371 155/63/371
f 155/63/371 133/63/371 159/71/843
f 155/63/371 159/71/843 125/71/371
f 129/79/844 117/73/371 155/63/371
f 155/63/371 125/71/371 123/71/371
f 158/70/845 145/70/374 143/70/846
f 122/70/381 127/70/381 145/70/381
f 124/71/382 131/71/382 132/63/382
f 132/63/382 119/63/382 136/63/382
f 136/63/382 160/63/382 156/74/382
f 136/63/382 156/74/382 148/73/847
f 124/71/382 132/63/382 136/63/382
f 140/75/848 141/76/382 147/71/382
f 147/71/382 124/71/382 136/63/382
f 136/63/849 148/73/847 152/72/382
f 152/72/850 153/72/851 144/70/852
f 144/70/853 126/70/854 121/70/855
f 121/70/856 161/70/857 140/75/858
f 140/75/859 147/71/382 136/63/382
f 152/72/382 144/70/860 121/70/855
f 140/75/859 136/63/382 152/72/382
f 123/71/385 147/71/385 141/71/385
f 203/80/387 172/128/861 196/81/862
f 175/83/863 186/110/864 176/84/865
f 189/86/866 176/89/867 190/87/868
f 191/88/869 163/86/869 165/89/869
f 200/90/870 189/93/870 180/91/870
f 163/93/871 191/91/871 198/92/872
f 178/94/873 179/104/874 177/95/873
f 187/97/875 185/109/875 175/83/875
f 203/99/876 169/108/877 194/100/878
f 210/102/879 201/92/879 180/91/879
f 169/94/880 203/80/880 197/82/880
f 195/105/881 194/253/882 202/106/882
f 199/101/883 171/99/883 178/108/883
f 185/109/884 200/254/885 186/110/886
f 197/82/887 193/135/887 195/111/887
f 207/112/888 170/132/889 204/113/424
f 188/98/890 175/83/890 177/85/891
f 202/116/892 194/100/893 169/108/894
f 165/89/895 184/131/895 205/118/895
f 166/119/896 195/105/897 167/107/897
f 163/86/898 168/96/898 164/95/898
f 182/103/899 191/88/899 192/87/434
f 206/121/900 201/255/900 210/122/900
f 196/124/901 207/112/902 193/114/437
f 173/126/903 199/101/903 187/100/903
f 172/128/904 203/99/904 204/101/904
f 209/123/905 205/141/905 198/129/444
f 186/131/906 206/118/906 190/87/907
f 170/132/908 207/112/909 173/133/909
f 178/94/910 171/80/910 174/82/911
f 193/126/451 204/101/912 194/100/912
f 173/135/913 188/111/913 179/104/914
f 180/88/915 190/87/916 181/102/917
f 167/107/918 202/106/918 183/136/918
f 187/100/919 178/108/920 208/117/919
f 199/138/921 173/133/922 207/112/922
f 164/120/923 167/107/924 184/137/924
f 168/117/925 163/93/925 183/90/926
f 208/96/927 177/95/927 176/89/927
f 209/123/928 210/122/929 192/140/929
f 166/104/930 164/95/931 168/96/930
f 206/121/932 209/123/933 181/130/934
f 206/143/935 186/144/936 200/90/937
f 184/144/481 183/90/481 198/92/938
f 170/81/483 174/82/939 171/80/483
f 185/116/940 208/117/940 189/93/940
f 199/101/941 196/81/941 172/128/941
f 182/103/942 181/102/942 198/92/942
f 218/153/943 215/152/943 217/157/944
f 211/156/945 219/155/946 222/158/497
f 222/158/497 232/211/497 233/159/945
f 229/161/501 234/179/947 230/162/948
f 228/167/505 231/209/949 221/168/950
f 225/172/951 224/163/952 226/173/953
f 222/158/514 219/155/512 216/160/512
f 216/160/954 220/212/955 221/175/956
f 238/176/957 234/206/958 229/177/959
f 231/188/525 232/202/960 225/172/961
f 231/191/529 227/205/529 239/192/530
f 237/178/533 229/177/533 223/198/534
f 223/201/962 225/172/962 232/202/963
f 226/204/964 237/178/964 239/192/965
f 228/167/966 233/190/967 232/208/968
f 223/201/969 229/161/969 224/163/545
f 221/193/546 239/192/970 223/198/971
f 247/153/556 248/155/556 246/157/972
f 261/211/973 251/158/974 248/155/558
f 248/155/975 240/156/975 262/159/976
f 258/161/977 253/163/978 259/162/562
f 257/167/565 249/169/979 250/168/566
f 254/172/980 256/174/981 255/173/982
f 249/212/574 245/160/574 248/155/983
f 248/155/983 251/158/984 250/175/985
f 267/176/986 266/178/987 258/177/988
f 260/188/989 256/174/990 254/172/991
f 260/191/589 250/193/589 268/192/590
f 266/178/992 268/192/992 252/198/993
f 252/201/994 251/203/995 261/202/996
f 255/204/997 256/205/997 268/192/998
f 257/167/999 260/209/1000 261/208/1000
f 252/201/604 254/172/604 253/163/605
f 250/193/606 251/210/1001 252/198/1002
f 282/216/1003 274/233/1003 273/217/1004
f 278/221/613 277/250/613 285/222/614
f 271/215/1005 272/245/1005 283/224/1006
f 284/225/617 279/240/1007 280/226/617
f 287/230/1008 277/251/1008 276/231/621
f 280/235/623 276/242/1009 274/233/1010
f 274/233/1011 282/216/1011 286/234/1012
f 275/218/625 269/219/625 283/238/1013
f 285/222/627 280/226/627 286/239/628
f 279/241/1014 288/252/1014 276/242/631
f 281/244/1015 283/224/1016 272/245/1015
f 272/245/1017 271/215/1017 273/247/1018
f 281/249/1019 286/234/1020 282/216/1021
f 272/245/1022 274/248/1023 276/231/641
f 276/231/641 277/251/641 278/246/642
f 277/250/1024 287/236/1024 284/225/1024
f 302/216/1025 295/218/1025 293/217/1026
f 298/221/1027 301/223/1027 305/222/650
f 291/215/1028 289/213/1028 303/224/1029
f 304/225/1030 305/222/1031 300/226/1032
f 307/230/1033 308/232/1033 296/231/1034
f 302/216/660 294/233/1035 296/242/1036
f 296/242/1036 300/235/1037 306/234/660
f 295/218/1038 302/216/1038 303/238/663
f 305/222/664 301/223/664 306/239/1039
f 299/241/667 300/235/667 296/242/1040
f 301/244/1041 298/246/1042 292/245/1041
f 292/245/1043 294/248/1043 293/247/1044
f 301/249/1045 303/238/1046 302/216/1046
f 297/251/678 296/231/1047 294/248/677
f 294/248/1048 292/245/1048 298/246/1049
f 297/250/1050 305/222/1050 304/225/1050
f 329/1/1051 311/58/1051 310/2/1052
f 329/1/3 345/3/1053 330/4/1053
f 348/6/1054 318/59/1055 334/7/155
f 331/9/9 344/57/9 332/10/1056
f 328/12/1057 327/18/11 354/13/1058
f 343/15/157 349/30/157 338/16/1059
f 324/9/1060 350/57/160 312/10/1061
f 323/7/691 343/59/163 324/9/1062
f 343/15/173 348/6/1063 347/8/1063
f 327/18/1064 356/53/1064 322/19/1064
f 323/24/24 339/22/24 341/25/1065
f 345/27/1066 354/43/1066 346/28/693
f 354/43/187 327/65/187 342/44/187
f 330/29/175 346/28/176 351/31/1067
f 335/33/178 309/53/179 311/34/179
f 316/36/182 332/40/182 321/37/35
f 337/39/183 333/64/1068 332/40/1069
f 319/26/184 341/25/185 336/41/1070
f 336/47/235 334/7/235 333/11/235
f 345/3/1071 310/2/1071 353/14/1072
f 320/30/1073 336/62/1073 337/45/1073
f 321/1/193 326/58/193 328/2/1074
f 317/33/1075 356/53/196 326/34/1076
f 352/18/1077 309/53/198 313/19/198
f 310/12/1078 352/18/1078 351/13/200
f 338/16/255 349/30/255 339/62/255
f 340/48/1079 314/51/1079 335/49/1080
f 355/3/1081 328/2/207 353/14/1082
f 321/1/210 355/3/210 342/4/210
f 331/17/212 315/16/1083 317/33/1084
f 347/21/1085 341/25/1086 339/22/1086
f 309/53/1087 352/18/218 310/12/218
f 326/34/220 356/53/220 327/18/75
f 331/17/1088 318/15/222 320/30/1089
f 347/21/225 334/66/225 336/41/226
f 318/15/227 348/6/227 319/8/228
f 324/17/724 338/16/230 335/33/725
f 315/54/1090 337/39/233 316/36/1091
f 318/59/1092 331/9/1092 333/11/1092
f 317/55/237 316/36/1093 322/38/727
f 321/1/92 332/10/241 344/57/1094
f 312/10/730 350/57/1095 311/58/1096
f 314/51/216 313/61/216 309/52/216
f 340/48/1097 325/67/1097 312/60/249
f 312/60/733 329/68/1098 313/61/1098
f 323/7/1099 325/11/201 340/46/57
f 342/44/738 355/69/253 351/31/253
f 348/6/256 343/59/256 323/7/256
f 113/70/1100 94/76/1101 74/70/1102
o RenderMesh_87127434278076.002
v 0.294775 1.565799 -0.089715
v 0.323340 1.538760 -0.080410
v 0.294775 1.538760 -0.085446
v 0.294775 1.617253 -0.073054
v 0.312492 1.636672 -0.050603
v 0.319102 1.617253 -0.068764
v 0.318580 1.649210 0.011565
v 0.321683 1.649210 0.003037
v 0.294704 1.653585 -0.001880
v 0.319102 1.514345 -0.068764
v 0.294775 1.514345 -0.073054
v 0.323340 1.592836 -0.080410
v 0.294775 1.592836 -0.085446
v 0.312492 1.494925 -0.050603
v 0.294775 1.494925 -0.053727
v 0.324801 1.565799 -0.084420
v 0.294775 1.636672 -0.053727
v 0.304150 1.649195 -0.027683
v 0.304337 1.482388 -0.027564
v 0.294868 1.482360 -0.029210
v 0.328072 1.636672 -0.041609
v 0.340495 1.617253 -0.056412
v 0.268969 1.482036 0.002623
v 0.294756 1.478011 -0.001924
v 0.271141 1.482365 0.011734
v 0.348459 1.538760 -0.065907
v 0.340495 1.514345 -0.056412
v 0.348459 1.592836 -0.065907
v 0.328072 1.494925 -0.041609
v 0.351204 1.565799 -0.069176
v 0.312198 1.482388 -0.023026
v 0.339634 1.494925 -0.027828
v 0.318355 1.482341 -0.015540
v 0.367105 1.538760 -0.043688
v 0.356372 1.617253 -0.037491
v 0.356372 1.514345 -0.037491
v 0.367105 1.592836 -0.043688
v 0.312394 1.482403 0.019068
v 0.304126 1.482378 0.023761
v 0.370800 1.565799 -0.045821
v 0.312348 1.649220 -0.022869
v 0.339634 1.636672 -0.027828
v 0.381229 1.565799 -0.017171
v 0.318513 1.649195 -0.015631
v 0.345787 1.636672 -0.010922
v 0.345787 1.494924 -0.010922
v 0.321758 1.482388 -0.006466
v 0.377026 1.538760 -0.016431
v 0.364821 1.617254 -0.014279
v 0.364821 1.514345 -0.014279
v 0.377026 1.592836 -0.016431
v 0.364821 1.514345 0.010424
v 0.345787 1.494924 0.007068
v 0.381229 1.565799 0.013317
v 0.321658 1.649238 -0.006573
v 0.345787 1.636672 0.007068
v 0.321758 1.482388 0.002611
v 0.377026 1.538760 0.012576
v 0.364821 1.617254 0.010424
v 0.377026 1.592836 0.012576
v 0.356372 1.617253 0.033636
v 0.367105 1.592836 0.039834
v 0.268969 1.649562 0.002623
v 0.272082 1.649562 0.011174
v 0.339634 1.494924 0.023972
v 0.370800 1.565799 0.041967
v 0.339634 1.636672 0.023972
v 0.318450 1.482360 0.011632
v 0.367105 1.538760 0.039833
v 0.356372 1.514345 0.033636
v 0.340495 1.514345 0.052558
v 0.348459 1.592836 0.062052
v 0.328073 1.494925 0.037754
v 0.351204 1.565799 0.065321
v 0.312370 1.649251 0.018872
v 0.328073 1.636672 0.037754
v 0.348459 1.538760 0.062052
v 0.340495 1.617253 0.052558
v 0.324801 1.565799 0.080565
v 0.323340 1.538760 0.076556
v 0.319102 1.617253 0.064909
v 0.319102 1.514345 0.064909
v 0.323340 1.592836 0.076556
v 0.294775 1.649219 -0.029266
v 0.312492 1.494925 0.046749
v 0.312492 1.636672 0.046749
v 0.303738 1.649562 0.022696
v 0.294775 1.636672 0.049873
v 0.294775 1.482403 0.025482
v 0.294775 1.565799 0.085860
v 0.294775 1.538760 0.081592
v 0.294775 1.617253 0.069199
v 0.294760 1.649233 0.025372
v 0.294775 1.514345 0.069199
v 0.294775 1.592836 0.081592
v 0.277157 1.482403 0.019069
v 0.285425 1.482378 0.023762
v 0.294775 1.494925 0.049873
v 0.264749 1.565799 0.080565
v 0.277058 1.636672 0.046749
v 0.266210 1.538760 0.076556
v 0.270449 1.617253 0.064909
v 0.270449 1.514345 0.064909
v 0.266210 1.592836 0.076556
v 0.277058 1.494925 0.046749
v 0.271038 1.649195 -0.015631
v 0.267953 1.649257 -0.006598
v 0.249056 1.514345 0.052558
v 0.261478 1.494925 0.037754
v 0.238347 1.565799 0.065321
v 0.285400 1.649195 0.023829
v 0.261478 1.636672 0.037754
v 0.241091 1.538760 0.062052
v 0.249056 1.617253 0.052558
v 0.277230 1.649257 0.018890
v 0.241091 1.592836 0.062052
v 0.233178 1.514345 0.033636
v 0.233178 1.617253 0.033636
v 0.222445 1.592836 0.039834
v 0.249914 1.494925 0.023974
v 0.218750 1.565799 0.041967
v 0.249914 1.636672 0.023974
v 0.222445 1.538760 0.039833
v 0.224729 1.617253 0.010424
v 0.224729 1.514345 0.010424
v 0.212524 1.592836 0.012576
v 0.243761 1.494925 0.007068
v 0.208321 1.565799 0.013317
v 0.243761 1.636672 0.007068
v 0.212524 1.538760 0.012576
v 0.208321 1.565799 -0.017171
v 0.212524 1.538760 -0.016431
v 0.224729 1.617253 -0.014279
v 0.224729 1.514345 -0.014279
v 0.212524 1.592836 -0.016431
v 0.243761 1.494925 -0.010922
v 0.243761 1.636672 -0.010922
v 0.267893 1.482365 -0.006683
v 0.249914 1.636672 -0.027827
v 0.271038 1.482403 -0.015631
v 0.222445 1.538760 -0.043688
v 0.233178 1.617253 -0.037491
v 0.233178 1.514345 -0.037491
v 0.222445 1.592836 -0.043688
v 0.249914 1.494925 -0.027826
v 0.218750 1.565799 -0.045821
v 0.261478 1.494925 -0.041609
v 0.238347 1.565799 -0.069176
v 0.261478 1.636672 -0.041609
v 0.277202 1.482378 -0.022868
v 0.241091 1.538760 -0.065907
v 0.249056 1.617253 -0.056412
v 0.249056 1.514345 -0.056412
v 0.241091 1.592836 -0.065907
v 0.266210 1.592836 -0.080410
v 0.277058 1.494925 -0.050603
v 0.264749 1.565799 -0.084420
v 0.277202 1.649220 -0.022869
v 0.277058 1.636672 -0.050603
v 0.285400 1.482403 -0.027683
v 0.266210 1.538760 -0.080410
v 0.270449 1.617253 -0.068764
v 0.285400 1.649195 -0.027683
v 0.270449 1.514345 -0.068764
v -0.294367 1.565799 -0.089715
v -0.322932 1.538760 -0.080410
v -0.294367 1.538760 -0.085446
v -0.294367 1.617253 -0.073054
v -0.312084 1.636672 -0.050603
v -0.318694 1.617253 -0.068764
v -0.318016 1.649251 0.011600
v -0.321350 1.649210 0.002611
v -0.294302 1.653585 -0.001884
v -0.318694 1.514345 -0.068764
v -0.294367 1.514345 -0.073054
v -0.322932 1.592836 -0.080410
v -0.294367 1.592836 -0.085446
v -0.312084 1.494925 -0.050603
v -0.294367 1.494925 -0.053727
v -0.324393 1.565799 -0.084420
v -0.294367 1.636672 -0.053727
v -0.303929 1.649210 -0.027565
v -0.303330 1.482035 -0.026549
v -0.294426 1.482341 -0.029152
v -0.327665 1.636672 -0.041608
v -0.340087 1.617253 -0.056412
v -0.268562 1.482036 0.002623
v -0.294331 1.478011 -0.001971
v -0.271675 1.482035 0.011173
v -0.348052 1.538760 -0.065907
v -0.340087 1.514345 -0.056412
v -0.348052 1.592836 -0.065907
v -0.327665 1.494925 -0.041609
v -0.350796 1.565799 -0.069176
v -0.311211 1.482035 -0.021998
v -0.339227 1.494925 -0.027828
v -0.317915 1.482322 -0.015481
v -0.366697 1.538760 -0.043688
v -0.355965 1.617253 -0.037491
v -0.355965 1.514345 -0.037491
v -0.366697 1.592836 -0.043688
v -0.311790 1.482388 0.019171
v -0.303929 1.482388 0.023710
v -0.370393 1.565799 -0.045821
v -0.311790 1.649210 -0.023026
v -0.339227 1.636672 -0.027828
v -0.380821 1.565799 -0.017171
v -0.317948 1.649257 -0.015540
v -0.345379 1.636672 -0.010922
v -0.345379 1.494924 -0.010922
v -0.321350 1.482388 -0.006466
v -0.376618 1.538760 -0.016431
v -0.364413 1.617254 -0.014279
v -0.364413 1.514345 -0.014279
v -0.376618 1.592836 -0.016431
v -0.364413 1.514344 0.010424
v -0.345379 1.494924 0.007068
v -0.380821 1.565799 0.013317
v -0.321350 1.649210 -0.006466
v -0.345379 1.636672 0.007068
v -0.321350 1.482388 0.002611
v -0.376618 1.538760 0.012576
v -0.364413 1.617254 0.010424
v -0.376618 1.592836 0.012576
v -0.355965 1.617253 0.033636
v -0.366697 1.592836 0.039834
v -0.268561 1.649562 0.002623
v -0.271674 1.649562 0.011174
v -0.339227 1.494924 0.023972
v -0.370393 1.565799 0.041967
v -0.339227 1.636672 0.023972
v -0.317947 1.482341 0.011685
v -0.366697 1.538760 0.039833
v -0.355965 1.514345 0.033636
v -0.340087 1.514345 0.052558
v -0.348052 1.592836 0.062052
v -0.327665 1.494925 0.037754
v -0.350796 1.565799 0.065321
v -0.311211 1.649562 0.018146
v -0.327665 1.636672 0.037754
v -0.348052 1.538760 0.062052
v -0.340087 1.617253 0.052558
v -0.324393 1.565799 0.080565
v -0.322932 1.538760 0.076556
v -0.318694 1.617253 0.064909
v -0.318694 1.514345 0.064909
v -0.322932 1.592836 0.076556
v -0.294461 1.649238 -0.029210
v -0.312084 1.494925 0.046749
v -0.312084 1.636672 0.046749
v -0.303584 1.649251 0.023710
v -0.294367 1.636672 0.049873
v -0.294461 1.482360 0.025355
v -0.294367 1.565799 0.085860
v -0.294367 1.538760 0.081592
v -0.294367 1.617253 0.069199
v -0.294151 1.649210 0.025435
v -0.294367 1.514345 0.069199
v -0.294367 1.592836 0.081592
v -0.276822 1.482341 0.018890
v -0.284992 1.482403 0.023828
v -0.294367 1.494925 0.049873
v -0.264342 1.565799 0.080565
v -0.276650 1.636672 0.046749
v -0.265803 1.538760 0.076556
v -0.270041 1.617253 0.064909
v -0.270041 1.514345 0.064909
v -0.265803 1.592836 0.076556
v -0.276650 1.494925 0.046749
v -0.270630 1.649195 -0.015631
v -0.267545 1.649257 -0.006598
v -0.248648 1.514345 0.052558
v -0.261070 1.494925 0.037754
v -0.237939 1.565799 0.065321
v -0.285212 1.649210 0.023858
v -0.261070 1.636672 0.037754
v -0.240683 1.538760 0.062052
v -0.248648 1.617253 0.052558
v -0.276929 1.649276 0.018907
v -0.240683 1.592836 0.062052
v -0.232770 1.514345 0.033636
v -0.232770 1.617253 0.033636
v -0.222038 1.592836 0.039834
v -0.249506 1.494925 0.023974
v -0.218342 1.565799 0.041967
v -0.249506 1.636672 0.023974
v -0.222038 1.538760 0.039833
v -0.224322 1.617253 0.010424
v -0.224321 1.514345 0.010424
v -0.212116 1.592836 0.012576
v -0.243353 1.494925 0.007068
v -0.207913 1.565799 0.013317
v -0.243353 1.636672 0.007068
v -0.212116 1.538760 0.012576
v -0.207913 1.565799 -0.017171
v -0.212116 1.538760 -0.016431
v -0.224322 1.617253 -0.014279
v -0.224321 1.514345 -0.014279
v -0.212116 1.592836 -0.016431
v -0.243353 1.494925 -0.010922
v -0.243353 1.636672 -0.010922
v -0.267545 1.482341 -0.006598
v -0.249506 1.636672 -0.027827
v -0.270630 1.482403 -0.015631
v -0.222038 1.538760 -0.043688
v -0.232770 1.617253 -0.037491
v -0.232770 1.514345 -0.037491
v -0.222038 1.592836 -0.043688
v -0.249506 1.494925 -0.027826
v -0.218342 1.565799 -0.045821
v -0.261070 1.494925 -0.041609
v -0.237939 1.565799 -0.069176
v -0.261070 1.636672 -0.041609
v -0.276794 1.482378 -0.022868
v -0.240683 1.538760 -0.065907
v -0.248648 1.617253 -0.056412
v -0.248648 1.514345 -0.056412
v -0.240683 1.592836 -0.065907
v -0.265803 1.592836 -0.080410
v -0.276650 1.494925 -0.050603
v -0.264342 1.565799 -0.084420
v -0.276794 1.649220 -0.022869
v -0.276650 1.636672 -0.050603
v -0.284992 1.482403 -0.027683
v -0.265803 1.538760 -0.080410
v -0.270041 1.617253 -0.068764
v -0.284992 1.649195 -0.027683
v -0.270041 1.514345 -0.068764
v -0.196176 2.143968 -0.116993
v -0.256843 2.083144 -0.003840
v -0.218987 2.083670 -0.131271
v 0.089186 1.839831 0.166870
v 0.195905 1.891806 0.122469
v 0.159832 1.840168 0.099899
v 0.122216 1.951731 0.228143
v -0.007335 2.016623 0.268717
v 0.126602 2.016651 0.236655
v 0.001670 2.374543 -0.038898
v 0.230240 2.143340 0.009660
v 0.218952 2.081976 0.137459
v 0.196244 2.142662 0.124062
v 0.164855 1.841166 -0.087862
v 0.132450 1.800958 0.005116
v 0.187477 1.840648 0.006790
v -0.122483 2.084066 -0.222662
v -0.226799 2.018726 -0.136534
v -0.126861 2.019124 -0.231174
v 0.007061 2.019161 -0.263240
v 0.006881 2.084281 -0.253668
v -0.109949 1.893680 -0.200625
v 0.004614 1.841584 -0.186035
v 0.005888 1.893766 -0.228152
v -0.219210 1.953812 -0.131981
v -0.266018 2.017999 -0.004533
v -0.257105 1.952993 -0.004430
v 0.098653 2.195640 -0.156707
v 0.003074 2.265554 -0.099918
v 0.005201 2.195813 -0.184443
v -0.000776 2.374043 0.048566
v -0.022471 2.374072 0.042145
v -0.004010 1.800350 0.134327
v 0.032339 1.775760 0.062141
v -0.002167 1.775687 0.070091
v -0.061209 1.775932 0.034354
v -0.133427 1.800940 -0.001998
v -0.117320 1.800510 0.064754
v -0.089977 1.841616 -0.163495
v -0.196504 1.893134 -0.118592
v -0.160627 1.841278 -0.096515
v 0.226541 2.017059 0.142006
v 0.023297 2.374370 -0.032397
v 0.091853 2.265209 -0.045509
v 0.038864 2.374390 -0.016028
v 0.001022 2.988511 0.007281
v -0.002600 2.264446 0.108409
v -0.113832 1.801465 -0.067987
v -0.188277 1.840793 -0.003398
v 0.120166 1.893595 -0.194282
v 0.006670 1.954389 -0.254384
v -0.020407 2.374497 -0.033678
v -0.049345 2.265615 -0.087513
v 0.202122 1.892891 -0.107720
v 0.134171 1.954168 -0.216545
v -0.226117 1.952376 0.124794
v -0.120755 1.891347 0.198167
v -0.202723 1.892046 0.111613
v 0.021207 2.374113 0.043387
v 0.068598 1.776043 0.003011
v -0.000540 1.767445 0.001382
v 0.058239 1.775671 0.037357
v -0.063788 1.801401 -0.115504
v 0.001465 1.776236 -0.067578
v 0.003215 1.801733 -0.131638
v 0.069101 1.801463 -0.111802
v 0.035624 1.776219 -0.057458
v 0.165718 2.195122 -0.085968
v 0.060100 1.776102 -0.031460
v 0.116476 1.801273 -0.061913
v -0.069933 1.800310 0.114621
v -0.165655 1.840287 0.091262
v -0.098714 1.839752 0.161843
v -0.006157 2.142022 0.233638
v 0.122303 2.081700 0.229168
v -0.006945 2.081396 0.259867
v -0.103907 2.265181 0.001391
v -0.038033 2.374202 0.025659
v -0.091411 2.264792 0.053973
v -0.134647 1.951744 0.221319
v -0.233966 2.017257 0.129355
v -0.139324 2.016986 0.229481
v -0.225904 2.082219 0.125499
v -0.122698 1.954196 -0.223377
v 0.188394 2.194601 0.008884
v 0.160563 2.194219 0.102507
v 0.233705 2.018543 -0.123869
v 0.256624 1.952957 0.009207
v 0.265756 2.017795 0.010014
v -0.069367 1.775886 -0.000543
v -0.165416 2.194519 0.093432
v -0.120392 2.142496 0.199658
v -0.202389 2.142897 0.113205
v 0.229861 1.892175 0.008179
v 0.112827 1.800437 0.071120
v -0.230130 2.143607 -0.002693
v 0.037632 2.374093 0.027892
v -0.007147 1.951518 0.259152
v 0.089059 2.264651 0.058676
v -0.005431 1.839565 0.189506
v 0.062901 1.800383 0.118345
v -0.006470 1.891181 0.232035
v -0.188091 2.195031 -0.001426
v 0.097885 1.841395 -0.158347
v 0.134382 2.084053 -0.215837
v 0.139101 2.019120 -0.224107
v -0.134389 2.081925 0.221922
v -0.098365 2.193984 0.164175
v 0.225639 1.953571 -0.120015
v -0.036565 1.775721 0.059868
v 0.256842 2.082793 0.009916
v 0.202493 2.144053 -0.106239
v 0.225854 2.083412 -0.119312
v 0.089890 2.193770 0.169323
v 0.006210 2.144603 -0.226556
v 0.120486 2.144446 -0.192691
v -0.160387 2.195511 -0.094737
v -0.089580 2.195853 -0.161860
v -0.036928 2.374400 -0.017889
v -0.088599 2.265348 -0.050178
v -0.059280 1.776258 -0.034943
v -0.033483 1.776292 -0.059187
v 0.109735 2.142422 0.205984
v -0.054336 2.264577 0.093155
v -0.005015 2.193909 0.192211
v 0.049843 2.264635 0.095924
v -0.109629 2.144507 -0.199026
v 0.218728 1.952122 0.136748
v 0.109365 1.891264 0.204494
v -0.230507 1.892449 -0.004172
v 0.104409 2.265060 0.007002
v -0.043320 2.374360 0.003700
v 0.054687 2.265506 -0.084435
v 0.044164 2.374243 0.005994
v 0.056376 0.797409 0.054748
v 0.000892 0.875823 0.044053
v 0.034073 0.875841 0.030356
v 0.091522 0.950846 -0.001031
v 0.083047 0.873077 0.079040
v 0.116983 0.873070 -0.003113
v 0.082278 0.757056 -0.081071
v 0.078959 0.835181 0.000979
v 0.116124 0.746563 0.000979
v 0.047355 0.969757 0.001071
v 0.052537 1.036078 -0.056365
v 0.033712 0.958129 -0.031695
v 0.000892 1.030991 -0.076784
v -0.032190 0.957366 -0.031540
v 0.000709 0.952900 -0.045241
v 0.034209 0.769155 -0.031992
v 0.058614 0.842474 -0.052489
v 0.065158 0.950747 0.063241
v 0.000892 0.873080 0.113109
v -0.080059 0.807035 0.082905
v 0.005064 0.860904 0.080461
v -0.053205 0.880134 0.059372
v -0.080540 0.973198 0.082409
v -0.000980 0.901169 0.087924
v 0.005864 0.980269 0.115972
v 0.087306 0.989999 0.081873
v 0.060354 0.894479 0.062343
v 0.082437 0.954774 -0.080188
v 0.000992 0.947967 -0.113853
v 0.000892 0.797274 -0.078357
v -0.081133 0.873065 -0.085136
v 0.000892 0.873064 -0.119075
v -0.054093 0.797293 -0.055734
v -0.115200 0.873070 -0.003113
v -0.031232 0.800928 -0.032422
v -0.065995 0.727285 0.000979
v -0.049550 0.721201 -0.042498
v 0.082279 0.757056 0.083027
v 0.058614 0.842474 0.054446
v -0.006067 0.705681 -0.063990
v 0.001695 0.785027 -0.045868
v -0.053205 0.880134 -0.057414
v -0.045082 0.807525 0.000979
v -0.045643 0.968855 0.001145
v -0.062876 0.899699 0.063282
v -0.091441 0.890962 0.000810
v 0.000771 0.985373 0.047291
v 0.054731 1.061858 0.050034
v 0.033678 0.980959 0.033808
v 0.001071 0.782144 0.116753
v -0.063376 0.950747 0.063241
v 0.000892 0.950706 0.089965
v 0.116163 0.971997 0.000579
v 0.086964 0.883481 0.000097
v 0.079012 0.797347 -0.000744
v -0.113800 0.817320 0.000979
v -0.078403 0.888275 0.000979
v -0.031232 0.800928 0.034379
v -0.080059 0.807035 -0.080948
v 0.034236 0.875925 -0.036170
v 0.000892 0.950977 -0.091283
v 0.000892 0.875941 -0.050029
v 0.034209 0.769155 0.033949
v 0.001071 0.782144 -0.114796
v -0.114319 0.972733 0.001029
v -0.050753 1.036078 -0.056365
v -0.080536 0.955268 -0.080255
v 0.005064 0.860904 -0.078503
v 0.041852 0.689269 -0.047160
v 0.062886 0.682244 0.000979
v -0.067415 0.879865 -0.064619
v 0.061685 0.874456 -0.064832
v -0.046149 0.875884 -0.002825
v -0.032452 0.875925 -0.036170
v -0.054593 0.797409 0.054748
v -0.032289 0.875841 0.030356
v -0.077230 0.797347 -0.000744
v -0.074409 1.048856 -0.003957
v -0.032031 0.980427 0.033725
v -0.053936 1.061717 0.050471
v 0.047933 0.875884 -0.002825
v -0.063004 0.950940 -0.064929
v -0.089739 0.950846 -0.001031
v -0.003118 0.872931 -0.092656
v 0.001695 0.785027 0.047826
v -0.049550 0.721201 0.044455
v -0.006067 0.705681 0.065948
v 0.047632 0.762586 0.000979
v 0.055875 0.797293 -0.055734
v -0.081263 0.873077 0.079040
v 0.041852 0.689269 0.049116
v 0.064787 0.950940 -0.064929
v 0.082917 0.873065 -0.085136
v 0.000892 0.797436 0.077872
v 0.076008 1.048541 -0.005466
v 0.000542 1.067176 0.073790
v -0.029490 -0.277974 0.111411
v -0.077696 -0.200104 0.046435
v -0.101520 -0.277978 0.059448
v -0.013382 -0.275160 0.044264
v -0.021627 -0.200198 0.087104
v -0.074588 -0.120053 -0.018477
v -0.038095 -0.192494 0.023959
v -0.043798 -0.197216 -0.011279
v 0.110284 -0.269725 0.025039
v 0.046806 -0.200287 0.076248
v 0.058285 -0.277984 0.097189
v -0.063730 -0.445363 -0.008771
v -0.023352 -0.381889 -0.040639
v -0.044311 -0.366017 -0.012172
v 0.066380 -0.308570 -0.044581
v 0.113837 -0.368899 0.025712
v 0.099623 -0.393987 -0.061064
v -0.014228 -0.423758 0.064453
v 0.062292 -0.344009 0.096924
v -0.025187 -0.333724 0.110985
v 0.066595 -0.353577 -0.042220
v 0.043031 -0.275221 0.009222
v 0.037305 -0.275203 -0.026216
v -0.063915 -0.277978 -0.100233
v -0.076119 -0.353770 -0.018838
v -0.115753 -0.277980 -0.028172
v -0.072475 -0.282589 0.046563
v -0.068134 -0.270910 0.038618
v -0.017073 -0.262769 0.076531
v 0.079426 -0.290140 0.013506
v 0.045541 -0.270910 0.065389
v 0.022093 -0.275203 0.038380
v -0.052778 -0.429842 0.038481
v -0.111547 -0.368899 -0.027366
v -0.042874 -0.114966 -0.064067
v 0.027419 -0.178395 -0.112826
v -0.059362 -0.196037 -0.098519
v -0.015505 -0.267619 0.085236
v -0.096635 -0.196325 0.060054
v 0.026251 -0.350116 0.038272
v -0.043138 -0.282469 -0.079085
v -0.110702 -0.203412 -0.026925
v 0.087722 -0.247160 0.018806
v 0.025594 -0.170392 0.038779
v 0.046216 -0.165951 0.009920
v 0.062489 -0.089278 -0.042183
v 0.040621 -0.170665 -0.025045
v -0.037709 -0.308570 -0.069094
v -0.075304 -0.290140 -0.022934
v -0.025446 -0.178863 0.111511
v -0.066551 -0.114966 0.036472
v 0.024841 -0.267547 -0.088628
v 0.011818 -0.388458 -0.046148
v -0.036363 -0.461775 -0.051557
v 0.015315 -0.468800 -0.060996
v 0.019718 -0.200188 -0.089345
v 0.008184 -0.275160 -0.047313
v -0.018480 -0.353697 0.074994
v 0.095956 -0.269709 -0.062727
v 0.023767 -0.277992 -0.114581
v 0.057349 -0.461775 -0.029487
v 0.027518 -0.404480 -0.112816
v -0.060104 -0.393987 -0.098680
v -0.009435 -0.343519 0.044098
v 0.013934 -0.102116 -0.074944
v 0.099014 -0.184876 -0.061311
v -0.088701 -0.200066 -0.021801
v -0.042699 -0.275119 0.023288
v -0.048545 -0.275103 -0.012344
v 0.076318 -0.353548 0.016718
v -0.041495 -0.353750 -0.067171
v 0.017691 -0.353688 -0.077029
v 0.041020 -0.353627 0.065526
v -0.021764 -0.102348 0.071223
v 0.061436 -0.161111 0.097313
v 0.037051 -0.089167 0.063045
v -0.009302 -0.181379 0.044638
v -0.027412 -0.275119 -0.041624
v -0.038771 -0.350116 0.022959
v 0.019000 -0.315862 -0.076641
v -0.084499 -0.288836 -0.022463
v -0.048402 -0.200104 -0.077954
v -0.066702 -0.353750 0.039868
v 0.049890 -0.253089 0.072674
v -0.097198 -0.344009 0.059363
v 0.031860 -0.429842 0.058413
v 0.062749 -0.445363 0.021014
v 0.113056 -0.177772 0.025703
v 0.072513 -0.083935 0.014912
v 0.078157 -0.253088 -0.047596
v 0.087506 -0.200282 0.019879
v 0.076193 -0.200239 -0.048980
v -0.022900 -0.192764 -0.040248
v 0.046888 -0.366017 0.009305
v 0.012100 -0.181765 -0.045833
v 0.040834 -0.381889 -0.025525
v -0.000204 0.578979 0.039489
v -0.052760 0.623919 0.044264
v -0.008227 0.648387 0.068298
v -0.008227 0.648387 -0.068583
v 0.026874 0.600937 -0.028300
v 0.042770 0.674618 -0.051661
v -0.073108 0.544703 0.074383
v 0.008044 0.509786 0.069040
v -0.000322 0.579171 0.104900
v -0.027359 0.557030 -0.028364
v 0.008044 0.509786 -0.069326
v -0.000204 0.578979 -0.039775
v -0.043383 0.483336 -0.052137
v -0.103623 0.530316 -0.000143
v -0.073108 0.544703 -0.074669
v 0.038305 0.610064 -0.000143
v 0.042770 0.674616 0.051376
v 0.065378 0.685877 -0.000143
v -0.038852 0.547911 -0.000143
v -0.043382 0.483336 0.051851
v -0.066162 0.471980 -0.000143
v 0.053151 0.534493 0.044901
v 0.026874 0.600937 0.028013
v -0.000322 0.579171 -0.105187
v -0.068488 0.614643 -0.000143
v 0.069205 0.543892 -0.000143
v -0.052761 0.623919 -0.044550
v 0.053151 0.534493 -0.045187
v 0.072505 0.613626 -0.074705
v 0.072505 0.613626 0.074420
v 0.103059 0.627993 -0.000143
v -0.027359 0.557030 0.028078
v 0.020807 -0.959412 -0.033563
v 0.068114 -0.914472 -0.010174
v 0.042701 -0.890004 -0.053934
v -0.028821 -0.890004 0.062775
v -0.037701 -0.937454 0.010087
v -0.063461 -0.863774 0.021700
v 0.101201 -0.993689 -0.025222
v 0.029216 -1.028605 -0.063069
v 0.055086 -0.959220 -0.089274
v 0.008507 -0.981361 0.038479
v -0.043082 -1.028605 0.054906
v -0.020609 -0.959412 0.034020
v 0.009748 -1.055056 0.067122
v 0.088278 -1.008076 0.054266
v 0.023320 -0.993689 0.101865
v -0.032735 -0.928327 -0.019893
v -0.009623 -0.863775 -0.066152
v -0.055818 -0.852515 -0.034039
v 0.033052 -0.990481 0.020422
v 0.064082 -1.055056 -0.021543
v 0.056338 -1.066412 0.034692
v -0.021857 -1.003899 -0.066056
v -0.008277 -0.937454 -0.037927
v -0.054687 -0.959220 0.089854
v 0.058321 -0.923749 0.035908
v -0.059081 -0.994500 -0.036038
v 0.021708 -0.914472 0.065552
v -0.068928 -1.003899 0.010756
v -0.100854 -0.924766 0.025811
v -0.022935 -0.924766 -0.101337
v -0.087946 -0.910399 -0.053728
v 0.037998 -0.981361 -0.009645
vn 0.7569 -0.1536 0.6352
vn -0.0869 -0.8887 -0.4502
vn 0.3541 0.8867 0.2971
vn -0.1240 0.6999 -0.7033
vn -0.3540 -0.8872 -0.2959
vn 0.8945 -0.4471 -0.0000
vn 0.4941 -0.1536 -0.8557
vn 0.7569 0.1536 0.6352
vn -0.9285 0.1536 -0.3380
vn 0.1215 0.9871 -0.1047
vn 0.0527 0.9812 -0.1854
vn 0.0321 0.9966 -0.0762
vn 0.7570 -0.1536 -0.6352
vn 0.1240 0.6999 0.7033
vn -0.1553 0.4471 -0.8809
vn 0.4472 -0.4471 -0.7746
vn -0.1716 -0.1536 -0.9731
vn 0.1554 -0.4471 -0.8809
vn -0.5471 0.6999 -0.4591
vn -0.1554 -0.4471 0.8809
vn 0.3571 -0.7000 0.6185
vn 0.4278 -0.8903 -0.1557
vn 0.4583 -0.8887 -0.0071
vn -0.5471 -0.7000 0.4591
vn 0.1131 0.9890 -0.0952
vn 0.0928 0.9926 -0.0788
vn 0.0327 0.9862 -0.1622
vn -0.7569 0.1536 -0.6352
vn -0.6711 -0.7000 0.2442
vn 0.6711 0.6999 0.2443
vn -0.4472 -0.4471 0.7746
vn -0.6852 0.4471 0.5750
vn 0.4584 0.8887 -0.0074
vn 0.9285 -0.1536 -0.3380
vn -0.1240 -0.7000 0.7033
vn 0.8945 0.4471 -0.0000
vn -0.0280 -0.9965 -0.0789
vn -0.0470 -0.9904 -0.1302
vn -0.0346 -0.9838 -0.1760
vn -0.2313 0.8866 0.4006
vn -0.6711 -0.7000 -0.2442
vn 0.4472 -0.4471 0.7746
vn -0.1502 -0.9870 0.0565
vn -0.1237 -0.9869 0.1033
vn -0.1087 -0.9908 0.0802
vn 0.1240 0.6999 -0.7033
vn -0.3571 -0.7000 0.6185
vn -0.7570 -0.1536 0.6352
vn -0.9285 0.1536 0.3380
vn 0.6852 -0.4471 -0.5750
vn -0.4941 0.1536 0.8557
vn 0.1716 0.1536 0.9731
vn -0.7141 -0.7000 -0.0000
vn -0.1716 -0.1536 0.9731
vn 0.5471 -0.7000 0.4591
vn 0.4344 0.8868 0.1578
vn 0.4344 0.8867 0.1581
vn -0.4334 0.8872 0.1580
vn 0.0293 0.9870 0.1579
vn 0.0800 0.9870 0.1393
vn 0.0595 0.9909 0.1211
vn 0.8405 0.4471 -0.3059
vn -0.1554 -0.4471 -0.8809
vn 0.6711 -0.7000 -0.2442
vn 0.4472 0.4471 -0.7746
vn -0.8405 -0.4471 -0.3059
vn 0.3557 -0.8888 -0.2892
vn -0.1240 -0.7000 -0.7033
vn -0.4941 0.1536 -0.8557
vn 0.7142 0.6999 -0.0000
vn -0.2306 0.8869 -0.4004
vn -0.9285 -0.1536 -0.3380
vn 0.3571 0.6999 0.6185
vn -0.4941 -0.1536 0.8557
vn -0.0798 -0.8868 0.4552
vn 0.1716 -0.1536 0.9731
vn 0.4941 -0.1536 0.8557
vn -0.8945 0.4471 -0.0000
vn 0.6852 -0.4471 0.5750
vn -0.0806 0.8870 0.4546
vn 0.4472 0.4471 0.7746
vn -0.1240 0.6999 0.7034
vn -0.0291 -0.9871 0.1573
vn -0.0795 -0.9871 0.1388
vn -0.0588 -0.9909 0.1207
vn 0.3571 0.6999 -0.6185
vn 0.0794 0.8869 0.4550
vn 0.0793 0.8870 0.4550
vn -0.0287 0.9870 -0.1582
vn -0.0790 0.9871 -0.1394
vn -0.0585 0.9909 -0.1212
vn -0.3533 -0.8869 0.2976
vn -0.3534 -0.8869 0.2975
vn -0.9881 0.1536 -0.0000
vn 0.1554 0.4472 -0.8809
vn 0.1240 -0.7000 -0.7033
vn 0.9881 -0.1536 -0.0000
vn 0.1716 -0.1536 -0.9731
vn -0.6852 0.4471 -0.5750
vn -0.3571 -0.7000 -0.6185
vn 0.0796 -0.8869 -0.4551
vn 0.0794 -0.8869 -0.4551
vn -0.6852 -0.4471 0.5750
vn -0.6852 -0.4471 -0.5750
vn -0.6711 0.7000 -0.2443
vn 0.6852 0.4471 -0.5750
vn -0.4340 0.8869 -0.1580
vn -0.4340 0.8870 -0.1576
vn 0.7570 0.1536 -0.6352
vn 0.4941 0.1536 -0.8557
vn 0.6711 0.6999 -0.2443
vn -0.8405 0.4471 -0.3059
vn 0.5471 0.6999 -0.4591
vn -0.4347 -0.8866 -0.1582
vn 0.3543 0.8869 -0.2965
vn -0.2315 -0.8868 0.3999
vn -0.2314 -0.8868 0.4000
vn -0.5471 0.7000 0.4591
vn -0.3571 0.6999 -0.6185
vn -0.9285 -0.1536 0.3380
vn 0.3571 -0.7000 -0.6185
vn -0.4472 0.4471 0.7746
vn -0.3545 0.8870 -0.2960
vn 0.5471 -0.7000 -0.4591
vn 0.9285 0.1536 -0.3380
vn -0.4472 0.4471 -0.7746
vn -0.1554 0.4472 0.8809
vn -0.4344 -0.8870 0.1569
vn -0.4344 -0.8870 0.1570
vn 0.9285 -0.1536 0.3380
vn -0.7569 -0.1536 -0.6352
vn 0.7142 -0.7000 -0.0000
vn 0.9285 0.1536 0.3380
vn -0.8945 -0.4471 -0.0000
vn 0.6711 -0.7000 0.2443
vn 0.8405 -0.4471 0.3059
vn -0.3535 0.8872 0.2966
vn 0.9497 -0.1368 0.2816
vn 0.8433 0.4104 -0.3469
vn 0.4332 0.8887 -0.1499
vn -0.3848 0.3370 -0.8593
vn -0.3489 0.2903 -0.8911
vn -0.3924 0.3354 -0.8564
vn -0.5471 -0.7000 -0.4591
vn 0.9881 0.1536 -0.0000
vn -0.6711 0.7000 0.2443
vn -0.3571 0.6999 0.6185
vn -0.4941 -0.1536 -0.8557
vn 0.6080 0.3094 0.7312
vn -0.0803 0.8867 -0.4552
vn -0.4472 -0.4471 -0.7746
vn 0.5471 0.6999 0.4591
vn 0.4941 0.1536 0.8557
vn -0.8405 0.4471 0.3059
vn -0.7570 0.1536 0.6352
vn 0.6852 0.4471 0.5750
vn 0.2311 -0.8867 0.4004
vn 0.0806 0.8868 -0.4550
vn 0.8405 0.4471 0.3059
vn 0.0796 -0.8869 0.4551
vn -0.8947 0.3906 0.2166
vn -0.8950 0.3902 0.2160
vn -0.1716 0.1536 0.9731
vn -0.2318 0.8870 -0.3994
vn -0.2318 0.8870 -0.3993
vn -0.8405 -0.4471 0.3059
vn 0.1240 -0.7000 0.7033
vn -0.0794 0.8869 -0.4550
vn -0.0793 0.8870 -0.4550
vn 0.2311 0.8867 0.4003
vn -0.4617 -0.8871 -0.0005
vn -0.4616 -0.8871 -0.0006
vn -0.4616 -0.8871 -0.0007
vn -0.4279 -0.8903 -0.1557
vn 0.1364 0.9904 -0.0242
vn 0.1783 0.9776 -0.1120
vn 0.1364 0.9904 -0.0241
vn 0.0805 -0.8870 0.4547
vn -0.6711 0.6999 -0.2442
vn 0.1230 -0.9870 0.1035
vn 0.1501 -0.9870 0.0570
vn 0.1228 -0.9909 0.0558
vn -0.3541 0.8867 0.2971
vn -0.8797 -0.4536 0.1424
vn -0.8797 -0.4537 0.1424
vn 0.2618 -0.3861 -0.8845
vn -0.4343 -0.8870 0.1567
vn 0.0184 -0.9998 -0.0114
vn -0.2774 -0.9562 0.0930
vn -0.2844 -0.9571 0.0554
vn -0.2314 0.8868 0.4000
vn -0.1716 0.1536 -0.9731
vn -0.0801 0.9869 0.1399
vn -0.0294 0.9870 0.1579
vn -0.0336 0.9909 0.1307
vn 0.3628 -0.3127 0.8779
vn -0.3556 0.8888 -0.2891
vn -0.8330 0.4304 0.3476
vn -0.4740 -0.3721 -0.7980
vn 0.2349 -0.8888 -0.3934
vn -0.9063 -0.3540 -0.2307
vn -0.4583 0.8888 -0.0072
vn 0.3402 -0.4537 -0.8237
vn 0.3403 -0.4536 -0.8237
vn -0.8648 0.3541 0.3559
vn -0.8648 0.3542 0.3558
vn -0.7065 0.5980 -0.3783
vn 0.3338 -0.4922 0.8040
vn 0.2668 -0.3670 -0.8911
vn 0.1237 0.9870 0.1024
vn 0.1504 0.9870 0.0559
vn 0.1229 0.9909 0.0552
vn -0.3842 -0.3519 -0.8536
vn 0.0629 0.3728 0.9258
vn 0.0926 -0.9926 0.0787
vn -0.0227 -0.9963 0.0831
vn 0.1130 -0.9890 0.0951
vn -0.3524 0.3957 -0.8481
vn -0.8705 0.3324 -0.3630
vn -0.4482 -0.3581 -0.8191
vn -0.3402 -0.4537 -0.8237
vn -0.3403 -0.4536 -0.8237
vn 0.0290 -0.9869 -0.1586
vn 0.0793 -0.9870 -0.1398
vn 0.0587 -0.9908 -0.1216
vn -0.3307 0.2170 0.9184
vn 0.8167 -0.4179 -0.3979
vn 0.8167 -0.4179 0.3979
vn 0.3536 0.8872 -0.2963
vn 0.8705 0.3324 -0.3630
vn -0.1201 0.9705 -0.2090
vn 0.0267 0.9870 -0.1584
vn 0.0140 0.9909 -0.1340
vn 0.7733 -0.3798 0.5077
vn 0.3169 -0.3806 0.8687
vn -0.3565 0.3693 0.8582
vn 0.9174 0.1654 -0.3620
vn 0.2313 -0.8866 0.4006
vn -0.3620 0.3168 -0.8767
vn -0.4583 -0.8888 -0.0072
vn -0.8798 -0.3537 0.3175
vn -0.8106 -0.4812 0.3338
vn -0.1527 0.3318 -0.9309
vn -0.5841 0.2713 0.7650
vn 0.8106 -0.4812 0.3339
vn 0.8106 -0.4812 0.3338
vn 0.9286 -0.3670 -0.0554
vn -0.8063 -0.3670 -0.4639
vn -0.1233 -0.9871 0.1020
vn -0.1499 -0.9871 0.0554
vn -0.1225 -0.9910 0.0548
vn -0.4997 -0.3585 0.7885
vn 0.4927 -0.3219 0.8085
vn 0.5590 -0.2992 -0.7733
vn 0.5591 -0.2991 -0.7733
vn 0.0953 -0.3585 0.9286
vn 0.5471 -0.7000 0.4590
vn 0.5293 0.4304 -0.7312
vn -0.8423 0.5373 -0.0421
vn 0.9154 0.3737 -0.1499
vn -0.1240 0.6999 -0.7034
vn 0.6107 -0.4057 -0.6800
vn -0.9000 -0.3581 0.2485
vn -0.9000 -0.3581 0.2484
vn -0.4976 -0.3304 0.8020
vn 0.9485 -0.2892 -0.1294
vn 0.5113 -0.4801 -0.7129
vn 0.0284 -0.9871 0.1577
vn 0.0791 -0.9871 0.1395
vn 0.0590 -0.9909 0.1209
vn 0.6711 0.7000 -0.2443
vn 0.1073 -0.3537 0.9292
vn 0.2412 -0.4091 0.8800
vn 0.2412 -0.4092 0.8800
vn 0.8845 0.4441 -0.1430
vn 0.1760 0.2424 0.9541
vn 0.6945 -0.3581 0.6240
vn 0.4512 0.4371 -0.7780
vn -0.9076 -0.3773 0.1842
vn -0.5187 -0.4652 0.7174
vn 0.7108 0.4305 0.5562
vn 0.0634 0.4083 0.9106
vn -0.2342 0.4182 -0.8776
vn -0.1444 -0.4654 -0.8733
vn -0.5833 0.2424 0.7752
vn -0.5833 0.2424 0.7753
vn 0.7531 0.3709 0.5434
vn 0.5713 -0.3759 -0.7296
vn -0.7142 -0.7000 -0.0000
vn -0.2001 -0.4180 -0.8862
vn -0.3591 -0.4425 0.8217
vn 0.7552 0.5030 0.4205
vn 0.7552 0.5030 0.4204
vn 0.7551 0.5030 0.4205
vn -0.2309 -0.8872 -0.3994
vn -0.2307 -0.8872 -0.3997
vn -0.3551 -0.8889 -0.2895
vn 0.1716 0.1536 -0.9731
vn -0.3538 -0.8868 0.2973
vn -0.3538 -0.8868 0.2974
vn -0.8963 0.3430 0.2811
vn 0.4812 0.4746 0.7370
vn -0.0796 -0.9871 0.1392
vn -0.0293 -0.9871 0.1576
vn -0.0328 -0.9909 0.1304
vn 0.1553 -0.4471 -0.8809
vn 0.0100 0.9996 0.0263
vn -0.1504 0.9582 -0.2435
vn -0.1803 0.9590 -0.2188
vn 0.1553 -0.4471 0.8809
vn 0.0537 -0.9965 -0.0639
vn 0.0888 -0.9904 -0.1059
vn 0.1347 -0.9839 -0.1178
vn 0.1486 0.9889 0.0016
vn 0.1823 0.9782 -0.0995
vn 0.1152 0.9925 -0.0418
vn 0.2945 -0.1062 -0.9497
vn 0.2446 -0.0665 -0.9674
vn 0.3211 -0.0654 -0.9448
vn -0.9636 0.1334 0.2317
vn -0.9637 0.1331 0.2316
vn -0.1872 -0.7607 0.6215
vn -0.1864 -0.7598 0.6229
vn -0.6912 -0.0842 0.7177
vn -0.6929 -0.0757 0.7171
vn -0.7485 -0.0670 0.6597
vn -0.2306 0.1411 -0.9628
vn -0.2305 0.1408 -0.9628
vn -0.2307 0.1412 -0.9627
vn 0.7198 0.1364 -0.6807
vn 0.7201 0.1360 -0.6804
vn 0.7205 0.1363 -0.6799
vn 0.4337 -0.8871 0.1578
vn 0.4335 -0.8872 0.1580
vn -0.2039 -0.4656 -0.8612
vn -0.2013 -0.4664 -0.8614
vn -0.2028 -0.4665 -0.8610
vn -0.9881 -0.1536 -0.0000
vn -0.8455 -0.4689 -0.2554
vn -0.8452 -0.4698 -0.2549
vn -0.7527 -0.6179 -0.2273
vn -0.7537 -0.6169 -0.2266
vn -0.7537 -0.6171 -0.2263
vn -0.4515 -0.7528 -0.4790
vn -0.4539 -0.7518 -0.4782
vn -0.4469 -0.7557 -0.4787
vn 0.4499 -0.7609 0.4676
vn 0.4495 -0.7603 0.4690
vn 0.4498 -0.7592 0.4705
vn -0.9665 -0.0668 -0.2478
vn -0.9451 -0.0667 -0.3198
vn -0.9534 -0.0916 -0.2874
vn 0.8793 0.3826 0.2835
vn 0.5696 -0.6165 -0.5436
vn 0.5684 -0.6177 -0.5434
vn 0.5703 -0.6163 -0.5431
vn 0.1494 -0.7606 0.6317
vn 0.1500 -0.7601 0.6323
vn 0.1496 -0.7605 0.6319
vn -0.9783 -0.0701 0.1951
vn -0.9448 -0.1335 0.2993
vn -0.9615 -0.0674 0.2662
vn 0.6257 -0.7582 0.1833
vn 0.6255 -0.7586 0.1823
vn 0.6248 -0.7593 0.1817
vn -0.5745 0.8016 -0.1656
vn -0.5754 0.8010 -0.1652
vn 0.2233 -0.6112 -0.7593
vn 0.2252 -0.6162 -0.7547
vn 0.2276 -0.6147 -0.7552
vn 0.9637 -0.1333 -0.2314
vn 0.0942 0.9922 -0.0822
vn 0.1222 0.9920 -0.0309
vn 0.0997 0.9947 -0.0265
vn 0.0869 0.9258 0.3678
vn 0.0886 0.9264 0.3659
vn 0.0852 0.9238 0.3733
vn -0.6680 -0.3953 0.6304
vn -0.6681 -0.3941 0.6312
vn -0.6680 -0.3945 0.6310
vn -0.0864 0.9290 -0.3600
vn -0.0860 0.9291 -0.3598
vn -0.6373 -0.4739 0.6077
vn -0.6396 -0.4729 0.6061
vn -0.6385 -0.4731 0.6070
vn -0.2616 -0.3981 0.8793
vn -0.2610 -0.3976 0.8797
vn 0.5404 -0.6215 0.5672
vn 0.5405 -0.6213 0.5674
vn 0.5406 -0.6213 0.5673
vn 0.6607 -0.0721 0.7472
vn 0.6757 -0.1128 0.7285
vn 0.7110 -0.0712 0.6996
vn 0.6073 -0.4766 0.6356
vn 0.6096 -0.4759 0.6339
vn 0.6081 -0.4766 0.6349
vn 0.3646 0.9272 -0.0864
vn 0.3633 0.9280 -0.0833
vn 0.3602 0.9294 -0.0807
vn 0.9180 0.2411 0.3148
vn 0.7559 -0.0701 -0.6510
vn 0.7159 -0.1043 -0.6904
vn 0.6978 -0.0655 -0.7133
vn -0.4734 -0.7595 0.4462
vn -0.4749 -0.7588 0.4457
vn -0.4762 -0.7577 0.4461
vn 0.6334 0.3856 0.6709
vn 0.4755 -0.7531 -0.4547
vn 0.4744 -0.7539 -0.4545
vn 0.4732 -0.7548 -0.4542
vn 0.2140 0.3842 0.8981
vn 0.1824 0.6157 0.7666
vn 0.1823 0.6156 0.7667
vn -0.4242 0.5030 -0.7530
vn 0.2619 0.3979 -0.8793
vn 0.2613 0.3977 -0.8795
vn 0.2611 0.3976 -0.8796
vn -0.6326 0.3959 -0.6656
vn -0.6327 0.3958 -0.6656
vn 0.2118 0.3644 -0.9068
vn -0.7635 -0.6205 0.1791
vn 0.3559 0.4354 -0.8269
vn 0.3558 0.4354 -0.8269
vn -0.6278 -0.7546 -0.1908
vn -0.6276 -0.7549 -0.1904
vn 0.6349 -0.7565 -0.1565
vn -0.9641 -0.1323 0.2303
vn -0.9641 -0.1324 0.2303
vn -0.9641 -0.1322 0.2302
vn 0.8813 -0.3943 0.2605
vn 0.8812 -0.3946 0.2604
vn -0.7620 0.6205 0.1853
vn -0.7612 0.6212 0.1863
vn -0.7619 0.6206 0.1855
vn 0.5747 0.7993 0.1757
vn 0.5753 0.7985 0.1772
vn 0.5748 0.7989 0.1771
vn 0.1055 0.9295 -0.3533
vn 0.1055 0.9295 -0.3534
vn -0.2673 -0.0647 -0.9615
vn -0.1896 -0.0649 -0.9797
vn -0.2606 -0.1096 -0.9592
vn 0.2489 -0.4676 -0.8482
vn 0.2494 -0.4675 -0.8481
vn -0.6083 -0.4668 -0.6419
vn -0.4098 0.8035 -0.4317
vn -0.4116 0.8026 -0.4318
vn -0.4099 0.8031 -0.4325
vn -0.8257 -0.3895 -0.4081
vn 0.7198 -0.1299 -0.6819
vn 0.7189 -0.1340 -0.6821
vn 0.7212 -0.1307 -0.6803
vn 0.7527 0.6180 0.2271
vn 0.7527 0.6183 0.2264
vn 0.7527 0.6182 0.2266
vn 0.0361 0.9923 -0.1182
vn -0.5826 0.8002 0.1425
vn -0.5815 0.8008 0.1436
vn -0.5828 0.8000 0.1423
vn -0.5403 -0.6145 -0.5748
vn -0.5401 -0.6172 -0.5721
vn -0.5390 -0.6153 -0.5752
vn -0.8580 -0.4715 0.2038
vn -0.8578 -0.4720 0.2034
vn 0.7630 0.6210 -0.1795
vn 0.7645 0.6187 -0.1809
vn 0.7638 0.6203 -0.1786
vn -0.2128 -0.3866 -0.8973
vn -0.2123 -0.3860 -0.8977
vn -0.2121 -0.3859 -0.8978
vn -0.0829 0.9924 -0.0908
vn -0.0306 0.9924 -0.1192
vn -0.0267 0.9950 -0.0963
vn -0.8367 -0.4976 -0.2286
vn -0.8724 -0.4479 -0.1956
vn -0.8775 -0.4396 -0.1917
vn 0.0322 0.9913 0.1273
vn -0.1821 0.6246 -0.7594
vn -0.1808 0.6259 -0.7586
vn -0.1842 0.6239 -0.7595
vn 0.5712 0.6211 -0.5366
vn 0.5707 0.6213 -0.5369
vn 0.8945 -0.3910 -0.2167
vn 0.8946 -0.3908 -0.2167
vn 0.7523 -0.6205 0.2215
vn 0.7537 -0.6191 0.2206
vn 0.7536 -0.6194 0.2202
vn 0.1414 0.7949 0.5900
vn 0.1377 0.7966 0.5886
vn 0.1379 0.7972 0.5878
vn -0.6347 -0.3857 -0.6696
vn -0.6337 -0.3869 -0.6699
vn -0.6333 -0.3865 -0.6705
vn -0.2131 0.3985 -0.8921
vn -0.2144 0.3950 -0.8933
vn -0.2116 0.3974 -0.8929
vn -0.2548 -0.4742 0.8427
vn -0.2532 -0.4795 0.8402
vn -0.2578 -0.4754 0.8411
vn -0.6370 -0.7563 0.1489
vn -0.6370 -0.7564 0.1487
vn -0.2814 -0.1403 0.9493
vn -0.2818 -0.1411 0.9490
vn -0.2818 -0.1408 0.9491
vn -0.2942 0.4919 -0.8194
vn -0.2547 0.9287 -0.2695
vn -0.2545 0.9292 -0.2679
vn -0.3592 0.9280 -0.0986
vn -0.3601 0.9275 -0.0998
vn -0.3590 0.9281 -0.0982
vn -0.6825 -0.1279 -0.7196
vn -0.6818 -0.1301 -0.7198
vn -0.6811 -0.1296 -0.7207
vn 0.5841 0.8002 -0.1358
vn 0.8946 0.3931 -0.2124
vn 0.8946 0.3925 -0.2135
vn 0.8946 0.3925 -0.2136
vn 0.9642 0.1318 -0.2301
vn 0.9640 0.1324 -0.2306
vn 0.2304 -0.1413 0.9628
vn 0.2312 -0.1410 0.9626
vn 0.2306 -0.1422 0.9626
vn 0.5398 0.6165 0.5733
vn 0.5401 0.6168 0.5726
vn 0.7630 -0.6192 -0.1857
vn 0.7634 -0.6184 -0.1866
vn 0.7633 -0.6185 -0.1865
vn -0.1071 0.9252 0.3640
vn -0.1067 0.9254 0.3636
vn -0.1068 0.9251 0.3643
vn -0.3191 -0.0869 0.9437
vn -0.2499 -0.0724 0.9656
vn -0.3170 -0.0713 0.9457
vn -0.8951 -0.3924 0.2119
vn -0.8953 -0.3911 0.2132
vn -0.7193 0.1341 0.6816
vn -0.7202 0.1301 0.6815
vn -0.7214 0.1308 0.6800
vn -0.7133 -0.0651 -0.6978
vn -0.6583 -0.0649 -0.7500
vn -0.6564 -0.0931 -0.7486
vn 0.2320 -0.8870 -0.3992
vn 0.3585 0.9264 0.1150
vn 0.3606 0.9257 0.1142
vn 0.3585 0.9264 0.1151
vn -0.1508 -0.7509 -0.6430
vn -0.1527 -0.7522 -0.6410
vn -0.1543 -0.7556 -0.6365
vn -0.2300 -0.1302 -0.9644
vn -0.2298 -0.1264 -0.9650
vn -0.2320 -0.1294 -0.9641
vn -0.8814 0.3949 -0.2593
vn -0.8820 0.3928 -0.2603
vn -0.8815 0.3935 -0.2612
vn -0.1382 0.8056 -0.5762
vn -0.1390 0.8050 -0.5767
vn -0.1380 0.8052 -0.5768
vn 0.4348 0.8028 -0.4079
vn 0.4349 0.8021 -0.4092
vn 0.4348 0.8040 -0.4056
vn 0.6326 -0.3959 0.6656
vn 0.6325 -0.3960 0.6656
vn 0.6316 -0.3966 0.6662
vn 0.6681 0.3959 -0.6301
vn 0.6681 0.3958 -0.6301
vn -0.5701 -0.6214 0.5375
vn -0.5697 -0.6231 0.5359
vn -0.5706 -0.6224 0.5358
vn 0.2016 -0.4760 0.8561
vn 0.2033 -0.4763 0.8554
vn 0.2021 -0.4775 0.8551
vn 0.9529 -0.1007 0.2859
vn 0.9669 -0.0693 0.2457
vn 0.9459 -0.0720 0.3164
vn -0.9498 0.1373 -0.2813
vn -0.9497 0.1370 -0.2815
vn 0.6683 -0.3875 -0.6350
vn 0.6679 -0.3878 -0.6352
vn 0.8446 -0.4739 0.2492
vn 0.2308 0.1304 0.9642
vn -0.7505 0.6233 -0.2196
vn -0.7510 0.6224 -0.2205
vn -0.7513 0.6216 -0.2217
vn 0.1698 0.8050 -0.5684
vn 0.1695 0.8048 -0.5689
vn 0.1700 0.8053 -0.5680
vn -0.2725 0.9259 0.2615
vn -0.2721 0.9261 0.2615
vn -0.2730 0.9258 0.2615
vn -0.7200 -0.1352 0.6807
vn -0.7201 -0.1385 0.6799
vn -0.7214 -0.1380 0.6786
vn -0.5684 0.6180 0.5431
vn -0.5693 0.6175 0.5428
vn -0.1704 0.7970 0.5795
vn 0.1838 -0.7546 -0.6299
vn 0.1863 -0.7536 -0.6303
vn 0.1898 -0.7509 -0.6326
vn -0.5392 0.6247 -0.5648
vn -0.5390 0.6242 -0.5656
vn -0.2231 0.6156 0.7558
vn 0.9580 -0.0884 -0.2726
vn 0.9782 -0.0660 -0.1969
vn 0.9877 -0.0551 -0.1462
vn 0.4343 -0.8870 0.1568
vn 0.4343 -0.8870 0.1567
vn -0.8635 0.5030 -0.0361
vn -0.0366 0.9914 0.1253
vn -0.0913 0.9916 0.0918
vn -0.0721 0.9945 0.0755
vn 0.4171 0.7958 0.4389
vn 0.4143 0.7974 0.4387
vn 0.4168 0.7966 0.4377
vn -0.8825 -0.3888 -0.2647
vn 0.2311 0.8868 -0.4003
vn 0.2570 0.9265 0.2748
vn 0.2600 0.9258 0.2744
vn 0.2628 0.9247 0.2755
vn -0.2245 -0.6229 0.7494
vn -0.2238 -0.6232 0.7493
vn -0.2238 -0.6222 0.7502
vn 0.2232 0.6225 -0.7501
vn 0.2234 0.6229 -0.7498
vn 0.2237 0.6230 -0.7496
vn 0.2132 -0.3985 0.8921
vn 0.2142 -0.3952 0.8932
vn 0.2158 -0.3955 0.8928
vn 0.2829 0.1397 -0.9489
vn 0.2822 0.1396 -0.9492
vn 0.2816 0.1393 -0.9494
vn 0.2824 -0.1321 -0.9502
vn 0.1203 0.9917 0.0460
vn 0.0899 0.9914 0.0956
vn 0.0754 0.9941 0.0782
vn 0.2673 -0.0733 0.9608
vn 0.1930 -0.0728 0.9785
vn 0.1924 -0.1014 0.9761
vn -0.6811 0.1402 -0.7186
vn 0.1103 -0.9451 0.3075
vn 0.1728 -0.9397 0.2950
vn 0.1857 -0.7966 0.5753
vn -0.0603 -0.9925 -0.1066
vn 0.0209 -0.9924 -0.1211
vn -0.0736 -0.9889 -0.1288
vn -0.1221 0.9871 -0.1039
vn -0.0813 0.9870 -0.1387
vn -0.0751 0.9909 -0.1120
vn -0.1402 -0.9889 -0.0484
vn -0.1625 -0.9661 -0.2005
vn -0.0938 -0.9926 -0.0775
vn 0.1120 -0.9929 -0.0408
vn 0.2167 -0.9760 -0.0211
vn -0.3611 0.9300 0.0681
vn -0.3625 0.9301 0.0596
vn -0.6239 0.7695 0.1363
vn -0.1822 0.9783 0.0989
vn -0.1393 0.9890 -0.0506
vn -0.1486 0.9889 -0.0022
vn -0.1120 -0.9929 -0.0405
vn -0.1795 -0.9760 -0.1230
vn -0.1890 -0.9572 0.2190
vn -0.1475 -0.9523 0.2671
vn -0.3877 -0.8197 0.4216
vn 0.0591 0.9929 0.1030
vn 0.0592 0.9929 0.1030
vn 0.1522 0.9761 0.1549
vn -0.1116 0.9929 -0.0406
vn -0.2164 0.9761 -0.0211
vn -0.1553 -0.4471 -0.8809
vn -0.7710 0.4896 -0.4073
vn -0.7710 0.4895 -0.4073
vn 0.8158 0.4069 -0.4110
vn 0.8411 -0.3759 0.3889
vn -0.8172 -0.4651 -0.3403
vn -0.8172 -0.4651 -0.3404
vn 0.5471 0.7000 -0.4590
vn -0.1521 0.5373 -0.8295
vn 0.8809 -0.2992 0.3669
vn 0.8809 -0.2992 0.3668
vn 0.3565 0.3693 0.8582
vn -0.8877 -0.2798 -0.3657
vn -0.8821 -0.3585 0.3057
vn 0.6626 -0.3540 -0.6600
vn 0.4147 0.1859 0.8908
vn 0.8978 -0.3609 -0.2524
vn -0.1241 0.9917 0.0323
vn -0.1227 0.9921 -0.0254
vn -0.1014 0.9947 -0.0179
vn 0.8171 -0.4652 -0.3405
vn 0.8015 -0.4085 0.4368
vn 0.4812 0.4746 -0.7370
vn -0.8883 0.2424 0.3900
vn 0.2276 0.8904 0.3942
vn 0.8648 0.3541 0.3559
vn -0.8798 -0.3537 -0.3175
vn 0.9174 0.1654 0.3620
vn 0.4626 0.8866 -0.0000
vn 0.8330 0.4304 0.3476
vn -0.4946 0.3274 -0.8051
vn -0.3633 0.4247 0.8292
vn 0.1817 -0.9783 0.0993
vn 0.1390 -0.9890 -0.0503
vn 0.1483 -0.9889 -0.0019
vn 0.3451 0.3139 -0.8845
vn 0.3217 0.2929 -0.9004
vn 0.3203 0.2859 -0.9031
vn 0.3198 0.4560 -0.8305
vn -0.8644 0.3320 -0.3777
vn -0.8618 0.2807 -0.4224
vn -0.8634 0.2849 -0.4163
vn -0.5471 -0.7000 0.4590
vn -0.4482 -0.3581 0.8191
vn -0.8883 0.2424 -0.3900
vn -0.3697 -0.2658 -0.8903
vn -0.3695 -0.2659 -0.8904
vn -0.8016 -0.4052 0.4396
vn -0.0803 -0.8866 -0.4556
vn -0.3189 -0.3800 0.8683
vn -0.3628 -0.3127 0.8778
vn -0.8434 0.4103 -0.3468
vn -0.8434 0.4104 -0.3469
vn 0.6711 0.7000 0.2443
vn 0.8516 0.4411 -0.2832
vn 0.2668 -0.3670 0.8911
vn -0.8443 0.4589 0.2766
vn 0.3637 -0.4070 -0.8379
vn 0.3836 -0.3846 -0.8396
vn 0.3830 -0.3915 -0.8367
vn 0.5405 -0.3822 -0.7495
vn -0.6711 -0.7000 -0.2443
vn -0.2851 -0.4934 -0.8218
vn -0.2316 -0.8869 0.3997
vn 0.8411 -0.3759 -0.3889
vn -0.6711 0.6999 0.2443
vn 0.3521 0.3959 -0.8481
vn 0.2253 -0.3964 -0.8900
vn 0.4147 0.1859 -0.8908
vn 0.3467 -0.8888 -0.2996
vn 0.3912 0.3941 0.8316
vn -0.1824 -0.6113 -0.7700
vn -0.1842 -0.6171 -0.7650
vn -0.1798 -0.6111 -0.7709
vn -0.8821 -0.3585 -0.3057
vn 0.8579 -0.4703 -0.2068
vn 0.8564 -0.4717 -0.2099
vn 0.8556 -0.4743 -0.2073
vn 0.3977 0.2406 0.8854
vn -0.7142 0.6999 -0.0000
vn 0.8583 -0.2928 0.4214
vn 0.8583 -0.2927 0.4214
vn 0.0801 -0.8870 -0.4547
vn 0.8785 0.2935 -0.3769
vn 0.8716 0.2591 -0.4162
vn 0.8698 0.2648 -0.4164
vn -0.9211 0.3590 0.1507
vn -0.9211 0.3589 0.1509
vn -0.9031 0.2946 0.3126
vn -0.3307 0.2170 -0.9184
vn -0.3862 0.2694 0.8822
vn -0.3861 0.2695 0.8822
vn -0.8975 -0.3241 -0.2990
vn -0.3337 -0.4921 0.8040
vn 0.4626 -0.8866 -0.0000
vn -0.3443 -0.2840 0.8949
vn 0.6681 -0.3721 0.6443
vn -0.7703 0.3167 -0.5534
vn -0.7704 0.3168 -0.5534
vn -0.8808 -0.2992 0.3669
vn 0.8607 -0.5079 0.0346
vn 0.7141 -0.7000 -0.0000
vn -0.9168 -0.3573 0.1785
vn -0.7654 0.3970 -0.5066
vn 0.8604 -0.4898 -0.1408
vn -0.7720 0.1859 -0.6078
vn -0.1240 0.6999 0.7033
vn -0.9155 0.3855 0.1151
vn -0.5439 -0.2958 0.7853
vn 0.1388 -0.4813 0.8655
vn 0.1553 0.4471 0.8809
vn 0.1492 0.3536 0.9234
vn 0.1491 0.3537 0.9234
vn -0.0841 -0.3262 -0.9416
vn -0.9363 0.3168 0.1515
vn -0.9363 0.3168 0.1514
vn 0.0866 0.8888 0.4501
vn 0.2153 -0.2941 0.9312
vn 0.8277 0.4746 -0.2994
vn 0.7066 -0.4912 0.5093
vn 0.7067 -0.4912 0.5093
vn -0.6071 0.4746 -0.6373
vn 0.4329 0.8874 0.1585
vn 0.5471 -0.7000 -0.4590
vn -0.6711 -0.7000 0.2443
vn 0.6054 -0.3008 -0.7369
vn -0.7236 -0.4535 -0.5203
vn -0.7237 -0.4536 -0.5202
vn -0.1421 0.1654 -0.9759
vn 0.9179 -0.3964 -0.0153
vn -0.8147 -0.3964 -0.4233
vn 0.5627 0.1654 -0.8100
vn 0.9621 0.1859 -0.1995
vn 0.3535 -0.8872 0.2966
vn -0.9698 0.2170 0.1114
vn 0.7278 0.4441 0.5226
vn 0.7710 -0.3130 0.5546
vn 0.4709 0.4411 -0.7640
vn -0.7681 0.2874 -0.5722
vn -0.4473 -0.4471 -0.7746
vn -0.1449 0.4108 -0.9001
vn -0.1450 0.4109 -0.9001
vn -0.5302 0.5980 0.6010
vn 0.8405 -0.4471 -0.3059
vn -0.0805 0.4411 -0.8938
vn -0.0804 0.4411 -0.8938
vn -0.7490 -0.4303 -0.5037
vn 0.4339 -0.8871 -0.1576
vn 0.1555 -0.2987 0.9416
vn 0.5026 0.2835 -0.8167
vn 0.9011 -0.3069 -0.3064
vn -0.1523 -0.2794 -0.9480
vn 0.9186 -0.3793 -0.1105
vn 0.0966 0.2471 0.9642
vn 0.8182 0.2170 0.5325
vn -0.5535 0.3906 0.7356
vn 0.7726 0.5373 0.3382
vn 0.1465 0.4310 0.8904
vn 0.1466 0.4309 0.8904
vn 0.2063 0.5981 0.7745
vn -0.7632 0.3768 -0.5249
vn -0.0406 -0.4529 -0.8906
vn -0.5529 0.3324 0.7641
vn 0.8802 0.4400 -0.1778
vn -0.6013 0.3886 0.6981
vn -0.2201 -0.3540 -0.9090
vn 0.9410 0.2856 -0.1818
vn -0.8854 -0.3721 0.2784
vn 0.5745 -0.4179 -0.7037
vn -0.1857 -0.3759 -0.9079
vn -0.5107 -0.3537 0.7836
vn -0.4343 0.8870 0.1568
vn -0.7697 -0.2809 -0.5733
vn -0.4278 0.8904 -0.1557
vn 0.4473 -0.4471 -0.7746
vn -0.5117 -0.4009 0.7599
vn -0.5118 -0.4009 0.7598
vn -0.9420 -0.2981 0.1540
vn -0.7412 -0.3566 -0.5687
vn 0.6711 -0.7000 0.2442
vn 0.7923 -0.2804 0.5419
vn 0.7662 0.2702 0.5830
vn 0.2313 0.8866 -0.4006
vn -0.0793 -0.8869 0.4550
vn -0.0792 -0.8869 0.4550
vn 0.1240 0.6999 -0.7034
vn 0.0808 0.8871 -0.4545
vn 0.0808 0.8871 -0.4544
vn 0.3620 0.3168 -0.8767
vn -0.4740 -0.3721 0.7980
vn 0.4336 0.8872 -0.1578
vn -0.3644 0.9268 0.0914
vn 0.8942 -0.3309 -0.3014
vn -0.0791 0.8870 0.4549
vn -0.1521 0.5373 0.8295
vn 0.7142 0.7000 -0.0000
vn 0.3700 -0.2654 -0.8903
vn 0.3698 -0.2657 -0.8903
vn -0.0279 -0.9996 -0.0051
vn 0.2656 -0.9582 0.1058
vn 0.2464 -0.9591 0.1396
vn -0.8568 -0.2995 0.4197
vn -0.0183 0.9998 -0.0114
vn 0.2775 0.9562 0.0929
vn 0.2844 0.9571 0.0553
vn 0.3851 -0.3540 -0.8523
vn -0.2619 0.3857 0.8847
vn -0.2613 0.3861 0.8847
vn -0.2615 0.3860 0.8847
vn 0.6811 -0.1402 0.7186
vn 0.8877 -0.2798 -0.3657
vn 0.8516 0.4411 0.2832
vn -0.2232 -0.8889 -0.4001
vn 0.3536 -0.8868 0.2974
vn 0.3534 -0.8869 0.2975
vn -0.6170 -0.3540 -0.7028
vn -0.1502 0.9870 0.0570
vn -0.1232 0.9870 0.1037
vn -0.1088 0.9908 0.0804
vn -0.4626 0.8866 -0.0000
vn 0.8825 0.3888 0.2647
vn 0.1811 -0.6225 0.7613
vn -0.2816 0.1320 0.9504
vn -0.2824 0.1316 0.9502
vn 0.6400 -0.4696 -0.6082
vn -0.4350 0.7985 0.4161
vn 0.1287 0.4354 0.8910
vn 0.5405 -0.3822 0.7495
vn -0.2201 -0.3540 0.9090
vn 0.2697 0.9291 -0.2529
vn -0.9501 -0.1307 -0.2831
vn -0.5374 0.3728 -0.7565
vn -0.1232 -0.4425 -0.8883
vn -0.1232 -0.4425 0.8883
vn 0.7551 0.5030 -0.4204
vn 0.8933 -0.3540 -0.2769
vn 0.1287 0.4354 -0.8910
vn -0.8257 -0.3895 0.4081
vn -0.9004 0.3094 -0.3058
vn -0.4946 0.3274 0.8051
vn -0.9397 0.3213 0.1173
vn 0.5441 0.3559 -0.7598
vn -0.5374 0.3728 0.7565
vn 0.3467 0.8889 0.2994
vn 0.8177 0.4047 -0.4094
vn 0.8177 0.4047 0.4094
vn -0.7519 -0.5079 0.4203
vn -0.2873 -0.3540 0.8900
vn -0.2872 -0.3540 0.8900
vn -0.5753 0.4354 0.6925
vn 0.2119 0.3644 0.9068
vn 0.3509 -0.2796 0.8937
vn 0.4927 -0.3219 -0.8085
vn 0.8933 -0.3540 0.2769
vn -0.7519 -0.5079 -0.4203
vn 0.9111 0.3430 0.2286
vn -0.9005 0.3093 0.3058
vn -0.9005 0.3094 0.3058
vn -0.7065 0.5981 0.3783
vn -0.7065 0.5980 0.3783
vn 0.4907 -0.3895 0.7794
vn -0.0692 -0.3822 -0.9215
vn -0.6679 0.3876 0.6353
vn -0.6082 -0.3069 -0.7321
vn 0.9172 -0.3895 0.0834
vn -0.8963 0.3430 -0.2811
vn -0.3419 0.4441 0.8282
vn 0.9011 -0.3069 0.3064
vn 0.3419 0.4441 0.8282
vn 0.2932 0.3644 -0.8839
vn 0.0023 -0.3219 -0.9468
vn -0.9284 -0.3069 -0.2096
vn 0.2253 -0.3964 0.8900
vn -0.6545 0.3644 0.6625
vn -0.6544 0.3644 0.6625
vn -0.4833 0.4047 -0.7763
vn 0.6173 0.3430 0.7080
vn -0.9111 0.4047 -0.0782
vn -0.7142 0.7000 -0.0000
vn 0.6815 0.1302 0.7202
vn 0.9378 -0.3124 -0.1517
vn 0.9377 -0.3125 -0.1518
vn 0.9275 0.3093 0.2098
vn 0.9275 0.3094 0.2098
vn 0.8535 0.3728 -0.3642
vn -0.8525 -0.3822 0.3566
vn 0.0011 0.3274 0.9449
vn 0.5692 -0.4425 -0.6930
vn -0.2213 0.2663 -0.9382
vn -0.8425 -0.3219 0.4319
vn 0.9501 0.1309 0.2830
vn 0.4215 -0.5079 0.7512
vn 0.8238 -0.4541 -0.3393
vn -0.3986 -0.4201 -0.8152
vn -0.0929 0.9925 0.0789
vn 0.0225 0.9963 0.0834
vn -0.1132 0.9890 0.0954
vn 0.8424 0.3274 -0.4280
vn 0.7570 -0.1536 0.6352
vn -0.0868 -0.8887 -0.4502
vn 0.3535 0.8869 0.2974
vn -0.3538 -0.8871 -0.2965
vn 0.7570 0.1536 0.6352
vn 0.1219 0.9870 -0.1045
vn 0.0966 0.9909 -0.0939
vn 0.0526 0.9813 -0.1854
vn 0.7569 -0.1536 -0.6352
vn 0.1240 0.6999 0.7034
vn -0.1554 0.4472 -0.8809
vn -0.5471 0.7000 -0.4590
vn -0.1553 -0.4471 0.8809
vn 0.4279 -0.8903 -0.1557
vn 0.4583 -0.8888 -0.0072
vn -0.0225 0.9963 -0.0831
vn 0.1131 0.9890 -0.0951
vn 0.0758 0.9889 -0.1274
vn 0.0927 0.9926 -0.0788
vn -0.7570 0.1536 -0.6352
vn 0.4584 0.8887 -0.0073
vn -0.1503 -0.9870 0.0564
vn -0.1228 -0.9909 0.0557
vn -0.7569 -0.1536 0.6352
vn 0.4343 0.8869 0.1574
vn 0.4343 0.8869 0.1573
vn -0.4336 0.8872 0.1578
vn 0.0294 0.9870 0.1578
vn 0.0329 0.9909 0.1306
vn 0.0799 0.9870 0.1393
vn 0.6711 -0.7000 -0.2443
vn 0.3557 -0.8888 -0.2891
vn -0.2302 0.8869 -0.4004
vn -0.2305 0.8869 -0.4004
vn -0.0803 -0.8867 0.4553
vn -0.0805 0.8870 0.4547
vn -0.0808 0.8871 0.4545
vn -0.0290 -0.9871 0.1575
vn -0.0325 -0.9909 0.1303
vn 0.0791 0.8870 0.4549
vn 0.0792 0.8870 0.4549
vn -0.0286 0.9870 -0.1583
vn -0.0318 0.9909 -0.1310
vn -0.3542 -0.8867 0.2972
vn 0.1553 0.4471 -0.8809
vn 0.0803 -0.8867 -0.4553
vn -0.4340 0.8871 -0.1574
vn -0.4340 0.8871 -0.1573
vn 0.7569 0.1536 -0.6352
vn 0.3542 0.8869 -0.2967
vn -0.5471 0.6999 0.4591
vn -0.3544 0.8870 -0.2961
vn -0.1553 0.4471 0.8809
vn -0.4344 -0.8869 0.1572
vn -0.4344 -0.8869 0.1574
vn -0.7570 -0.1536 -0.6352
vn -0.3535 0.8873 0.2963
vn 0.9497 -0.1371 0.2814
vn 0.8434 0.4104 -0.3469
vn -0.3536 0.2848 -0.8910
vn -0.5471 -0.7000 -0.4590
vn -0.6711 0.7000 0.2442
vn -0.0806 0.8868 -0.4550
vn -0.0806 0.8868 -0.4551
vn -0.7569 0.1536 0.6352
vn 0.2314 -0.8868 0.4000
vn 0.0803 0.8867 -0.4552
vn 0.0803 -0.8867 0.4553
vn -0.8949 0.3904 0.2164
vn -0.2319 0.8871 -0.3992
vn -0.2319 0.8870 -0.3992
vn -0.0792 0.8870 -0.4550
vn 0.2314 0.8868 0.4000
vn -0.4618 -0.8870 -0.0003
vn -0.4278 -0.8904 -0.1557
vn 0.0808 -0.8871 0.4545
vn -0.6711 0.6999 -0.2443
vn 0.1088 -0.9908 0.0802
vn 0.1501 -0.9870 0.0569
vn -0.3536 0.8869 0.2974
vn -0.3535 0.8869 0.2974
vn -0.8797 -0.4536 0.1426
vn -0.8798 -0.4535 0.1426
vn 0.2616 -0.3857 -0.8848
vn -0.4343 -0.8870 0.1569
vn -0.4343 -0.8870 0.1570
vn 0.0183 -0.9998 -0.0115
vn 0.0214 -0.9998 -0.0030
vn -0.2774 -0.9563 0.0929
vn -0.2311 0.8867 0.4003
vn -0.0803 0.9869 0.1399
vn -0.0603 0.9908 0.1211
vn -0.0295 0.9870 0.1579
vn 0.3631 -0.3130 0.8776
vn 0.2349 -0.8889 -0.3934
vn 0.3404 -0.4536 -0.8236
vn -0.8648 0.3542 0.3559
vn -0.7065 0.5981 -0.3783
vn 0.3338 -0.4922 0.8039
vn 0.1237 0.9870 0.1027
vn 0.1089 0.9909 0.0797
vn 0.1503 0.9870 0.0563
vn 0.1130 -0.9890 0.0950
vn 0.0758 -0.9890 0.1272
vn 0.0926 -0.9926 0.0785
vn 0.0927 -0.9926 0.0787
vn 0.0327 -0.9862 0.1621
vn -0.0226 -0.9963 0.0831
vn -0.3523 0.3958 -0.8481
vn -0.4481 -0.3581 -0.8191
vn -0.3404 -0.4536 -0.8236
vn 0.0289 -0.9869 -0.1587
vn 0.0321 -0.9908 -0.1314
vn 0.0794 -0.9870 -0.1398
vn 0.3535 0.8872 -0.2966
vn -0.0239 0.9966 -0.0789
vn 0.0265 0.9871 -0.1582
vn 0.3169 -0.3807 0.8687
vn -0.3564 0.3692 0.8583
vn -0.3621 0.3167 -0.8767
vn -0.4583 -0.8887 -0.0071
vn -0.8798 -0.3537 0.3174
vn -0.8106 -0.4811 0.3339
vn -0.1528 0.3318 -0.9309
vn 0.8106 -0.4811 0.3339
vn -0.1234 -0.9871 0.1023
vn -0.1084 -0.9909 0.0792
vn 0.5589 -0.2993 -0.7733
vn 0.5589 -0.2993 -0.7734
vn -0.4976 -0.3303 0.8020
vn 0.9485 -0.2892 -0.1293
vn 0.5113 -0.4800 -0.7128
vn 0.5113 -0.4800 -0.7129
vn 0.0285 -0.9871 0.1576
vn 0.0326 -0.9909 0.1305
vn 0.0790 -0.9871 0.1394
vn 0.5471 0.7000 0.4591
vn 0.8844 0.4442 -0.1431
vn 0.8844 0.4443 -0.1432
vn 0.8844 0.4443 -0.1431
vn 0.6946 -0.3581 0.6240
vn -0.9076 -0.3774 0.1841
vn -0.5186 -0.4651 0.7174
vn -0.2342 0.4183 -0.8776
vn -0.1443 -0.4653 -0.8733
vn 0.7530 0.3709 0.5435
vn -0.2001 -0.4179 -0.8862
vn 0.7551 0.5030 0.4204
vn -0.2311 -0.8873 -0.3992
vn -0.3539 -0.8868 0.2973
vn -0.3537 -0.8868 0.2974
vn -0.0799 -0.9870 0.1392
vn -0.0594 -0.9909 0.1209
vn -0.0296 -0.9871 0.1574
vn 0.0100 0.9996 0.0264
vn 0.0175 0.9996 0.0222
vn 0.1554 -0.4471 0.8809
vn 0.1151 0.9925 -0.0418
vn 0.1391 0.9890 0.0500
vn 0.1485 0.9889 0.0016
vn 0.1152 0.9925 0.0407
vn 0.1823 0.9782 -0.0996
vn -0.9637 0.1332 0.2316
vn -0.9637 0.1329 0.2315
vn -0.1873 -0.7605 0.6217
vn -0.1869 -0.7606 0.6217
vn -0.1871 -0.7608 0.6215
vn -0.2308 0.1415 -0.9626
vn -0.2310 0.1418 -0.9626
vn 0.7198 0.1363 -0.6807
vn 0.7199 0.1359 -0.6807
vn 0.4336 -0.8872 0.1578
vn -0.2039 -0.4655 -0.8613
vn -0.2027 -0.4691 -0.8596
vn -0.2014 -0.4661 -0.8615
vn -0.8456 -0.4690 -0.2549
vn -0.7528 -0.6179 -0.2271
vn -0.7526 -0.6178 -0.2277
vn -0.7540 -0.6166 -0.2267
vn -0.4513 -0.7529 -0.4790
vn -0.4524 -0.7523 -0.4790
vn -0.4536 -0.7518 -0.4786
vn 0.4498 -0.7609 0.4676
vn 0.4495 -0.7606 0.4684
vn 0.4494 -0.7602 0.4691
vn 0.5699 -0.6163 -0.5434
vn 0.5685 -0.6172 -0.5439
vn 0.5685 -0.6178 -0.5433
vn 0.1494 -0.7606 0.6318
vn 0.1492 -0.7608 0.6316
vn 0.1503 -0.7602 0.6320
vn 0.6259 -0.7581 0.1832
vn 0.6257 -0.7584 0.1827
vn 0.6255 -0.7586 0.1824
vn -0.5744 0.8016 -0.1657
vn -0.5753 0.8011 -0.1652
vn 0.2237 -0.6114 -0.7590
vn 0.2217 -0.6112 -0.7598
vn 0.2255 -0.6163 -0.7546
vn 0.9637 -0.1333 -0.2315
vn 0.0943 0.9922 -0.0821
vn 0.0790 0.9948 -0.0649
vn 0.0868 0.9258 0.3679
vn 0.0878 0.9262 0.3668
vn -0.6681 -0.3951 0.6305
vn -0.6685 -0.3951 0.6301
vn -0.6681 -0.3940 0.6312
vn -0.0858 0.9291 -0.3597
vn -0.0866 0.9287 -0.3606
vn -0.0857 0.9291 -0.3597
vn -0.6374 -0.4739 0.6076
vn -0.6378 -0.4758 0.6056
vn -0.2612 -0.3973 0.8797
vn -0.2616 -0.3977 0.8794
vn 0.5405 -0.6215 0.5670
vn 0.5415 -0.6208 0.5669
vn 0.5404 -0.6213 0.5674
vn 0.6073 -0.4767 0.6356
vn 0.6088 -0.4738 0.6363
vn 0.6097 -0.4759 0.6339
vn 0.3643 0.9273 -0.0859
vn 0.3634 0.9279 -0.0836
vn 0.3632 0.9280 -0.0831
vn -0.4735 -0.7595 0.4461
vn -0.4736 -0.7594 0.4461
vn 0.6334 0.3857 0.6709
vn 0.4754 -0.7531 -0.4548
vn 0.4754 -0.7535 -0.4542
vn 0.4742 -0.7540 -0.4545
vn 0.2139 0.3844 0.8980
vn 0.2139 0.3844 0.8981
vn 0.1822 0.6155 0.7668
vn 0.2616 0.3978 -0.8794
vn 0.2613 0.3973 -0.8797
vn -0.6325 0.3960 -0.6656
vn 0.2118 0.3643 -0.9069
vn -0.7634 -0.6207 0.1789
vn -0.6277 -0.7548 -0.1905
vn -0.6278 -0.7546 -0.1907
vn -0.6276 -0.7551 -0.1896
vn 0.6354 -0.7563 -0.1560
vn 0.8811 -0.3949 0.2601
vn -0.7619 0.6206 0.1853
vn -0.7617 0.6206 0.1860
vn 0.5747 0.7993 0.1758
vn 0.5739 0.8002 0.1741
vn 0.5755 0.7983 0.1772
vn 0.1052 0.9294 -0.3538
vn 0.2494 -0.4674 -0.8481
vn 0.2492 -0.4678 -0.8480
vn -0.6084 -0.4668 -0.6418
vn -0.6091 -0.4654 -0.6422
vn -0.4098 0.8036 -0.4317
vn -0.4137 0.8015 -0.4319
vn -0.4115 0.8026 -0.4318
vn 0.7200 -0.1299 -0.6817
vn 0.7179 -0.1329 -0.6834
vn 0.7191 -0.1340 -0.6818
vn 0.7526 0.6182 0.2270
vn 0.7527 0.6178 0.2275
vn 0.7524 0.6185 0.2266
vn -0.5827 0.8001 0.1425
vn -0.5817 0.8006 0.1435
vn -0.5816 0.8007 0.1436
vn -0.5403 -0.6144 -0.5750
vn -0.5408 -0.6172 -0.5715
vn -0.5399 -0.6170 -0.5725
vn -0.8581 -0.4716 0.2034
vn 0.7642 0.6187 -0.1820
vn 0.7645 0.6187 -0.1810
vn -0.2130 -0.3864 -0.8974
vn -0.2130 -0.3862 -0.8975
vn -0.2124 -0.3857 -0.8979
vn -0.0658 0.9950 -0.0749
vn -0.0304 0.9924 -0.1193
vn -0.8407 -0.4924 -0.2252
vn -0.1822 0.6245 -0.7595
vn -0.1799 0.6259 -0.7589
vn -0.1813 0.6256 -0.7588
vn 0.5711 0.6213 -0.5366
vn 0.5719 0.6207 -0.5364
vn 0.5707 0.6216 -0.5366
vn 0.8946 -0.3908 -0.2166
vn 0.7524 -0.6202 0.2218
vn 0.7522 -0.6204 0.2220
vn 0.7539 -0.6188 0.2207
vn 0.1415 0.7949 0.5900
vn 0.1395 0.7962 0.5887
vn 0.1377 0.7967 0.5885
vn -0.6348 -0.3856 -0.6696
vn -0.6335 -0.3869 -0.6701
vn -0.2129 0.3986 -0.8921
vn -0.2158 0.3954 -0.8928
vn -0.2142 0.3951 -0.8933
vn -0.2550 -0.4742 0.8427
vn -0.2524 -0.4736 0.8438
vn -0.6371 -0.7563 0.1489
vn -0.6371 -0.7563 0.1490
vn -0.2816 -0.1409 0.9491
vn -0.2811 -0.1405 0.9493
vn -0.2818 -0.1413 0.9490
vn -0.2942 0.4918 -0.8195
vn -0.2548 0.9288 -0.2690
vn -0.2547 0.9288 -0.2693
vn -0.2546 0.9287 -0.2695
vn -0.3590 0.9281 -0.0988
vn -0.3590 0.9282 -0.0980
vn -0.3601 0.9275 -0.0999
vn -0.6821 -0.1279 -0.7200
vn -0.6831 -0.1284 -0.7189
vn 0.5846 0.7999 -0.1354
vn 0.8947 0.3929 -0.2125
vn 0.8947 0.3928 -0.2128
vn 0.8948 0.3922 -0.2134
vn 0.9640 0.1328 -0.2305
vn 0.9642 0.1322 -0.2300
vn 0.9640 0.1324 -0.2308
vn 0.2306 -0.1416 0.9627
vn 0.2307 -0.1406 0.9628
vn 0.2312 -0.1412 0.9626
vn 0.5398 0.6167 0.5730
vn 0.7633 -0.6188 -0.1858
vn 0.7632 -0.6188 -0.1858
vn 0.7635 -0.6183 -0.1865
vn -0.1073 0.9253 0.3637
vn -0.1064 0.9246 0.3658
vn -0.8950 -0.3923 0.2121
vn -0.8954 -0.3919 0.2115
vn -0.7194 0.1342 0.6815
vn -0.7182 0.1328 0.6830
vn -0.7201 0.1301 0.6815
vn 0.2319 -0.8870 -0.3994
vn 0.3586 0.9264 0.1150
vn 0.3594 0.9261 0.1144
vn 0.3606 0.9257 0.1143
vn -0.1509 -0.7509 -0.6430
vn -0.1521 -0.7515 -0.6420
vn -0.2299 -0.1301 -0.9645
vn -0.2278 -0.1274 -0.9653
vn -0.8816 0.3945 -0.2592
vn -0.8817 0.3946 -0.2588
vn -0.8819 0.3927 -0.2608
vn -0.1380 0.8056 -0.5761
vn -0.1410 0.8038 -0.5779
vn 0.4348 0.8029 -0.4078
vn 0.4342 0.8024 -0.4095
vn 0.6327 -0.3958 0.6656
vn 0.6326 -0.3960 0.6656
vn 0.6681 0.3961 -0.6299
vn 0.6677 0.3956 -0.6306
vn -0.5700 -0.6212 0.5377
vn -0.5696 -0.6212 0.5383
vn -0.5699 -0.6230 0.5358
vn 0.2016 -0.4759 0.8561
vn 0.2024 -0.4766 0.8555
vn 0.2034 -0.4766 0.8553
vn -0.9498 0.1370 -0.2814
vn 0.6680 -0.3876 -0.6352
vn 0.2309 0.1306 0.9642
vn -0.7506 0.6231 -0.2201
vn -0.7511 0.6226 -0.2196
vn -0.7511 0.6222 -0.2207
vn 0.1699 0.8052 -0.5682
vn 0.1697 0.8049 -0.5687
vn -0.2724 0.9258 0.2622
vn -0.2719 0.9261 0.2615
vn -0.7201 -0.1353 0.6806
vn -0.7189 -0.1361 0.6817
vn -0.5684 0.6179 0.5433
vn -0.5683 0.6179 0.5433
vn -0.5695 0.6170 0.5431
vn -0.1706 0.7972 0.5791
vn -0.1709 0.7975 0.5785
vn 0.1843 -0.7546 -0.6298
vn 0.1850 -0.7543 -0.6300
vn -0.5393 0.6246 -0.5648
vn -0.5394 0.6247 -0.5646
vn -0.5392 0.6242 -0.5653
vn -0.2231 0.6155 0.7559
vn 0.4343 -0.8870 0.1569
vn -0.0371 0.9915 0.1251
vn -0.0317 0.9944 0.1004
vn -0.0914 0.9916 0.0917
vn 0.4170 0.7959 0.4389
vn 0.4109 0.7992 0.4387
vn 0.4144 0.7974 0.4387
vn -0.8826 -0.3887 -0.2646
vn 0.2307 0.8868 -0.4004
vn 0.2308 0.8868 -0.4004
vn 0.2578 0.9263 0.2748
vn 0.2584 0.9262 0.2746
vn -0.2244 -0.6229 0.7495
vn -0.2225 -0.6213 0.7513
vn -0.2238 -0.6230 0.7495
vn 0.2230 0.6227 -0.7500
vn 0.2233 0.6227 -0.7499
vn 0.2233 0.6228 -0.7498
vn 0.2131 -0.3985 0.8921
vn 0.2115 -0.3975 0.8929
vn 0.2141 -0.3953 0.8933
vn 0.2828 0.1399 -0.9489
vn 0.2822 0.1395 -0.9492
vn 0.2821 -0.1315 -0.9503
vn 0.1199 0.9917 0.0463
vn 0.0977 0.9944 0.0414
vn 0.0900 0.9914 0.0955
vn -0.6811 0.1401 -0.7186
vn -0.0736 -0.9890 -0.1287
vn -0.0276 -0.9889 -0.1462
vn -0.0603 -0.9925 -0.1064
vn 0.0930 -0.9659 -0.2415
vn -0.1222 0.9871 -0.1037
vn -0.0688 0.9966 -0.0452
vn -0.0813 0.9871 -0.1382
vn -0.1479 -0.9890 0.0002
vn -0.1401 -0.9889 -0.0485
vn -0.1402 -0.9889 -0.0485
vn -0.1219 -0.9925 -0.0004
vn -0.1151 0.9925 -0.0413
vn -0.1822 0.9783 0.0990
vn -0.1149 0.9925 0.0409
vn -0.1392 0.9890 -0.0506
vn -0.7710 0.4896 -0.4072
vn -0.8171 -0.4652 -0.3404
vn -0.8171 -0.4652 -0.3405
vn 0.8809 -0.2993 0.3668
vn 0.8809 -0.2993 0.3667
vn 0.3564 0.3693 0.8583
vn -0.8877 -0.2797 -0.3657
vn 0.6626 -0.3541 -0.6600
vn -0.1242 0.9917 0.0319
vn -0.1028 0.9944 0.0247
vn -0.1227 0.9921 -0.0252
vn 0.8172 -0.4652 -0.3404
vn -0.8883 0.2424 0.3901
vn 0.2276 0.8904 0.3943
vn 0.8648 0.3541 0.3558
vn -0.8798 -0.3537 -0.3174
vn -0.4947 0.3274 -0.8051
vn 0.1149 -0.9925 -0.0410
vn 0.1818 -0.9783 0.0993
vn 0.1147 -0.9925 0.0412
vn 0.3451 0.3140 -0.8845
vn 0.3459 0.3072 -0.8866
vn -0.8646 0.3351 -0.3743
vn -0.4481 -0.3581 0.8191
vn -0.3693 -0.2662 -0.8904
vn -0.3696 -0.2658 -0.8904
vn -0.8016 -0.4053 0.4396
vn -0.0804 -0.8866 -0.4556
vn -0.3627 -0.3125 0.8779
vn 0.6711 0.7000 0.2442
vn 0.3636 -0.4129 -0.8350
vn -0.2313 -0.8868 0.4001
vn 0.3524 0.3957 -0.8481
vn 0.3911 0.3942 0.8317
vn -0.1825 -0.6114 -0.7700
vn -0.1872 -0.6153 -0.7658
vn 0.8579 -0.4704 -0.2068
vn 0.8573 -0.4708 -0.2083
vn 0.8565 -0.4716 -0.2098
vn 0.0799 -0.8871 -0.4546
vn 0.0802 -0.8870 -0.4547
vn 0.8762 0.2967 -0.3797
vn -0.9211 0.3587 0.1512
vn -0.9211 0.3586 0.1513
vn -0.9030 0.2948 0.3127
vn -0.9029 0.2948 0.3127
vn -0.8975 -0.3240 -0.2990
vn -0.3339 -0.4923 0.8038
vn -0.3338 -0.4922 0.8039
vn -0.8808 -0.2992 0.3668
vn 0.8607 -0.5079 0.0345
vn -0.9168 -0.3572 0.1785
vn 0.8603 -0.4899 -0.1409
vn 0.1554 0.4472 0.8809
vn -0.9363 0.3167 0.1515
vn 0.0867 0.8888 0.4501
vn 0.2154 -0.2941 0.9312
vn 0.8277 0.4746 -0.2995
vn 0.7067 -0.4911 0.5093
vn -0.6071 0.4746 -0.6374
vn 0.4336 0.8872 0.1578
vn 0.6054 -0.3007 -0.7369
vn -0.7237 -0.4536 -0.5201
vn 0.9180 -0.3964 -0.0152
vn 0.3536 -0.8872 0.2963
vn -0.9698 0.2170 0.1113
vn 0.7277 0.4441 0.5227
vn 0.7714 -0.3126 0.5543
vn -0.1449 0.4108 -0.9002
vn -0.7491 -0.4303 -0.5037
vn 0.4339 -0.8871 -0.1574
vn 0.4339 -0.8871 -0.1575
vn 0.1553 -0.2989 0.9416
vn -0.1524 -0.2794 -0.9480
vn 0.8182 0.2170 0.5324
vn 0.2063 0.5980 0.7745
vn -0.2202 -0.3541 -0.9089
vn -0.5118 -0.4010 0.7598
vn -0.9420 -0.2981 0.1541
vn -0.7412 -0.3567 -0.5687
vn 0.7663 0.2703 0.5829
vn -0.0794 -0.8869 0.4551
vn -0.0794 -0.8869 0.4550
vn 0.0802 0.8869 -0.4548
vn 0.3621 0.3167 -0.8767
vn 0.3622 0.3167 -0.8767
vn 0.4334 0.8872 -0.1580
vn -0.3646 0.9267 0.0912
vn -0.0790 0.8870 0.4549
vn 0.3696 -0.2658 -0.8904
vn 0.3693 -0.2662 -0.8904
vn -0.0279 -0.9996 -0.0052
vn -0.0250 -0.9996 -0.0134
vn 0.2657 -0.9583 0.1057
vn -0.8568 -0.2995 0.4198
vn -0.0214 0.9998 -0.0030
vn 0.2776 0.9562 0.0929
vn 0.3851 -0.3539 -0.8523
vn -0.2616 0.3861 0.8846
vn 0.6811 -0.1401 0.7186
vn 0.8876 -0.2798 -0.3658
vn -0.2233 -0.8888 -0.4001
vn 0.3542 -0.8867 0.2972
vn -0.1229 0.9909 0.0558
vn 0.8826 0.3886 0.2646
vn 0.1815 -0.6221 0.7616
vn -0.2816 0.1319 0.9504
vn -0.2811 0.1322 0.9505
vn -0.2818 0.1317 0.9504
vn 0.6402 -0.4697 -0.6080
vn -0.4352 0.7984 0.4161
vn -0.2202 -0.3541 0.9089
vn 0.2700 0.9291 -0.2528
vn -0.9501 -0.1309 -0.2830
vn -0.4947 0.3274 0.8051
vn 0.3466 0.8889 0.2994
vn 0.8177 0.4047 -0.4095
vn 0.8177 0.4046 -0.4095
vn -0.2872 -0.3541 0.8900
vn 0.2118 0.3644 0.9069
vn 0.2118 0.3644 0.9068
vn -0.9004 0.3094 0.3058
vn -0.7066 0.5981 0.3783
vn -0.6677 0.3879 0.6354
vn -0.6081 -0.3069 -0.7321
vn -0.3420 0.4441 0.8281
vn 0.3420 0.4441 0.8281
vn -0.6544 0.3643 0.6626
vn -0.4832 0.4047 -0.7763
vn -0.9111 0.4047 -0.0781
vn -0.9111 0.4046 -0.0781
vn 0.9376 -0.3128 -0.1520
vn 0.5691 -0.4425 -0.6930
vn -0.2213 0.2662 -0.9382
vn 0.9501 0.1307 0.2831
vn -0.1131 0.9890 0.0951
vn -0.0759 0.9890 0.1273
vn -0.0929 0.9926 0.0787
vn -0.0929 0.9925 0.0790
vn -0.0328 0.9862 0.1624
vt 0.888889 0.600000
vt 0.833333 0.500000
vt 0.833333 0.600000
vt 0.222222 0.900000
vt 0.277778 0.800000
vt 0.222222 0.800000
vt 0.888889 0.100000
vt 0.833333 0.200000
vt 0.888889 0.200000
vt 0.277778 0.300000
vt 0.222222 0.200000
vt 0.222222 0.300000
vt 0.388889 0.800000
vt 0.333333 0.900000
vt 0.388889 0.900000
vt 0.944444 0.600000
vt 1.000000 0.700000
vt 1.000000 0.600000
vt 0.111111 0.600000
vt 0.166667 0.500000
vt 0.111111 0.500000
vt 0.888889 0.400000
vt 0.833333 0.400000
vt 0.388889 0.500000
vt 0.444444 0.400000
vt 0.388889 0.400000
vt 0.111111 0.100000
vt 0.250000 0.000000
vt 0.055556 0.100000
vt 0.055556 0.600000
vt 0.055556 0.500000
vt 0.777778 0.300000
vt 0.722222 0.200000
vt 0.722222 0.300000
vt 0.277778 0.400000
vt 0.222222 0.400000
vt 0.166667 0.700000
vt 0.111111 0.700000
vt 0.277778 0.600000
vt 0.222222 0.500000
vt 0.222222 0.600000
vt 0.222222 0.700000
vt 0.166667 0.600000
vt 0.388889 0.300000
vt 0.333333 0.200000
vt 0.333333 0.300000
vt 0.722222 0.700000
vt 0.666667 0.600000
vt 0.666667 0.700000
vt 0.833333 0.800000
vt 0.777778 0.700000
vt 0.777778 0.800000
vt 0.055556 0.800000
vt 0.000000 0.900000
vt 0.055556 0.900000
vt 1.000000 0.800000
vt 0.944444 0.900000
vt 1.000000 0.900000
vt 0.555556 0.800000
vt 0.611111 0.700000
vt 0.555556 0.700000
vt 0.333333 0.100000
vt 0.222222 0.100000
vt 0.333333 0.500000
vt 0.333333 0.400000
vt 0.500000 0.700000
vt 0.944444 0.300000
vt 0.888889 0.300000
vt 0.611111 0.600000
vt 0.555555 0.400000
vt 0.611111 0.300000
vt 0.555556 0.300000
vt 1.000000 0.200000
vt 0.944444 0.100000
vt 0.944444 0.200000
vt 0.000000 0.600000
vt 0.000000 0.500000
vt 0.722222 0.800000
vt 0.666667 0.800000
vt 0.944444 0.400000
vt 1.000000 0.300000
vt 0.194444 1.000000
vt 0.666667 0.100000
vt 0.611111 0.200000
vt 0.666667 0.200000
vt 0.444444 0.700000
vt 0.388889 0.700000
vt 0.777778 0.600000
vt 0.861111 1.000000
vt 0.888889 0.900000
vt 0.166667 0.300000
vt 0.611111 0.800000
vt 0.555555 0.600000
vt 0.611111 0.500000
vt 0.555555 0.500000
vt 0.500000 0.400000
vt 0.500000 0.500000
vt 0.055556 0.700000
vt 0.666667 0.500000
vt 0.611111 0.400000
vt 0.722222 0.500000
vt 0.666667 0.400000
vt 0.722222 0.400000
vt 0.500000 0.800000
vt 0.444444 0.800000
vt 0.888889 0.700000
vt 0.833333 0.700000
vt 0.500000 0.100000
vt 0.555556 0.200000
vt 0.555556 0.100000
vt 0.777778 0.100000
vt 0.805556 0.000000
vt 0.722222 0.100000
vt 0.000000 0.400000
vt 0.055556 0.300000
vt 0.000000 0.300000
vt 0.277778 0.700000
vt 0.000000 0.700000
vt 0.000000 0.800000
vt 0.111111 0.400000
vt 0.111111 0.300000
vt 0.444444 0.600000
vt 0.111111 0.900000
vt 0.277778 0.500000
vt 0.277778 0.200000
vt 0.388889 0.600000
vt 0.777778 0.200000
vt 0.666667 0.900000
vt 0.722222 0.900000
vt 0.722222 0.600000
vt 0.777778 0.500000
vt 0.444444 0.300000
vt 0.777778 0.400000
vt 0.666667 0.300000
vt 0.583333 1.000000
vt 0.111111 0.200000
vt 0.166667 0.100000
vt 0.138889 0.000000
vt 0.555556 0.900000
vt 0.611111 0.900000
vt 0.444444 0.500000
vt 0.166667 0.400000
vt 0.166667 0.800000
vt 0.944444 0.500000
vt 0.333333 0.800000
vt 0.166667 0.900000
vt 0.333333 0.700000
vt 0.333333 0.600000
vt 0.388889 0.200000
vt 0.055556 0.400000
vt 0.444444 0.200000
vt 0.388889 0.100000
vt 0.055556 0.200000
vt 0.500000 0.600000
vt 0.111111 0.800000
vt 0.500000 0.900000
vt 0.888889 0.500000
vt 0.944444 0.700000
vt 0.944444 0.800000
vt 0.888889 0.800000
vt 0.611111 0.100000
vt 1.848200 -1.919280
vt 1.871830 -1.963400
vt 1.871830 -1.919280
vt 0.000000 0.000000
vt 0.000000 0.200000
vt 1.000000 0.500000
vt 0.500000 0.300000
vt 0.833333 0.300000
vt 0.777778 0.900000
vt 0.166667 0.200000
vt 2.094220 -1.919280
vt 2.072200 -1.963400
vt 2.094220 -1.958840
vt 0.444444 0.900000
vt 0.833333 0.900000
vt 2.024940 -1.875170
vt 2.002920 -1.919280
vt 2.024940 -1.919280
vt 0.833333 0.100000
vt 0.277778 0.900000
vt 1.000000 0.100000
vt 0.916667 0.000000
vt 0.083333 1.000000
vt 0.416667 0.000000
vt 0.277778 0.100000
vt 0.472222 1.000000
vt 0.750000 1.000000
vt 0.305556 1.000000
vt 0.444444 0.100000
vt 1.756870 -1.918600
vt 1.906000 -1.919280
vt 1.906000 -1.912020
vt 2.072200 -1.919280
vt 2.048570 -1.964950
vt 1.908330 -1.919280
vt 1.892450 -1.951580
vt 1.913700 -1.939310
vt 1.947700 -1.920470
vt 1.906000 -1.931860
vt 1.906000 -1.926540
vt 2.048570 -1.919280
vt 1.848200 -1.873620
vt 2.072200 -1.875170
vt 1.824570 -1.875170
vt 1.960680 -1.939310
vt 1.960680 -1.919280
vt 2.002920 -1.879730
vt 1.984000 -1.919280
vt 1.968410 -1.953970
vt 2.004330 -1.951580
vt 1.983070 -1.939310
vt 1.916090 -1.863340
vt 1.913700 -1.899260
vt 1.928360 -1.884600
vt 2.016890 -1.879730
vt 1.980680 -1.863340
vt 2.004330 -1.886990
vt 1.883790 -1.919280
vt 1.756870 -1.919280
vt 1.948390 -1.854690
vt 1.948390 -1.879230
vt 1.916090 -1.975230
vt 1.948390 -1.964980
vt 1.925540 -1.958860
vt 1.948390 -1.919280
vt 1.936550 -1.898780
vt 1.927880 -1.907450
vt 1.972060 -1.919280
vt 1.987960 -1.896440
vt 1.968890 -1.907450
vt 2.024940 -1.963400
vt 2.002920 -1.987790
vt 2.024940 -1.995690
vt 1.927880 -1.931120
vt 1.902690 -1.919280
vt 1.908810 -1.942130
vt 1.960680 -1.953970
vt 1.893850 -1.919280
vt 1.879880 -1.879730
vt 1.908830 -1.850780
vt 1.990770 -1.912020
vt 1.947200 -1.918600
vt 1.990770 -1.906710
vt 1.936100 -1.939310
vt 1.936100 -1.953970
vt 1.948390 -1.873590
vt 1.948390 -1.895610
vt 1.906000 -1.906710
vt 1.949070 -1.918100
vt 1.928360 -1.953970
vt 1.802550 -1.850780
vt 1.824570 -1.995690
vt 1.824570 -1.842880
vt 1.968410 -1.884600
vt 1.983070 -1.899260
vt 1.802550 -1.879730
vt 1.824570 -1.919280
vt 1.783640 -1.919280
vt 1.783640 -1.886980
vt 2.072200 -1.842880
vt 2.094220 -1.879730
vt 2.094220 -1.850780
vt 1.984000 -1.951580
vt 1.948390 -1.983880
vt 1.948390 -1.959340
vt 1.893850 -1.958840
vt 2.113130 -1.951580
vt 2.113130 -1.919280
vt 1.948390 -1.854680
vt 1.971230 -1.879710
vt 1.980690 -1.863340
vt 1.908810 -1.896440
vt 1.924710 -1.919280
vt 1.960680 -1.899260
vt 1.960680 -1.884600
vt 1.892440 -1.951580
vt 1.848200 -1.840190
vt 2.024940 -1.842880
vt 1.802550 -1.919280
vt 1.783640 -1.951580
vt 1.802550 -1.958840
vt 1.971230 -1.958860
vt 1.987940 -1.987790
vt 2.016890 -1.958840
vt 2.002920 -1.958840
vt 1.936550 -1.939790
vt 1.871830 -1.875170
vt 1.893850 -1.879730
vt 1.912770 -1.919280
vt 1.994080 -1.919280
vt 2.004330 -1.886980
vt 1.990770 -1.919280
vt 1.936100 -1.919280
vt 1.916090 -1.975220
vt 1.848200 -1.964950
vt 1.948390 -1.942960
vt 2.048570 -1.840190
vt 1.925540 -1.879710
vt 1.987940 -1.850780
vt 1.912770 -1.886990
vt 1.987960 -1.942130
vt 2.139900 -1.919970
vt 1.990770 -1.926540
vt 2.048570 -1.998380
vt 2.072200 -1.995690
vt 1.949570 -1.919970
vt 1.960220 -1.898780
vt 1.988440 -1.919280
vt 1.893850 -1.850780
vt 1.871830 -1.995690
vt 1.908830 -1.987790
vt 1.879880 -1.958840
vt 2.002920 -1.850780
vt 2.113130 -1.886980
vt 1.892440 -1.886980
vt 1.968890 -1.931120
vt 1.960220 -1.939790
vt 1.980690 -1.975230
vt 2.012990 -1.919280
vt 2.012980 -1.919280
vt 2.139900 -1.919280
vt 2.048570 -1.873620
vt 0.972222 1.000000
vt 0.638889 0.000000
vt 0.027778 0.000000
vt 1.000000 0.400000
vt 0.500000 0.200000
vt 0.000000 0.100000
vt 1.824570 -1.963400
vt 1.936100 -1.884600
vt 1.984000 -1.886990
vt 1.980680 -1.975220
vt 1.892450 -1.886990
vt 1.802550 -1.987790
vt 1.912770 -1.951580
vt 1.936100 -1.899260
vt 1.848200 -1.998380
vt 2.094220 -1.987790
s 0
usemtl Material.006
f 500/256/1103 504/257/1103 510/258/1103
f 449/259/1104 442/260/1104 444/261/1104
f 496/262/1105 503/263/1105 501/264/1105
f 438/265/1106 454/266/1106 450/267/1106
f 423/268/1107 431/269/1107 363/270/1107
f 491/271/1108 480/272/1108 482/273/1108
f 472/274/1109 455/275/1109 466/276/1109
f 504/257/1110 497/277/1110 507/278/1110
f 422/279/1111 414/280/1111 425/281/1111
f 452/282/1112 380/283/1113 381/284/1114
f 475/285/1115 466/276/1115 477/286/1115
f 520/287/1116 371/288/1116 367/289/1116
f 436/290/1117 450/267/1117 447/291/1117
f 458/292/1118 472/274/1118 470/293/1118
f 439/294/1119 446/295/1119 451/296/1119
f 448/297/1120 460/298/1120 458/292/1120
f 426/299/1121 429/300/1121 427/301/1121
f 360/302/1122 368/303/1122 362/304/1122
f 505/305/1123 518/306/1123 515/307/1123
f 478/308/1124 419/309/1124 420/310/1124
f 485/311/1125 463/312/1125 419/313/1125
f 398/314/1126 378/315/1126 391/316/1126
f 558/317/1127 609/318/1128 544/283/1129
f 430/319/1130 425/281/1130 433/320/1130
f 405/321/1131 398/314/1131 391/316/1131
f 490/322/1132 501/264/1132 499/323/1132
f 362/304/1133 384/324/1133 378/315/1133
f 390/325/1134 383/326/1134 392/327/1134
f 483/328/1135 494/329/1135 492/330/1135
f 482/331/1136 477/286/1136 484/332/1136
f 373/333/1137 362/304/1137 361/334/1137
f 488/335/1138 481/336/1138 490/322/1138
f 431/269/1139 449/259/1140 365/337/1141
f 375/338/1142 385/339/1142 370/340/1142
f 423/268/1143 415/341/1143 417/342/1143
f 518/306/1144 510/258/1144 511/343/1144
f 529/344/1145 626/345/1146 627/312/1147
f 454/266/1148 459/346/1148 450/267/1148
f 362/304/1149 377/347/1149 361/334/1149
f 393/348/1150 386/349/1150 396/350/1150
f 396/350/1151 404/351/1151 399/352/1151
f 470/293/1152 475/285/1152 474/353/1152
f 372/354/1153 382/355/1153 386/349/1153
f 521/356/1154 522/357/1154 523/358/1154
f 401/359/1155 415/341/1155 412/360/1155
f 368/303/1156 357/356/1156 372/354/1156
f 505/305/1157 498/361/1157 508/362/1157
f 492/330/1158 496/262/1159 501/264/1158
f 403/363/1160 388/364/1160 389/365/1160
f 516/366/1161 380/367/1162 376/368/1163
f 486/369/1164 473/370/1164 481/371/1164
f 439/294/1165 448/297/1165 437/372/1165
f 478/308/1166 480/373/1166 485/374/1166
f 469/375/1167 459/346/1167 464/376/1167
f 416/377/1168 417/342/1168 415/341/1168
f 471/378/1169 478/308/1169 420/310/1169
f 444/261/1170 437/372/1170 448/297/1170
f 433/320/1171 435/379/1171 430/319/1171
f 483/328/1172 490/322/1172 481/336/1172
f 394/317/1173 441/380/1173 429/300/1173
f 416/377/1174 422/279/1174 418/381/1174
f 520/287/1175 503/263/1175 512/382/1175
f 384/324/1176 372/354/1176 386/349/1176
f 373/333/1177 374/383/1177 440/384/1177
f 511/343/1178 357/356/1178 369/385/1178
f 510/258/1179 513/386/1179 511/343/1179
f 404/351/1180 408/387/1180 414/280/1180
f 500/256/1181 508/362/1181 498/361/1181
f 370/340/1182 376/368/1182 375/338/1182
f 507/278/1183 520/287/1183 517/388/1183
f 366/389/1184 371/288/1184 370/340/1184
f 374/383/1185 365/390/1186 440/384/1187
f 459/346/1188 465/391/1188 464/376/1188
f 516/366/1189 371/288/1189 512/382/1190
f 617/392/1191 544/393/1192 609/318/1193
f 377/347/1194 400/394/1195 397/395/1194
f 399/352/1196 414/280/1196 410/396/1196
f 457/397/1197 450/267/1197 459/346/1197
f 444/261/1198 458/292/1198 456/398/1198
f 482/273/1199 487/399/1199 491/271/1199
f 460/298/1200 446/295/1200 455/275/1200
f 425/281/1201 427/301/1201 433/320/1201
f 432/400/1202 437/372/1202 442/260/1202
f 444/261/1203 467/401/1204 449/259/1204
f 378/315/1205 393/348/1205 391/316/1205
f 434/402/1206 418/381/1206 428/403/1206
f 408/387/1207 421/404/1207 426/299/1207
f 479/405/1208 464/376/1208 473/370/1208
f 409/406/1209 424/407/1209 421/404/1210
f 466/276/1211 479/405/1211 477/286/1211
f 455/275/1212 469/375/1212 466/276/1212
f 476/408/1213 481/371/1213 473/370/1213
f 414/280/1214 426/299/1214 425/281/1214
f 464/376/1215 476/408/1215 473/370/1215
f 363/270/1216 412/360/1216 423/268/1216
f 476/408/1217 452/282/1217 381/284/1217
f 374/383/1218 377/347/1218 397/395/1219
f 383/326/1220 388/364/1220 392/327/1220
f 438/265/1221 429/300/1221 441/380/1221
f 407/409/1222 396/350/1222 399/352/1222
f 468/410/1223 458/292/1223 470/293/1223
f 366/389/1224 382/355/1224 358/357/1224
f 421/404/1225 394/317/1225 429/300/1225
f 478/308/1226 470/293/1226 474/353/1226
f 477/286/1227 486/369/1227 484/332/1227
f 433/320/1228 438/265/1228 436/290/1228
f 358/357/1229 367/289/1229 366/389/1229
f 400/394/1230 401/359/1230 411/411/1231
f 491/271/1232 502/412/1232 500/256/1232
f 418/381/1233 430/319/1233 428/403/1233
f 485/311/1234 489/413/1234 493/414/1234
f 502/412/1235 488/335/1235 497/277/1235
f 405/321/1236 416/377/1236 415/341/1236
f 495/415/1237 489/413/1237 498/361/1237
f 491/271/1238 498/361/1238 489/413/1238
f 387/416/1239 388/364/1239 385/339/1239
f 710/417/1240 687/418/1240 686/419/1240
f 908/420/1241 895/420/1241 852/420/1241
f 381/284/1242 483/421/1242 476/408/1242
f 845/420/1243 843/420/1244 844/420/1245
f 432/400/1246 417/342/1246 434/402/1246
f 484/422/1247 488/335/1247 487/399/1247
f 388/364/1248 406/423/1248 392/327/1248
f 366/389/1249 385/339/1249 383/326/1249
f 428/403/1250 435/379/1250 439/294/1250
f 1061/420/1251 1055/420/1251 1063/420/1251
f 441/380/1252 445/318/1252 454/266/1252
f 428/403/1253 437/372/1253 434/402/1253
f 499/323/1254 503/263/1254 509/424/1254
f 513/386/1255 507/278/1255 517/388/1255
f 404/351/1256 392/327/1256 406/423/1256
f 386/349/1257 390/325/1257 396/350/1257
f 497/277/1258 509/424/1258 507/278/1258
f 519/425/1259 505/305/1259 515/307/1259
f 461/426/1260 445/318/1260 453/392/1260
f 488/335/1261 499/323/1261 497/277/1261
f 519/425/1262 373/333/1262 440/384/1262
f 778/427/1263 793/428/1263 738/429/1264
f 357/356/1265 358/357/1265 372/354/1265
f 629/391/1266 617/392/1267 625/426/1266
f 391/316/1268 407/409/1268 405/321/1268
f 373/333/1269 518/306/1269 360/302/1269
f 617/392/1270 618/266/1270 625/426/1271
f 503/263/1272 516/366/1272 512/382/1272
f 411/411/1273 412/360/1274 364/430/1275
f 642/308/1276 583/309/1276 649/374/1276
f 381/284/1277 380/393/1278 494/329/1279
f 604/384/1280 525/334/1280 537/333/1280
f 536/354/1255 546/355/1255 522/357/1255
f 640/408/1281 645/371/1281 647/421/1281
f 365/344/1282 462/345/1283 514/431/1284
f 667/263/1285 660/262/1285 665/264/1285
f 981/420/1286 982/420/1286 916/420/1287
f 791/432/1288 758/433/1288 760/434/1288
f 626/345/1289 657/414/1289 627/312/1289
f 463/312/1290 420/310/1291 419/309/1292
f 667/263/1293 680/366/1293 670/435/1293
f 436/290/1294 446/295/1294 435/379/1294
f 680/366/1295 544/367/1296 670/435/1297
f 597/320/1212 599/379/1212 600/290/1212
f 849/420/1298 879/420/1298 900/420/1298
f 632/410/1202 622/292/1202 620/398/1202
f 640/408/1299 616/282/1299 629/391/1299
f 674/258/1176 677/386/1176 668/257/1176
f 907/420/1300 824/420/1300 911/420/1300
f 600/290/1197 614/267/1197 602/265/1197
f 857/420/1301 868/420/1301 839/420/1301
f 607/436/1302 596/400/1302 595/269/1302
f 1067/420/1303 1049/420/1303 1056/420/1303
f 578/280/1138 570/423/1138 568/351/1138
f 647/328/1304 658/329/1304 543/437/1304
f 878/420/1305 879/420/1305 910/420/1306
f 894/420/1307 895/420/1307 893/420/1308
f 909/420/1309 827/420/1309 888/420/1309
f 836/420/1310 820/420/1310 821/420/1310
f 633/375/1228 623/346/1228 621/397/1228
f 634/293/1206 639/285/1206 636/274/1206
f 859/420/1311 835/420/1311 834/420/1311
f 496/262/1312 380/438/1313 506/435/1314
f 831/420/1315 832/420/1315 884/420/1315
f 1051/420/1316 1064/420/1316 1050/420/1316
f 604/384/1317 564/394/1318 561/395/1319
f 819/420/1320 837/420/1320 823/420/1320
f 891/420/1321 851/420/1321 895/420/1321
f 853/420/1322 886/420/1322 859/420/1322
f 879/420/1323 892/420/1323 900/420/1324
f 530/389/1175 549/339/1175 534/340/1175
f 542/315/1181 557/348/1181 548/324/1181
f 467/401/1325 365/439/1326 449/259/1327
f 903/420/1328 904/420/1328 905/420/1328
f 874/420/1329 840/420/1329 838/420/1329
f 860/420/1330 874/420/1330 877/420/1330
f 585/404/1331 558/317/1331 588/407/1331
f 899/420/1332 907/420/1332 878/420/1332
f 380/440/1333 445/318/1334 395/441/1335
f 920/420/1336 951/420/1336 949/420/1336
f 639/285/1233 630/276/1233 636/274/1233
f 530/389/1183 546/355/1183 547/326/1183
f 885/420/1337 831/420/1337 884/420/1337
f 652/335/1256 663/323/1256 654/322/1256
f 568/351/1261 556/327/1261 554/325/1261
f 820/420/1338 893/420/1338 912/420/1338
f 906/420/1339 887/420/1339 834/420/1339
f 538/383/1340 541/347/1340 525/334/1340
f 892/420/1341 848/420/1341 851/420/1341
f 649/311/1342 627/312/1342 657/414/1342
f 861/420/1343 840/420/1343 875/420/1343
f 638/353/1168 646/331/1168 639/285/1168
f 901/420/1344 894/420/1344 869/420/1344
f 555/316/1238 571/409/1238 557/348/1238
f 971/420/1345 985/420/1345 992/420/1345
f 950/420/1346 1004/420/1346 980/420/1346
f 821/420/1347 822/420/1347 836/420/1348
f 929/420/1349 1008/420/1349 1010/420/1349
f 928/420/1350 962/420/1350 927/420/1350
f 610/295/1294 621/397/1294 611/291/1294
f 400/394/1351 365/442/1352 397/395/1353
f 931/420/1354 994/420/1354 976/420/1354
f 1013/420/1355 1033/420/1355 1027/420/1355
f 915/420/1356 916/420/1357 919/420/1357
f 580/377/1136 586/279/1136 574/396/1136
f 977/420/1358 994/420/1358 962/420/1358
f 562/314/1359 542/315/1359 541/347/1359
f 997/420/1360 915/420/1360 972/420/1360
f 1001/420/1361 931/420/1361 975/420/1361
f 935/420/1362 936/420/1362 984/420/1362
f 618/266/1363 623/346/1363 625/426/1363
f 569/321/1108 580/377/1108 571/409/1108
f 964/420/1364 965/420/1364 988/420/1364
f 993/420/1365 963/420/1366 928/420/1366
f 965/420/1367 991/420/1367 988/420/1367
f 959/420/1368 960/420/1368 1003/420/1368
f 937/420/1369 970/420/1369 1006/420/1369
f 365/443/1370 519/425/1371 440/384/1372
f 572/387/1373 585/404/1373 573/406/1373
f 978/420/1374 945/420/1374 943/420/1374
f 949/420/1375 950/420/1376 979/420/1376
f 547/326/1254 552/364/1254 549/339/1254
f 939/420/1377 917/420/1377 997/420/1377
f 954/420/1378 932/420/1378 1000/420/1378
f 526/304/1144 548/324/1144 532/303/1144
f 944/420/1379 954/420/1379 1008/420/1379
f 1004/420/1380 1009/420/1380 961/420/1380
f 960/420/1381 1002/420/1381 1003/420/1381
f 918/420/1382 916/420/1382 982/420/1382
f 957/420/1383 958/420/1383 998/420/1383
f 530/389/1116 535/288/1116 531/289/1116
f 548/324/1179 536/354/1179 532/303/1179
f 621/397/1117 614/267/1117 611/291/1117
f 991/420/1384 998/420/1384 958/420/1384
f 966/420/1385 1007/420/1385 1009/420/1385
f 971/420/1386 996/420/1386 970/420/1386
f 993/420/1387 932/420/1387 978/420/1388
f 936/420/1389 987/420/1389 984/420/1389
f 994/420/1390 1010/420/1390 967/420/1390
f 649/311/1391 653/413/1391 644/272/1391
f 934/420/1392 945/420/1392 933/420/1392
f 684/287/1249 667/263/1249 673/424/1249
f 663/323/1220 667/263/1220 665/264/1220
f 1045/420/1393 1072/420/1393 1051/420/1393
f 1023/420/1394 1024/420/1395 1031/420/1396
f 631/401/1397 632/410/1397 620/398/1398
f 635/378/1399 642/308/1399 632/410/1399
f 600/290/1400 610/295/1400 611/291/1400
f 677/386/1153 671/278/1153 668/257/1153
f 669/305/1401 626/345/1402 678/431/1402
f 554/325/1258 547/326/1258 546/355/1258
f 1036/420/1403 1039/420/1403 1038/420/1403
f 855/420/1404 882/420/1404 877/420/1404
f 529/443/1405 683/425/1406 678/431/1407
f 603/294/1408 612/297/1408 615/296/1408
f 675/343/1156 521/356/1156 677/386/1156
f 553/365/1409 539/338/1410 551/416/1411
f 524/302/1412 532/303/1412 533/385/1412
f 517/388/1154 357/356/1154 513/386/1154
f 607/436/1413 527/270/1414 529/444/1415
f 577/445/1416 544/440/1417 553/365/1418
f 730/446/1419 715/447/1420 716/448/1421
f 772/449/1422 771/450/1422 793/428/1423
f 713/451/1424 712/452/1424 817/453/1425
f 730/454/1426 727/455/1427 729/456/1428
f 693/450/1429 782/449/1430 692/457/1431
f 765/458/1432 764/459/1433 740/460/1434
f 575/411/1435 562/314/1436 564/394/1436
f 715/447/1437 810/461/1438 731/462/1439
f 407/409/1440 410/396/1440 416/377/1440
f 589/281/1208 591/301/1208 590/299/1208
f 815/462/1441 781/448/1441 818/447/1442
f 697/463/1443 769/464/1444 695/433/1445
f 783/465/1446 798/466/1447 810/467/1448
f 801/468/1449 737/469/1450 804/470/1451
f 818/447/1452 781/448/1453 730/446/1454
f 845/420/1455 828/420/1455 867/420/1455
f 776/471/1456 775/472/1457 792/473/1458
f 737/469/1459 714/474/1460 713/451/1461
f 818/447/1462 730/475/1463 729/456/1464
f 787/476/1465 804/470/1466 761/477/1467
f 690/478/1468 699/479/1469 779/480/1468
f 776/463/1470 809/464/1471 758/433/1472
f 686/419/1473 765/458/1473 710/417/1473
f 745/481/1474 720/482/1475 794/483/1476
f 748/484/1477 747/485/1478 806/486/1479
f 797/487/1480 800/488/1481 789/489/1482
f 718/490/1483 717/491/1484 785/492/1484
f 728/461/1485 727/455/1486 817/493/1487
f 789/418/1488 799/494/1489 705/419/1488
f 811/495/1490 801/468/1491 685/496/1492
f 736/497/1493 730/498/1494 803/499/1495
f 736/497/1496 804/500/1497 737/501/1498
f 721/502/1499 720/482/1500 774/503/1501
f 864/420/1502 885/420/1502 883/420/1502
f 762/504/1503 730/505/1504 716/448/1505
f 712/452/1506 728/506/1507 817/453/1508
f 724/507/1509 768/508/1509 709/509/1509
f 792/473/1510 763/510/1511 808/511/1512
f 706/512/1513 735/513/1513 768/460/1513
f 707/514/1514 706/512/1515 723/515/1514
f 1055/420/1516 1056/420/1516 1063/420/1516
f 786/427/1517 764/459/1518 782/449/1519
f 691/516/1520 689/517/1521 813/518/1521
f 1022/420/1522 1038/420/1522 1021/420/1522
f 752/519/1523 695/433/1523 769/464/1523
f 1053/420/1524 1057/420/1525 1055/420/1524
f 769/520/1526 783/465/1527 815/521/1526
f 775/472/1528 761/477/1528 763/510/1528
f 795/434/1529 771/450/1530 773/457/1531
f 686/419/1532 685/522/1533 780/494/1532
f 778/427/1534 698/523/1535 700/524/1536
f 733/525/1537 732/526/1538 725/527/1539
f 755/528/1540 719/529/1541 794/483/1541
f 743/456/1542 715/447/1543 730/475/1544
f 716/448/1545 731/462/1546 808/530/1545
f 810/531/1547 781/448/1547 783/530/1547
f 779/480/1548 688/532/1549 690/478/1550
f 1035/420/1551 1020/420/1551 1029/420/1551
f 766/533/1552 767/534/1553 791/432/1554
f 814/535/1555 725/536/1556 724/537/1557
f 794/483/1558 719/529/1558 745/481/1558
f 700/520/1559 754/538/1560 699/479/1561
f 798/466/1562 697/539/1563 807/540/1564
f 815/462/1565 729/456/1566 728/461/1565
f 756/515/1567 814/535/1568 742/512/1569
f 759/487/1570 758/433/1571 807/541/1572
f 745/481/1573 718/490/1574 746/542/1575
f 913/420/1576 844/420/1577 866/420/1578
f 748/484/1579 806/486/1579 745/481/1579
f 688/523/1580 786/427/1581 813/429/1582
f 741/495/1583 756/468/1584 742/496/1583
f 767/543/1585 780/494/1585 777/544/1586
f 685/522/1587 787/545/1588 780/494/1589
f 749/546/1590 723/547/1591 747/485/1592
f 759/534/1593 697/463/1594 696/432/1595
f 813/429/1596 782/449/1597 691/428/1598
f 817/500/1599 694/548/1600 713/549/1601
f 769/520/1602 728/506/1603 752/550/1602
f 790/551/1604 705/419/1605 704/417/1606
f 889/420/1607 833/420/1607 902/420/1607
f 718/490/1608 779/480/1608 746/542/1609
f 779/480/1610 744/552/1611 746/542/1612
f 696/432/1613 693/553/1614 759/534/1615
f 721/502/1616 756/468/1616 722/554/1616
f 742/512/1617 711/513/1618 740/460/1619
f 765/458/1620 711/513/1621 710/417/1620
f 705/419/1622 703/458/1623 704/417/1624
f 724/555/1625 723/547/1625 706/471/1626
f 775/556/1627 780/494/1628 787/545/1629
f 748/484/1630 750/557/1631 749/546/1632
f 730/558/1633 694/548/1634 727/559/1635
f 796/541/1636 795/434/1637 695/433/1637
f 793/428/1638 790/560/1639 739/561/1640
f 781/448/1641 743/504/1642 730/562/1643
f 467/401/1644 468/410/1644 471/378/1644
f 721/502/1645 805/563/1646 732/526/1647
f 798/466/1648 731/564/1649 810/467/1650
f 693/450/1651 760/434/1652 759/487/1653
f 772/449/1654 689/517/1655 812/459/1656
f 785/492/1657 784/474/1658 688/532/1659
f 756/468/1660 755/528/1661 722/554/1662
f 685/565/1663 701/566/1664 811/544/1665
f 741/517/1666 740/516/1667 764/459/1666
f 796/567/1668 712/452/1669 800/568/1670
f 736/497/1671 713/549/1672 694/548/1673
f 730/558/1674 816/548/1675 803/559/1676
f 812/459/1677 773/457/1677 772/449/1678
f 791/432/1679 777/569/1680 776/463/1680
f 761/549/1681 803/559/1681 816/548/1681
f 703/458/1682 735/513/1682 704/417/1682
f 690/570/1683 778/427/1684 700/524/1685
f 757/571/1686 717/491/1687 755/528/1688
f 754/538/1689 751/572/1690 753/573/1691
f 789/489/1692 771/450/1693 797/487/1694
f 734/540/1695 698/574/1696 738/539/1696
f 749/546/1697 788/466/1697 707/575/1697
f 809/576/1698 808/511/1699 731/564/1700
f 689/567/1701 688/532/1701 813/568/1702
f 708/535/1703 788/536/1703 734/537/1703
f 762/497/1704 816/548/1705 730/577/1706
f 493/414/1707 462/345/1707 463/312/1708
f 1056/420/1709 1062/420/1709 1063/420/1709
f 745/481/1710 751/572/1711 748/484/1712
f 732/526/1713 723/547/1714 725/527/1715
f 696/432/1716 695/433/1716 795/434/1716
f 461/426/1717 452/282/1717 465/391/1717
f 747/485/1718 805/563/1719 806/486/1720
f 800/522/1721 714/545/1722 799/494/1723
f 784/524/1724 741/517/1725 786/427/1726
f 811/544/1727 705/419/1728 799/494/1729
f 782/449/1730 766/578/1731 692/457/1732
f 760/434/1733 766/578/1733 791/432/1733
f 745/481/1734 805/563/1735 774/503/1736
f 736/497/1737 694/548/1738 730/577/1739
f 726/578/1740 691/516/1740 693/553/1740
f 449/259/1741 431/269/1742 443/436/1743
f 607/436/1744 635/378/1745 631/401/1746
f 380/440/1747 394/317/1748 424/407/1749
f 363/270/1750 365/337/1751 411/411/1752
f 471/378/1753 463/312/1753 365/579/1754
f 381/284/1755 494/329/1756 379/437/1757
f 380/580/1758 413/445/1759 403/363/1760
f 627/312/1761 635/378/1761 529/439/1762
f 527/270/1763 607/436/1764 595/269/1765
f 540/368/1766 553/365/1767 544/580/1768
f 616/282/1769 658/329/1769 544/581/1770
f 612/297/1771 624/298/1771 615/296/1771
f 643/405/1201 628/376/1201 633/375/1201
f 832/420/1772 864/420/1772 862/420/1773
f 872/420/1774 830/420/1774 828/420/1774
f 636/274/1250 619/275/1250 624/298/1250
f 826/420/1775 881/420/1775 906/420/1775
f 891/420/1776 900/420/1776 892/420/1777
f 655/271/1268 662/361/1268 664/256/1268
f 590/299/1778 593/300/1778 585/404/1778
f 905/420/1779 856/420/1779 909/420/1779
f 852/420/1780 900/420/1781 901/420/1781
f 819/420/1782 820/420/1782 912/420/1782
f 822/420/1783 823/420/1783 836/420/1783
f 825/420/1784 826/420/1784 835/420/1784
f 1043/420/1785 1044/420/1785 1074/420/1785
f 881/420/1786 905/420/1786 909/420/1786
f 652/335/1180 645/336/1180 650/582/1180
f 896/420/1787 898/420/1787 841/420/1787
f 666/412/1151 652/335/1151 651/399/1151
f 745/481/1788 744/552/1789 753/573/1790
f 899/420/1791 910/420/1791 822/420/1791
f 682/306/1133 674/258/1133 672/362/1133
f 883/420/1792 884/420/1792 896/420/1792
f 868/420/1793 904/420/1793 838/420/1793
f 876/420/1794 854/420/1794 904/420/1794
f 539/338/1795 549/339/1795 551/416/1795
f 821/420/1796 873/420/1796 899/420/1796
f 860/420/1797 861/420/1797 875/420/1797
f 603/294/1200 610/295/1200 599/379/1200
f 906/420/1798 909/420/1798 888/420/1798
f 573/406/1799 567/363/1799 566/583/1799
f 851/420/1800 852/420/1800 895/420/1800
f 624/298/1119 610/295/1119 615/296/1119
f 1020/420/1801 1021/420/1801 1023/420/1801
f 597/320/1167 602/265/1167 591/301/1167
f 842/420/1802 897/420/1802 863/420/1802
f 526/304/1123 541/347/1123 542/315/1123
f 529/390/1803 528/430/1804 575/411/1805
f 841/420/1806 842/420/1807 863/420/1808
f 833/420/1809 890/420/1809 902/420/1809
f 871/420/1810 845/420/1811 844/420/1812
f 669/305/1813 662/361/1813 659/415/1813
f 839/420/1814 876/420/1814 903/420/1814
f 853/420/1815 854/420/1815 861/420/1815
f 836/420/1816 837/420/1817 870/420/1817
f 829/420/1818 871/420/1818 913/420/1818
f 613/259/1819 620/398/1819 608/261/1819
f 623/346/1221 629/391/1221 625/426/1221
f 831/420/1820 846/420/1820 829/420/1820
f 911/420/1821 879/420/1821 850/420/1821
f 873/420/1822 823/420/1822 824/420/1823
f 646/331/1174 641/286/1174 639/285/1174
f 570/423/1824 552/364/1824 556/327/1824
f 854/420/1825 838/420/1825 904/420/1825
f 857/420/1826 903/420/1826 881/420/1826
f 862/420/1827 863/420/1827 897/420/1827
f 898/420/1828 843/420/1829 841/420/1830
f 1012/420/1831 1019/420/1831 1017/420/1831
f 587/268/1166 579/341/1166 576/360/1166
f 642/308/1832 644/373/1832 638/353/1832
f 866/420/1833 844/420/1833 843/420/1833
f 683/425/1834 669/305/1834 678/431/1218
f 644/272/1236 655/271/1236 646/273/1236
f 834/420/1835 826/420/1835 906/420/1835
f 654/322/1836 665/264/1836 656/330/1836
f 837/420/1837 893/420/1837 908/420/1837
f 838/420/1838 839/420/1838 868/420/1838
f 858/420/1839 834/420/1839 887/420/1839
f 527/270/1840 596/400/1840 587/268/1840
f 642/308/1246 634/293/1246 632/410/1246
f 842/420/1841 867/420/1841 865/420/1841
f 807/541/1842 809/464/1843 798/519/1844
f 856/420/1845 826/420/1845 827/420/1845
f 762/497/1846 761/549/1847 816/548/1848
f 889/420/1849 847/420/1849 885/420/1849
f 647/328/1850 654/322/1850 656/330/1850
f 867/420/1851 913/420/1852 866/420/1852
f 608/261/1853 607/436/1853 613/259/1853
f 863/420/1854 883/420/1855 841/420/1856
f 935/420/1857 923/420/1857 973/420/1858
f 872/420/1859 846/420/1859 890/420/1859
f 855/420/1860 859/420/1860 858/420/1860
f 890/420/1861 847/420/1862 902/420/1861
f 884/420/1863 862/420/1863 896/420/1863
f 820/420/1864 869/420/1864 894/420/1864
f 575/411/1865 576/360/1865 565/359/1865
f 865/420/1866 898/420/1866 897/420/1866
f 948/420/1867 962/420/1867 963/420/1867
f 939/420/1868 992/420/1868 985/420/1869
f 661/277/1134 673/424/1134 663/323/1134
f 910/420/1870 824/420/1870 822/420/1870
f 1048/420/1871 1073/420/1871 1060/420/1871
f 574/396/1247 568/351/1247 563/352/1247
f 565/359/1872 579/341/1872 569/321/1872
f 920/420/1873 921/420/1873 965/420/1873
f 922/420/1874 955/420/1874 995/420/1874
f 1006/420/1875 936/420/1875 937/420/1875
f 926/420/1876 927/420/1876 968/420/1876
f 684/287/1877 535/288/1877 676/382/1877
f 941/420/1878 922/420/1878 995/420/1878
f 970/420/1879 973/420/1879 1006/420/1879
f 919/420/1880 946/420/1880 924/420/1880
f 446/295/1400 457/397/1400 455/275/1400
f 522/357/1881 531/289/1881 523/358/1881
f 946/420/1882 972/420/1883 987/420/1883
f 1009/420/1884 949/420/1884 979/420/1884
f 982/420/1885 939/420/1886 997/420/1885
f 534/340/1887 540/368/1887 535/288/1887
f 988/420/1888 958/420/1888 990/420/1888
f 947/420/1889 948/420/1889 999/420/1889
f 936/420/1890 924/420/1890 946/420/1891
f 608/261/1170 622/292/1170 612/297/1170
f 930/420/1892 1000/420/1892 933/420/1892
f 552/364/1893 567/363/1893 553/365/1893
f 619/275/1171 633/375/1171 621/397/1171
f 596/400/1894 581/342/1894 587/268/1894
f 659/415/1895 653/413/1895 657/414/1895
f 961/420/1896 979/420/1896 960/420/1896
f 992/420/1897 981/420/1898 996/420/1897
f 967/420/1899 968/420/1899 927/420/1899
f 963/420/1900 999/420/1900 948/420/1900
f 586/279/1227 578/280/1227 574/396/1227
f 933/420/1901 944/420/1901 930/420/1901
f 967/420/1902 975/420/1902 969/420/1902
f 1010/420/1903 1001/420/1903 975/420/1903
f 561/395/1904 562/314/1904 541/347/1904
f 681/388/1265 521/356/1265 523/358/1265
f 947/420/1905 928/420/1905 926/420/1905
f 938/420/1906 939/420/1906 985/420/1906
f 628/376/1121 640/408/1121 629/391/1121
f 938/420/1907 981/420/1907 940/420/1907
f 999/420/1908 932/420/1908 947/420/1908
f 1002/420/1909 998/420/1909 989/420/1909
f 622/292/1910 636/274/1910 624/298/1910
f 925/420/1911 972/420/1912 915/420/1912
f 975/420/1913 976/420/1913 969/420/1913
f 580/377/1914 581/342/1914 582/381/1914
f 650/369/1214 637/370/1214 643/405/1214
f 932/420/1915 933/420/1916 1000/420/1916
f 1003/420/1917 989/420/1917 990/420/1917
f 655/271/1440 648/422/1440 646/273/1440
f 557/348/1103 550/349/1103 548/324/1103
f 527/270/1918 576/360/1918 528/430/1918
f 582/381/1115 594/319/1115 586/279/1115
f 598/402/1152 582/381/1152 581/342/1152
f 571/409/1232 560/350/1232 557/348/1232
f 996/420/1919 974/420/1919 970/420/1919
f 952/420/1920 953/420/1920 964/420/1920
f 1026/420/1921 1016/420/1921 1028/420/1921
f 925/420/1922 919/420/1922 924/420/1922
f 953/420/1923 920/420/1923 965/420/1923
f 966/420/1924 951/420/1924 955/420/1924
f 1008/420/1925 1000/420/1925 1001/420/1925
f 935/420/1926 974/420/1926 986/420/1926
f 926/420/1927 977/420/1927 948/420/1927
f 985/420/1928 974/420/1928 938/420/1929
f 968/420/1930 976/420/1930 977/420/1930
f 984/420/1931 925/420/1931 923/420/1931
f 988/420/1932 989/420/1932 964/420/1932
f 918/420/1933 997/420/1933 972/420/1933
f 957/420/1934 961/420/1934 959/420/1934
f 921/420/1935 952/420/1935 991/420/1935
f 630/276/1130 643/405/1130 633/375/1130
f 537/333/1269 526/304/1269 524/302/1269
f 532/303/1178 521/356/1178 533/385/1178
f 1037/420/1936 1022/420/1936 1020/420/1936
f 578/280/1164 590/299/1164 572/387/1164
f 941/420/1937 956/420/1937 953/420/1937
f 929/420/1938 930/420/1938 944/420/1938
f 592/403/1109 599/379/1109 594/319/1109
f 942/420/1939 934/420/1939 999/420/1939
f 550/349/1110 554/325/1110 546/355/1110
f 927/420/1940 994/420/1940 967/420/1940
f 650/582/1196 651/399/1196 652/335/1196
f 942/420/1941 978/420/1941 943/420/1941
f 660/262/1942 656/330/1942 665/264/1942
f 641/286/1111 650/369/1111 643/405/1111
f 923/420/1943 924/420/1943 1005/420/1943
f 640/408/1944 543/584/1944 545/284/1944
f 592/403/1945 601/372/1945 603/294/1945
f 979/420/1946 980/420/1946 960/420/1947
f 560/350/1235 568/351/1235 554/325/1235
f 1006/420/1948 923/420/1948 1005/420/1948
f 1007/420/1949 920/420/1949 949/420/1949
f 562/314/1950 569/321/1950 555/316/1950
f 664/256/1150 668/257/1150 666/412/1150
f 959/420/1951 990/420/1951 958/420/1951
f 955/420/1952 956/420/1952 995/420/1952
f 664/256/1205 672/362/1205 674/258/1205
f 593/300/1953 559/441/1953 558/317/1953
f 602/265/1188 593/300/1188 591/301/1188
f 580/377/1199 563/352/1199 571/409/1199
f 537/333/1954 683/425/1954 604/384/1955
f 602/265/1956 618/266/1956 605/380/1956
f 671/278/1224 684/287/1224 673/424/1224
f 668/257/1257 661/277/1257 666/412/1257
f 605/380/1957 609/318/1957 559/441/1958
f 848/420/1959 878/420/1959 907/420/1959
f 882/420/1960 835/420/1960 886/420/1960
f 585/404/1961 577/445/1961 573/406/1961
f 681/388/1229 531/289/1229 684/287/1229
f 537/333/1137 682/306/1137 679/307/1137
f 744/552/1962 754/538/1962 753/573/1962
f 828/420/1963 829/420/1963 913/420/1963
f 535/288/1964 680/366/1964 676/382/1964
f 858/420/1965 825/420/1965 882/420/1965
f 608/261/1198 601/372/1198 606/260/1198
f 566/583/1966 572/387/1966 573/406/1966
f 837/420/1967 869/420/1968 870/420/1967
f 669/305/1149 682/306/1149 672/362/1149
f 596/400/1223 601/372/1223 598/402/1223
f 635/378/1969 583/309/1970 584/310/1971
f 896/420/1972 897/420/1972 898/420/1972
f 655/271/1222 666/412/1222 651/399/1222
f 658/329/1973 545/284/1974 543/437/1975
f 830/420/1976 831/420/1976 829/420/1976
f 517/388/1881 367/289/1881 359/358/1881
f 735/513/1977 734/537/1978 739/585/1979
f 702/551/1980 701/566/1980 687/418/1980
f 908/420/1981 901/420/1981 869/420/1981
f 360/302/1412 511/343/1412 369/385/1412
f 877/420/1982 854/420/1982 855/420/1982
f 431/269/1983 442/260/1983 443/436/1983
f 462/345/1984 505/305/1985 514/431/1984
f 1057/420/1986 1067/420/1986 1056/420/1986
f 660/262/1987 544/438/1988 658/329/1989
f 402/583/1990 413/445/1990 409/406/1990
f 814/535/1991 709/585/1991 711/513/1991
f 802/556/1992 799/494/1992 714/545/1992
f 704/417/1993 739/585/1993 790/551/1994
f 763/531/1995 716/448/1995 808/586/1995
f 754/538/1996 788/466/1996 750/557/1996
f 1021/420/1997 1025/420/1997 1023/420/1997
f 1034/420/1998 1037/420/1998 1025/420/1998
f 594/319/1211 589/281/1211 586/279/1211
f 1011/420/1999 1012/420/1999 1042/420/1999
f 720/482/2000 755/528/2000 794/483/2000
f 773/457/2001 696/432/2001 795/434/2001
f 1019/420/2002 1032/420/2002 1018/420/2002
f 1013/420/2003 1040/420/2003 1019/420/2003
f 1039/420/2004 1014/420/2004 1034/420/2004
f 1024/420/2005 1030/420/2005 1031/420/2005
f 1035/420/2006 1017/420/2006 1024/420/2006
f 1017/420/2007 1018/420/2007 1030/420/2007
f 524/302/1122 675/343/1122 682/306/1122
f 1035/420/2008 1042/420/2008 1012/420/2008
f 1029/420/2009 1023/420/2009 1031/420/2009
f 1018/420/2010 1042/420/2010 1030/420/2010
f 980/420/2011 957/420/2011 1002/420/2011
f 937/420/2012 986/420/2012 971/420/2012
f 1038/420/2013 1034/420/2013 1021/420/2013
f 549/339/2014 553/365/2014 551/416/2014
f 1015/420/2015 1036/420/2015 1038/420/2015
f 1036/420/2016 1033/420/2016 1032/420/2016
f 1016/420/2017 1041/420/2017 1028/420/2017
f 1069/420/2018 1054/420/2019 1052/420/2018
f 1049/420/2020 1050/420/2020 1062/420/2020
f 1032/420/2021 1011/420/2021 1018/420/2021
f 865/420/2022 866/420/2022 914/420/2022
f 1014/420/2023 1015/420/2023 1022/420/2023
f 1025/420/2024 1035/420/2024 1024/420/2024
f 1027/420/2025 1041/420/2025 1040/420/2025
f 1068/420/2026 1071/420/2026 1070/420/2026
f 1029/420/2027 1030/420/2028 1042/420/2027
f 887/420/2029 827/420/2030 825/420/2029
f 1067/420/2031 1052/420/2031 1061/420/2031
f 474/353/1914 482/331/1914 480/373/1914
f 1066/420/2032 1069/420/2032 1057/420/2032
f 739/561/2033 738/429/2033 793/428/2033
f 1058/420/2034 1059/420/2034 1065/420/2034
f 1067/420/2035 1074/420/2035 1044/420/2035
f 1040/420/2036 1036/420/2036 1032/420/2036
f 911/420/2037 848/420/2037 907/420/2037
f 1026/420/2038 1027/420/2038 1033/420/2038
f 848/420/2039 849/420/2039 851/420/2039
f 1064/420/2040 1043/420/2040 1050/420/2040
f 1045/420/2041 1065/420/2041 1059/420/2041
f 1058/420/2042 1048/420/2042 1060/420/2042
f 886/420/2043 877/420/2043 882/420/2043
f 1054/420/2044 1070/420/2045 1053/420/2045
f 1068/420/2046 1065/420/2046 1064/420/2046
f 1072/420/2047 1068/420/2047 1064/420/2047
f 1047/420/2048 1068/420/2048 1070/420/2048
f 402/583/2049 408/387/2049 406/423/2049
f 768/508/2050 702/551/2050 709/585/2050
f 917/420/2051 981/420/2051 916/420/2052
f 1061/420/2053 1062/420/2054 1074/420/2053
f 1070/420/2055 1066/420/2055 1053/420/2055
f 1044/420/2056 1051/420/2056 1049/420/2056
f 1052/420/2057 1053/420/2057 1055/420/2057
f 1071/420/2058 1046/420/2058 1066/420/2058
f 998/420/2059 964/420/2059 989/420/2059
f 1046/420/2060 1047/420/2060 1054/420/2060
f 710/417/2061 709/585/2061 702/551/2061
f 1059/420/2062 1073/420/2062 1072/420/2062
f 896/420/2063 841/420/2063 883/420/2063
f 866/420/2064 843/420/2064 914/420/2064
f 376/368/2065 389/365/2066 387/416/2067
f 1050/420/2068 1074/420/2068 1062/420/2068
f 500/256/2069 502/412/2069 504/257/2069
f 449/259/2070 443/436/2070 442/260/2070
f 496/262/2071 506/435/2071 503/263/2071
f 438/265/1363 441/380/1363 454/266/1363
f 423/268/2072 432/400/2072 431/269/2072
f 491/271/1108 489/413/1108 480/272/1108
f 472/274/1109 460/298/1109 455/275/1109
f 504/257/2073 502/412/2073 497/277/2073
f 422/279/1111 410/396/1111 414/280/1111
f 452/282/2074 453/392/2075 380/283/2076
f 475/285/2077 472/274/2077 466/276/2077
f 520/287/2078 512/382/2078 371/288/2078
f 436/290/2079 438/265/2079 450/267/2079
f 458/292/1118 460/298/1118 472/274/1118
f 439/294/1119 435/379/1119 446/295/1119
f 448/297/1408 451/296/1408 460/298/1408
f 426/299/2080 421/404/2080 429/300/2080
f 360/302/2081 369/385/2081 368/303/2081
f 505/305/1123 508/362/1123 518/306/1123
f 478/308/2082 485/374/2082 419/309/2082
f 485/311/2083 493/414/2083 463/312/2083
f 398/314/1813 377/347/1813 378/315/1813
f 544/283/1129 588/407/2084 558/317/2085
f 558/317/2085 559/441/2086 609/318/2087
f 430/319/2088 422/279/2088 425/281/2088
f 405/321/1131 401/359/1131 398/314/1131
f 490/322/1132 492/330/1132 501/264/1132
f 362/304/1133 368/303/1133 384/324/1133
f 390/325/1134 382/355/1134 383/326/1134
f 483/328/2089 379/437/2089 494/329/2089
f 482/331/1136 475/285/1136 477/286/1136
f 373/333/1137 360/302/1137 362/304/1137
f 488/335/1138 486/582/1138 481/336/1138
f 375/338/1142 387/416/1142 385/339/1142
f 423/268/1832 412/360/1832 415/341/1832
f 518/306/1144 508/362/1144 510/258/1144
f 529/344/2090 678/431/2091 626/345/1146
f 454/266/1956 461/426/1956 459/346/1956
f 362/304/1149 378/315/1149 377/347/1149
f 393/348/2092 384/324/2092 386/349/2092
f 396/350/1151 390/325/1151 404/351/1151
f 470/293/1152 472/274/1152 475/285/1152
f 372/354/1153 358/357/1153 382/355/1153
f 521/356/1154 536/354/1154 522/357/1154
f 401/359/1155 405/321/1155 415/341/1155
f 368/303/1156 369/385/1156 357/356/1156
f 505/305/1157 495/415/1157 498/361/1157
f 492/330/2093 494/329/2094 496/262/2094
f 403/363/2095 402/583/2095 388/364/2095
f 516/366/2096 506/435/2097 380/367/2098
f 486/369/1164 479/405/1164 473/370/1164
f 439/294/1771 451/296/1771 448/297/1771
f 478/308/2099 474/353/2099 480/373/2099
f 469/375/1167 457/397/1167 459/346/1167
f 416/377/1168 418/381/1168 417/342/1168
f 471/378/2100 468/410/2100 478/308/2100
f 444/261/1170 442/260/1170 437/372/1170
f 433/320/1171 436/290/1171 435/379/1171
f 483/328/1172 492/330/1172 490/322/1172
f 394/317/2101 395/441/2102 441/380/2102
f 416/377/1174 410/396/1174 422/279/1174
f 520/287/1175 509/424/1175 503/263/1175
f 384/324/1176 368/303/1176 372/354/1176
f 373/333/2103 361/334/2103 374/383/2103
f 511/343/1178 513/386/1178 357/356/1178
f 510/258/1179 504/257/1179 513/386/1179
f 404/351/1180 406/423/1180 408/387/1180
f 500/256/1181 510/258/1181 508/362/1181
f 370/340/2104 371/288/2105 376/368/2104
f 507/278/1183 509/424/1183 520/287/1183
f 366/389/1877 367/289/1877 371/288/1877
f 374/383/2106 397/395/2107 365/390/1186
f 459/346/1188 461/426/1188 465/391/1188
f 516/366/2108 376/368/2109 371/288/2108
f 617/392/2110 616/282/2111 544/393/1192
f 377/347/2112 398/314/2112 400/394/2112
f 399/352/1196 404/351/1196 414/280/1196
f 457/397/2113 447/291/2113 450/267/2113
f 444/261/1198 448/297/1198 458/292/1198
f 482/273/1199 484/422/1199 487/399/1199
f 460/298/1200 451/296/1200 446/295/1200
f 425/281/1201 426/299/1201 427/301/1201
f 432/400/1202 434/402/1202 437/372/1202
f 444/261/2114 456/398/2114 467/401/2114
f 378/315/1205 384/324/1205 393/348/1205
f 434/402/1206 417/342/1206 418/381/1206
f 408/387/1207 409/406/1207 421/404/1207
f 479/405/1208 469/375/1208 464/376/1208
f 409/406/2115 413/445/2116 424/407/2116
f 466/276/2117 469/375/2117 479/405/2117
f 455/275/1212 457/397/1212 469/375/1212
f 476/408/1213 483/421/1213 481/371/1213
f 414/280/1214 408/387/1214 426/299/1214
f 464/376/1215 465/391/1215 476/408/1215
f 363/270/1216 364/430/1216 412/360/1216
f 476/408/2118 465/391/2118 452/282/2118
f 374/383/1219 361/334/1219 377/347/1219
f 383/326/2119 385/339/2119 388/364/2119
f 438/265/1221 427/301/1221 429/300/1221
f 407/409/1222 393/348/1222 396/350/1222
f 468/410/1223 456/398/1223 458/292/1223
f 366/389/1224 383/326/1224 382/355/1224
f 421/404/2120 424/407/2120 394/317/2120
f 478/308/1226 468/410/1226 470/293/1226
f 477/286/1227 479/405/1227 486/369/1227
f 433/320/1228 427/301/1228 438/265/1228
f 358/357/2121 359/358/2121 367/289/2121
f 400/394/2122 398/314/2123 401/359/2122
f 491/271/1232 487/399/1232 502/412/1232
f 418/381/2124 422/279/2124 430/319/2124
f 485/311/1234 480/272/1234 489/413/1234
f 502/412/1235 487/399/1235 488/335/1235
f 405/321/1236 407/409/1236 416/377/1236
f 495/415/1237 493/414/1237 489/413/1237
f 491/271/1238 500/256/1238 498/361/1238
f 387/416/2125 389/365/2125 388/364/2125
f 710/417/2126 702/551/2126 687/418/2126
f 908/420/2127 893/420/2127 895/420/2127
f 381/284/1242 379/584/1242 483/421/1242
f 845/420/1243 842/420/2128 843/420/1244
f 432/400/2129 423/268/2129 417/342/2129
f 484/422/1247 486/582/1247 488/335/1247
f 388/364/2130 402/583/2130 406/423/2130
f 366/389/1249 370/340/1249 385/339/1249
f 428/403/1250 430/319/1250 435/379/1250
f 1061/420/1251 1052/420/1251 1055/420/1251
f 441/380/2131 395/441/2132 445/318/2132
f 428/403/1253 439/294/1253 437/372/1253
f 499/323/1254 501/264/1254 503/263/1254
f 513/386/1255 504/257/1255 507/278/1255
f 404/351/1256 390/325/1256 392/327/1256
f 386/349/2133 382/355/2133 390/325/2133
f 497/277/1258 499/323/1258 509/424/1258
f 519/425/2134 514/431/2134 505/305/2134
f 461/426/2135 454/266/2135 445/318/2135
f 488/335/1261 490/322/1261 499/323/1261
f 519/425/2136 515/307/2136 373/333/2136
f 778/427/2137 772/449/2137 793/428/2137
f 357/356/1265 359/358/1265 358/357/1265
f 629/391/2138 616/282/2139 617/392/2138
f 391/316/1268 393/348/1268 407/409/1268
f 373/333/1269 515/307/1269 518/306/1269
f 617/392/2140 609/318/2140 618/266/2140
f 503/263/2141 506/435/2141 516/366/2141
f 411/411/2142 401/359/2142 412/360/2142
f 642/308/2143 584/310/2143 583/309/2143
f 604/384/2144 538/383/2144 525/334/2144
f 536/354/1255 550/349/1255 546/355/1255
f 640/408/2145 637/370/2145 645/371/2145
f 365/344/1282 463/312/2146 462/345/2147
f 667/263/2148 670/435/2149 660/262/2148
f 981/420/2150 983/420/2150 982/420/2151
f 791/432/2152 776/463/2152 758/433/2152
f 626/345/2153 659/415/2153 657/414/2154
f 463/312/2155 471/378/2156 420/310/2157
f 667/263/2158 676/382/2158 680/366/2158
f 436/290/1294 447/291/1294 446/295/1294
f 680/366/2159 540/368/2160 544/367/2161
f 597/320/1212 594/319/1212 599/379/1212
f 849/420/2162 850/420/2162 879/420/2162
f 632/410/1202 634/293/1202 622/292/1202
f 640/408/1299 545/284/1299 616/282/1299
f 674/258/1176 675/343/1176 677/386/1176
f 907/420/1300 873/420/1300 824/420/1300
f 600/290/2113 611/291/2113 614/267/2113
f 857/420/1301 856/420/1301 868/420/1301
f 607/436/2163 606/260/2163 596/400/2163
f 1067/420/1303 1044/420/1303 1049/420/1303
f 578/280/1138 572/387/1138 570/423/1138
f 647/328/1304 656/330/1304 658/329/1304
f 878/420/2164 880/420/2164 879/420/2164
f 894/420/1307 891/420/1307 895/420/2165
f 909/420/2166 856/420/2166 827/420/2166
f 836/420/1310 870/420/2167 820/420/1310
f 633/375/1228 628/376/1228 623/346/1228
f 634/293/1206 638/353/1206 639/285/1206
f 859/420/1311 886/420/1311 835/420/1311
f 496/262/2168 494/329/2169 380/438/2170
f 831/420/1315 833/420/1315 832/420/1315
f 1051/420/1316 1072/420/1316 1064/420/1316
f 561/395/2171 538/383/2172 604/384/2173
f 604/384/2174 529/390/2175 564/394/2176
f 819/420/2177 912/420/1320 837/420/2177
f 891/420/1321 892/420/1321 851/420/1321
f 853/420/2178 860/420/2178 886/420/2178
f 879/420/2179 880/420/2179 892/420/2179
f 530/389/1175 547/326/1175 549/339/1175
f 542/315/1181 555/316/1181 557/348/1181
f 467/401/2180 471/378/2181 365/439/2182
f 903/420/1328 876/420/1328 904/420/1328
f 874/420/1329 875/420/1329 840/420/1329
f 860/420/1330 875/420/1330 874/420/1330
f 585/404/2183 593/300/2183 558/317/2183
f 899/420/1332 873/420/1332 907/420/1332
f 380/440/1333 453/392/2184 445/318/2185
f 920/420/1336 956/420/1336 951/420/1336
f 639/285/2124 641/286/2124 630/276/2124
f 530/389/1183 522/357/1183 546/355/1183
f 885/420/2186 847/420/2186 831/420/2186
f 652/335/1256 661/277/1256 663/323/1256
f 568/351/1261 570/423/1261 556/327/1261
f 820/420/2187 894/420/2187 893/420/2187
f 906/420/1339 888/420/1339 887/420/1339
f 538/383/1340 561/395/1340 541/347/1340
f 892/420/2188 880/420/2188 848/420/2188
f 649/311/2189 583/313/2189 627/312/2189
f 861/420/2190 876/420/2190 840/420/2190
f 638/353/1168 644/373/1168 646/331/1168
f 901/420/2191 891/420/2191 894/420/2191
f 555/316/1238 569/321/1238 571/409/1238
f 971/420/2192 986/420/2192 985/420/2192
f 950/420/1346 966/420/1346 1004/420/1346
f 821/420/2193 899/420/2193 822/420/2193
f 929/420/1349 944/420/1349 1008/420/1349
f 928/420/1350 963/420/1350 962/420/1350
f 610/295/1294 619/275/1294 621/397/1294
f 400/394/2194 411/411/2195 365/442/1352
f 931/420/1354 929/420/1354 994/420/1354
f 1013/420/1355 1011/420/1355 1033/420/1355
f 915/420/2196 917/420/2197 916/420/2196
f 580/377/1136 582/381/1136 586/279/1136
f 977/420/1358 976/420/1358 994/420/1358
f 562/314/1157 555/316/1157 542/315/1157
f 997/420/1360 917/420/1360 915/420/1360
f 1001/420/1361 930/420/1361 931/420/1361
f 935/420/1362 937/420/1362 936/420/1362
f 618/266/1106 614/267/1106 623/346/1106
f 569/321/1108 579/341/1108 580/377/1108
f 964/420/1364 953/420/1364 965/420/1364
f 993/420/1365 942/420/1365 963/420/1366
f 965/420/1367 921/420/2198 991/420/1367
f 959/420/2199 961/420/2199 960/420/2199
f 937/420/2200 971/420/2200 970/420/2201
f 365/443/2202 514/431/2203 519/425/2204
f 572/387/1373 590/299/1373 585/404/1373
f 978/420/1374 954/420/1374 945/420/1374
f 949/420/1376 951/420/1376 950/420/1376
f 547/326/2205 556/327/2205 552/364/2205
f 939/420/2206 940/420/2207 917/420/2208
f 954/420/1378 978/420/1378 932/420/1378
f 526/304/1144 542/315/1144 548/324/1144
f 944/420/2209 945/420/2209 954/420/2209
f 1004/420/1380 966/420/1380 1009/420/1380
f 960/420/2210 980/420/2210 1002/420/2210
f 918/420/2211 919/420/2211 916/420/2211
f 957/420/1383 959/420/1383 958/420/1383
f 530/389/2078 534/340/2078 535/288/2078
f 548/324/1179 550/349/1179 536/354/1179
f 621/397/2079 623/346/2079 614/267/2079
f 991/420/1384 952/420/1384 998/420/1384
f 966/420/2212 955/420/2212 1007/420/2212
f 971/420/2213 992/420/2213 996/420/2213
f 993/420/1387 947/420/1387 932/420/1387
f 936/420/2214 946/420/1389 987/420/1389
f 994/420/1390 929/420/1390 1010/420/1390
f 649/311/1391 657/414/1391 653/413/1391
f 934/420/2215 943/420/2215 945/420/2215
f 684/287/1249 676/382/1249 667/263/1249
f 663/323/2119 673/424/2119 667/263/2119
f 1045/420/1393 1059/420/1393 1072/420/1393
f 1023/420/2216 1025/420/2216 1024/420/2216
f 631/401/2217 635/378/2217 632/410/2217
f 635/378/1399 584/310/1399 642/308/1399
f 600/290/1400 599/379/1400 610/295/1400
f 677/386/1153 681/388/1153 671/278/1153
f 669/305/2218 659/415/2112 626/345/2219
f 554/325/1258 556/327/1258 547/326/1258
f 1036/420/1403 1041/420/1403 1039/420/1403
f 855/420/1404 858/420/1404 882/420/1404
f 529/443/2220 604/384/2221 683/425/2222
f 603/294/1120 601/372/1120 612/297/1120
f 675/343/1156 533/385/1156 521/356/1156
f 553/365/2223 540/368/2224 539/338/1410
f 524/302/2225 526/304/2225 532/303/2225
f 517/388/1154 359/358/1154 357/356/1154
f 553/365/2226 567/363/2227 577/445/2228
f 577/445/1416 588/407/2229 544/440/2230
f 772/449/2231 773/457/2231 771/450/2232
f 713/451/2233 714/474/2234 712/452/2235
f 693/450/2236 691/428/2236 782/449/2237
f 765/458/2238 766/578/2239 764/459/1433
f 575/411/2240 565/359/2240 562/314/2240
f 715/447/2241 743/456/2242 810/461/2243
f 407/409/1440 399/352/1440 410/396/1440
f 589/281/1208 597/320/1208 591/301/1208
f 815/462/2244 783/530/2244 781/448/2244
f 697/463/2245 770/587/2246 769/464/2247
f 783/465/2248 770/588/2249 798/466/2250
f 801/468/2251 802/589/2252 737/469/2253
f 845/420/1455 872/420/1455 828/420/1455
f 776/471/2254 777/555/2255 775/472/2256
f 737/469/2257 802/589/2258 714/474/2259
f 787/476/2260 801/468/2261 804/470/2262
f 690/478/2263 700/520/2263 699/479/2264
f 776/463/2265 792/587/2266 809/464/2267
f 686/419/2268 767/543/2268 765/458/2268
f 745/481/2269 774/503/2270 720/482/1475
f 748/484/2271 749/546/2272 747/485/1478
f 797/487/2273 796/541/2274 800/488/2275
f 718/490/2276 719/529/2277 717/491/2278
f 728/461/2279 729/456/2280 727/455/1486
f 789/418/2281 800/522/2282 799/494/2281
f 811/495/2283 802/589/2284 801/468/2285
f 736/497/2286 803/559/2287 804/500/2288
f 721/502/2289 722/554/2290 720/482/2291
f 864/420/1502 889/420/1502 885/420/1502
f 712/452/2292 752/550/2293 728/506/1507
f 724/507/2294 706/590/2294 768/508/2294
f 792/473/2295 775/472/2296 763/510/2297
f 706/512/2298 708/535/2299 735/513/2298
f 707/514/2300 708/535/2300 706/512/2300
f 1055/420/1516 1057/420/1516 1056/420/1516
f 786/427/1517 741/517/2301 764/459/2302
f 691/516/2303 812/459/2303 689/517/2303
f 1022/420/2304 1015/420/2304 1038/420/2304
f 752/519/2305 796/541/2305 695/433/2305
f 1053/420/1525 1066/420/1525 1057/420/1525
f 769/520/2306 770/588/2307 783/465/2308
f 775/472/2309 787/476/2309 761/477/2309
f 795/434/1531 797/487/1529 771/450/1531
f 686/419/2310 687/418/2310 685/522/2310
f 778/427/2311 738/429/2312 698/523/1535
f 733/525/2313 721/502/2314 732/526/2315
f 755/528/2316 717/491/2316 719/529/2316
f 716/448/2317 715/447/2318 731/462/2317
f 810/531/2319 743/504/2320 781/448/2319
f 779/480/2321 785/492/2322 688/532/2323
f 1035/420/1551 1037/420/1551 1020/420/1551
f 766/533/2324 765/458/2325 767/534/2326
f 814/535/2327 733/514/2328 725/536/2329
f 700/520/2330 698/574/2331 754/538/2332
f 798/466/2333 770/588/2334 697/539/2335
f 815/462/2336 818/447/2336 729/456/2336
f 756/515/1567 733/514/2337 814/535/2338
f 759/487/2339 760/434/2340 758/433/2341
f 745/481/1573 719/529/2342 718/490/2343
f 913/420/1576 871/420/2344 844/420/1577
f 688/523/2345 784/524/2346 786/427/2347
f 741/495/2348 757/571/2349 756/468/2350
f 767/543/2351 686/419/2351 780/494/2351
f 685/522/2352 801/591/2353 787/545/2354
f 749/546/2355 707/575/2356 723/547/2357
f 759/534/1593 807/569/2358 697/463/2359
f 813/429/2360 786/427/2361 782/449/2362
f 817/500/2363 727/559/2364 694/548/1600
f 769/520/2365 815/521/2366 728/506/2366
f 790/551/2367 789/418/2368 705/419/2369
f 889/420/2370 832/420/2370 833/420/2370
f 718/490/2371 785/492/2372 779/480/2373
f 779/480/2374 699/479/2375 744/552/2376
f 696/432/2377 726/578/2378 693/553/1614
f 721/502/2379 733/525/2379 756/468/2379
f 742/512/2380 814/535/2381 711/513/2382
f 765/458/2383 740/460/2384 711/513/2385
f 705/419/2386 701/543/2387 703/458/2388
f 724/555/2389 725/527/2389 723/547/2389
f 775/556/2390 777/544/2391 780/494/2392
f 748/484/2393 751/572/2394 750/557/2393
f 796/541/2395 797/487/2396 795/434/1637
f 793/428/2397 771/450/2398 790/560/2399
f 467/401/2400 456/398/2400 468/410/2400
f 721/502/2401 774/503/2402 805/563/2403
f 798/466/2404 809/576/2405 731/564/1649
f 693/450/2406 692/457/2407 760/434/1652
f 772/449/2408 778/427/2409 689/517/2410
f 785/492/2411 717/491/2412 784/474/1658
f 756/468/2413 757/571/2414 755/528/1661
f 685/565/2415 687/418/2415 701/566/2416
f 741/517/2417 742/518/2418 740/516/2417
f 796/567/2419 752/550/2420 712/452/2421
f 736/497/2422 737/592/2423 713/549/2424
f 812/459/2425 726/578/2425 773/457/2425
f 791/432/2426 767/534/2426 777/569/2426
f 761/549/1681 804/500/1681 803/559/1681
f 703/458/2427 768/460/2427 735/513/2427
f 690/570/2428 689/517/2429 778/427/2430
f 757/571/2431 784/474/2431 717/491/2432
f 754/538/2433 750/557/2433 751/572/2434
f 789/489/2435 790/560/2436 771/450/1693
f 734/540/2437 788/466/2438 698/574/2439
f 749/546/2440 750/557/2441 788/466/2440
f 809/576/2442 792/473/2443 808/511/1699
f 689/567/2444 690/478/2445 688/532/2446
f 708/535/2447 707/514/2447 788/536/2447
f 493/414/1707 495/415/2448 462/345/1707
f 1056/420/1709 1049/420/1709 1062/420/1709
f 745/481/2449 753/573/2450 751/572/2451
f 732/526/2452 747/485/2453 723/547/2454
f 696/432/2455 697/463/2455 695/433/2455
f 461/426/2456 453/392/2457 452/282/2457
f 747/485/2458 732/526/2459 805/563/1719
f 800/522/2460 712/591/2461 714/545/2462
f 784/524/2463 757/570/2464 741/517/2465
f 811/544/2466 701/543/2467 705/419/2468
f 782/449/2469 764/459/2470 766/578/2470
f 760/434/2471 692/457/2471 766/578/2471
f 745/481/2472 806/486/2473 805/563/2474
f 726/578/2475 812/459/2475 691/516/2475
f 631/401/2476 613/259/2477 607/436/2478
f 607/436/1744 529/444/2479 635/378/1745
f 380/440/2480 395/441/2481 394/317/2482
f 411/411/1752 364/430/2483 363/270/2484
f 363/270/2485 431/269/2486 365/337/1751
f 403/363/1760 389/365/2487 380/580/2488
f 380/580/1758 424/407/2489 413/445/2490
f 612/297/1165 622/292/1165 624/298/1165
f 643/405/1201 637/370/1201 628/376/1201
f 832/420/2491 889/420/2491 864/420/2491
f 872/420/1774 890/420/1774 830/420/1774
f 636/274/1250 630/276/1250 619/275/1250
f 826/420/1775 857/420/1775 881/420/1775
f 891/420/2492 901/420/2492 900/420/2493
f 655/271/1268 653/413/1268 662/361/1268
f 590/299/1215 591/301/1215 593/300/1215
f 905/420/1779 868/420/1779 856/420/1779
f 852/420/2494 849/420/2495 900/420/2494
f 819/420/2496 821/420/1782 820/420/1782
f 822/420/1783 824/420/1783 823/420/2497
f 825/420/1784 827/420/1784 826/420/1784
f 1043/420/2498 1045/420/2498 1044/420/2498
f 881/420/1786 903/420/1786 905/420/1786
f 652/335/1180 654/322/1180 645/336/1180
f 666/412/1151 661/277/1151 652/335/1151
f 745/481/2499 746/542/2500 744/552/2501
f 899/420/2502 878/420/2502 910/420/2502
f 682/306/1133 675/343/1133 674/258/1133
f 883/420/1792 885/420/1792 884/420/1792
f 868/420/1793 905/420/1793 904/420/1793
f 876/420/2503 861/420/2503 854/420/2503
f 539/338/2504 534/340/2504 549/339/2504
f 821/420/2505 819/420/2505 873/420/2505
f 860/420/2506 853/420/2506 861/420/2506
f 603/294/1200 615/296/1200 610/295/1200
f 906/420/1798 881/420/1798 909/420/1798
f 573/406/1799 577/445/1799 567/363/1799
f 851/420/1800 849/420/1800 852/420/1800
f 624/298/1119 619/275/1119 610/295/1119
f 1020/420/1801 1022/420/2507 1021/420/2507
f 597/320/1167 600/290/1167 602/265/1167
f 842/420/1802 865/420/1802 897/420/1802
f 526/304/1123 525/334/1123 541/347/1123
f 575/411/1805 564/394/2508 529/390/2509
f 529/390/2509 527/270/2510 528/430/1804
f 841/420/2511 843/420/2512 842/420/1807
f 833/420/1809 830/420/1809 890/420/1809
f 871/420/1810 872/420/2513 845/420/1811
f 669/305/1126 672/362/1126 662/361/1126
f 839/420/2514 840/420/2514 876/420/2514
f 853/420/1815 855/420/1815 854/420/1815
f 836/420/2515 823/420/2516 837/420/2515
f 829/420/2517 846/420/2517 871/420/2517
f 613/259/2518 631/401/2518 620/398/2518
f 623/346/1221 628/376/1221 629/391/1221
f 831/420/1820 847/420/1820 846/420/1820
f 911/420/2519 910/420/2519 879/420/2519
f 873/420/1823 819/420/1822 823/420/1822
f 646/331/1174 648/332/1174 641/286/1174
f 570/423/2520 566/583/2520 552/364/2520
f 854/420/1825 874/420/1825 838/420/1825
f 857/420/1826 839/420/1826 903/420/1826
f 862/420/1827 864/420/1827 863/420/1827
f 898/420/1828 914/420/2521 843/420/1829
f 1012/420/1831 1013/420/1831 1019/420/1831
f 587/268/2099 581/342/2099 579/341/2099
f 642/308/1832 649/374/1832 644/373/1832
f 683/425/1219 679/307/2522 669/305/1219
f 644/272/1236 653/413/1236 655/271/1236
f 834/420/1835 835/420/1835 826/420/1835
f 654/322/1836 663/323/1836 665/264/1836
f 837/420/2523 912/420/2523 893/420/2523
f 838/420/1838 840/420/1838 839/420/1838
f 858/420/1839 859/420/1839 834/420/1839
f 527/270/1840 595/269/1840 596/400/1840
f 642/308/1246 638/353/1246 634/293/1246
f 842/420/2524 845/420/2524 867/420/2524
f 807/541/2525 758/433/2526 809/464/1843
f 856/420/1845 857/420/1845 826/420/1845
f 762/497/2527 763/592/2528 761/549/2529
f 889/420/1849 902/420/1849 847/420/1849
f 647/328/1850 645/336/1850 654/322/1850
f 867/420/1852 828/420/1852 913/420/1852
f 608/261/2530 606/260/2530 607/436/2531
f 863/420/1854 864/420/2532 883/420/1855
f 935/420/2533 984/420/2533 923/420/2534
f 872/420/2535 871/420/2536 846/420/2536
f 855/420/1860 853/420/1860 859/420/1860
f 890/420/1861 846/420/1861 847/420/1861
f 884/420/2537 832/420/2537 862/420/2537
f 820/420/2538 870/420/2539 869/420/2539
f 575/411/1865 528/430/1865 576/360/1865
f 865/420/1866 914/420/1866 898/420/1866
f 948/420/1867 977/420/1867 962/420/1867
f 939/420/1868 983/420/1868 992/420/1868
f 661/277/1134 671/278/1134 673/424/1134
f 910/420/1870 911/420/2540 824/420/1870
f 1048/420/2541 1071/420/2541 1073/420/2541
f 574/396/1247 578/280/1247 568/351/1247
f 565/359/1872 576/360/1872 579/341/1872
f 920/420/1873 922/420/2542 921/420/2542
f 922/420/1874 1007/420/1874 955/420/1874
f 1006/420/2543 1005/420/2543 936/420/2543
f 926/420/1876 928/420/1876 927/420/1876
f 684/287/1877 531/289/1877 535/288/1877
f 941/420/1878 921/420/1878 922/420/1878
f 970/420/1879 974/420/1879 973/420/1879
f 919/420/1880 918/420/1880 946/420/1880
f 446/295/1400 447/291/1400 457/397/1400
f 522/357/2544 530/389/2544 531/289/2544
f 946/420/1882 918/420/1882 972/420/1882
f 1009/420/1884 1007/420/1884 949/420/1884
f 982/420/2545 983/420/2545 939/420/2545
f 534/340/2546 539/338/2546 540/368/2546
f 988/420/2547 991/420/2547 958/420/2547
f 947/420/2548 926/420/2548 948/420/2548
f 936/420/2549 1005/420/2549 924/420/2549
f 608/261/1170 620/398/1170 622/292/1170
f 930/420/2550 1001/420/2550 1000/420/2550
f 552/364/2551 566/583/2551 567/363/2551
f 619/275/1171 630/276/1171 633/375/1171
f 596/400/1226 598/402/1226 581/342/1226
f 659/415/1895 662/361/1895 653/413/1895
f 961/420/2552 1009/420/2552 979/420/2552
f 992/420/1898 983/420/2553 981/420/2553
f 967/420/1899 969/420/1899 968/420/1899
f 963/420/2554 942/420/2554 999/420/2554
f 586/279/1227 589/281/1227 578/280/1227
f 933/420/1901 945/420/1901 944/420/1901
f 967/420/1902 1010/420/1902 975/420/1902
f 1010/420/1903 1008/420/1903 1001/420/1903
f 561/395/2555 564/394/2555 562/314/2555
f 681/388/1265 677/386/1265 521/356/1265
f 947/420/2556 993/420/1905 928/420/2556
f 938/420/2557 940/420/2557 939/420/2557
f 628/376/1121 637/370/1121 640/408/1121
f 938/420/2558 996/420/2558 981/420/2558
f 999/420/1908 934/420/1908 932/420/1908
f 1002/420/1909 957/420/1909 998/420/1909
f 622/292/1253 634/293/1253 636/274/1253
f 925/420/2559 987/420/2559 972/420/2559
f 975/420/1913 931/420/1913 976/420/1913
f 580/377/1914 579/341/1914 581/342/1914
f 650/369/1214 645/371/1214 637/370/1214
f 932/420/1915 934/420/1915 933/420/1915
f 1003/420/2560 1002/420/2560 989/420/2560
f 655/271/1440 651/399/1440 648/422/1440
f 557/348/2069 560/350/2069 550/349/2069
f 527/270/2561 587/268/2561 576/360/2562
f 582/381/2077 592/403/2077 594/319/2077
f 598/402/1152 592/403/1152 582/381/1152
f 571/409/1232 563/352/1232 560/350/1232
f 996/420/2563 938/420/2563 974/420/2563
f 952/420/1920 941/420/1920 953/420/1920
f 1026/420/1921 1015/420/1921 1016/420/1921
f 925/420/2564 915/420/2564 919/420/2564
f 953/420/1923 956/420/1923 920/420/1923
f 966/420/1924 950/420/1924 951/420/1924
f 1008/420/2565 954/420/2565 1000/420/2565
f 935/420/1926 973/420/1926 974/420/1926
f 926/420/1927 968/420/1927 977/420/1927
f 985/420/1929 986/420/1929 974/420/1929
f 968/420/2566 969/420/2566 976/420/2566
f 984/420/1931 987/420/1931 925/420/1931
f 988/420/1932 990/420/1932 989/420/1932
f 918/420/1933 982/420/1933 997/420/1933
f 957/420/1934 1004/420/1934 961/420/1934
f 921/420/1935 941/420/1935 952/420/1935
f 630/276/2088 641/286/2088 643/405/2088
f 537/333/1269 525/334/1269 526/304/1269
f 532/303/1178 536/354/1178 521/356/1178
f 1037/420/2567 1014/420/2567 1022/420/2567
f 578/280/1164 589/281/1164 590/299/1164
f 941/420/1937 995/420/1937 956/420/1937
f 929/420/1938 931/420/1938 930/420/1938
f 592/403/1109 603/294/1109 599/379/1109
f 942/420/1939 943/420/1939 934/420/1939
f 550/349/2073 560/350/2073 554/325/2073
f 927/420/1940 962/420/1940 994/420/1940
f 650/582/1196 648/422/1196 651/399/1196
f 942/420/1941 993/420/1941 978/420/1941
f 660/262/1942 658/329/1942 656/330/1942
f 641/286/1111 648/332/1111 650/369/1111
f 923/420/1943 925/420/1943 924/420/1943
f 640/408/1944 647/421/1944 543/584/1944
f 592/403/1118 598/402/1118 601/372/1118
f 979/420/2568 950/420/2568 980/420/2568
f 560/350/1235 563/352/1235 568/351/1235
f 1006/420/2569 973/420/2569 923/420/2569
f 1007/420/2570 922/420/2570 920/420/2570
f 562/314/1950 565/359/1950 569/321/1950
f 664/256/2092 674/258/2092 668/257/2092
f 959/420/1951 1003/420/1951 990/420/1951
f 955/420/2571 951/420/2571 956/420/2571
f 664/256/1205 662/361/1205 672/362/1205
f 593/300/1953 605/380/1953 559/441/1953
f 602/265/1188 605/380/1188 593/300/1188
f 580/377/1199 574/396/1199 563/352/1199
f 537/333/2572 679/307/2573 683/425/1954
f 602/265/1148 614/267/1148 618/266/1148
f 671/278/1224 681/388/1224 684/287/1224
f 668/257/2133 671/278/2133 661/277/2133
f 605/380/2574 618/266/2574 609/318/2574
f 848/420/2575 880/420/2576 878/420/2575
f 882/420/1960 825/420/1960 835/420/1960
f 585/404/2577 588/407/2577 577/445/2577
f 681/388/2121 523/358/2121 531/289/2121
f 537/333/1137 524/302/1137 682/306/1137
f 744/552/2578 699/479/2578 754/538/2578
f 828/420/1963 830/420/1963 829/420/1963
f 535/288/2579 540/368/2579 680/366/2579
f 858/420/1965 887/420/1965 825/420/1965
f 608/261/1198 612/297/1198 601/372/1198
f 566/583/1966 570/423/1966 572/387/1966
f 837/420/2580 908/420/2581 869/420/2581
f 669/305/1149 679/307/1149 682/306/1149
f 596/400/1223 606/260/1223 601/372/1223
f 635/378/2582 627/312/2583 583/309/2584
f 896/420/2585 862/420/2585 897/420/2585
f 655/271/1222 664/256/1222 666/412/1222
f 658/329/1973 616/282/2586 545/284/2587
f 830/420/2588 833/420/2588 831/420/2588
f 517/388/2544 520/287/2544 367/289/2544
f 735/513/2589 708/535/2589 734/537/2589
f 702/551/2590 703/593/2590 701/566/2590
f 908/420/1981 852/420/1981 901/420/2591
f 360/302/2225 518/306/2225 511/343/2225
f 877/420/1982 874/420/1982 854/420/1982
f 431/269/2592 432/400/2592 442/260/2592
f 462/345/2593 495/415/2593 505/305/2593
f 1057/420/1986 1069/420/1986 1067/420/1986
f 660/262/1987 670/435/2594 544/438/1988
f 402/583/1990 403/363/1990 413/445/1990
f 814/535/2595 724/537/2595 709/585/2595
f 802/556/2596 811/544/2596 799/494/2596
f 704/417/2597 735/513/2598 739/585/2599
f 763/531/2600 762/504/2600 716/448/2600
f 754/538/2601 698/574/2601 788/466/2601
f 1021/420/1997 1034/420/1997 1025/420/1997
f 1034/420/1998 1014/420/1998 1037/420/1998
f 594/319/2117 597/320/2117 589/281/2117
f 1011/420/2602 1013/420/2602 1012/420/2602
f 720/482/2603 722/554/2603 755/528/2603
f 773/457/2604 726/578/2604 696/432/2604
f 1019/420/2002 1040/420/2002 1032/420/2002
f 1013/420/2003 1027/420/2003 1040/420/2003
f 1039/420/2004 1016/420/2004 1014/420/2004
f 1024/420/2005 1017/420/2005 1030/420/2005
f 1035/420/2006 1012/420/2006 1017/420/2006
f 1017/420/2007 1019/420/2007 1018/420/2007
f 524/302/2081 533/385/2081 675/343/2081
f 1035/420/2008 1029/420/2008 1042/420/2008
f 1029/420/2009 1020/420/2009 1023/420/2009
f 1018/420/2605 1011/420/2010 1042/420/2010
f 980/420/2011 1004/420/2011 957/420/2011
f 937/420/2012 935/420/2012 986/420/2012
f 1038/420/2013 1039/420/2013 1034/420/2013
f 549/339/2606 552/364/2606 553/365/2606
f 1015/420/2607 1026/420/2607 1036/420/2608
f 1036/420/2016 1026/420/2016 1033/420/2016
f 1016/420/2017 1039/420/2017 1041/420/2017
f 1069/420/2609 1046/420/2609 1054/420/2609
f 1049/420/2020 1051/420/2020 1050/420/2020
f 1032/420/2610 1033/420/2611 1011/420/2610
f 865/420/2022 867/420/2022 866/420/2022
f 1014/420/2023 1016/420/2023 1015/420/2023
f 1025/420/2024 1037/420/2024 1035/420/2024
f 1027/420/2025 1028/420/2025 1041/420/2025
f 1068/420/2026 1073/420/2026 1071/420/2026
f 1029/420/2612 1031/420/2612 1030/420/2612
f 887/420/2613 888/420/2029 827/420/2613
f 1067/420/2031 1069/420/2031 1052/420/2031
f 474/353/1914 475/285/1914 482/331/1914
f 1066/420/2032 1046/420/2032 1069/420/2032
f 739/561/2614 734/594/2614 738/429/2614
f 1058/420/2615 1060/420/2615 1059/420/2615
f 1067/420/2035 1061/420/2035 1074/420/2035
f 1040/420/2036 1041/420/2036 1036/420/2036
f 911/420/2616 850/420/2037 848/420/2616
f 1026/420/2038 1028/420/2038 1027/420/2038
f 848/420/2617 850/420/2617 849/420/2617
f 1064/420/2040 1065/420/2040 1043/420/2040
f 1045/420/2041 1043/420/2041 1065/420/2041
f 1058/420/2042 1047/420/2042 1048/420/2042
f 886/420/2043 860/420/2043 877/420/2043
f 1054/420/2618 1047/420/2045 1070/420/2618
f 1068/420/2619 1058/420/2046 1065/420/2619
f 1072/420/2047 1073/420/2047 1068/420/2047
f 1047/420/2620 1058/420/2620 1068/420/2621
f 402/583/2049 409/406/2049 408/387/2049
f 768/508/2050 703/593/2050 702/551/2050
f 917/420/2622 940/420/2622 981/420/2622
f 1061/420/2054 1063/420/2054 1062/420/2054
f 1070/420/2055 1071/420/2055 1066/420/2055
f 1044/420/2056 1045/420/2056 1051/420/2056
f 1052/420/2057 1054/420/2057 1053/420/2057
f 1071/420/2058 1048/420/2623 1046/420/2623
f 998/420/2624 952/420/2624 964/420/2624
f 1046/420/2060 1048/420/2060 1047/420/2060
f 710/417/2625 711/513/2625 709/585/2625
f 1059/420/2062 1060/420/2062 1073/420/2062
f 387/416/2626 375/338/2627 376/368/2628
f 376/368/2629 380/367/2630 389/365/2066
f 1050/420/2068 1043/420/2068 1074/420/2068
