# Blender 5.2.0 LTS
# www.blender.org
mtllib void spear black.mtl
o RenderMesh_87127434278076.001
v 0.294775 1.745799 -0.071715
v 0.317475 1.724233 -0.064297
v 0.294775 1.724233 -0.068299
v 0.294775 1.786819 -0.058387
v 0.308805 1.802257 -0.040473
v 0.314085 1.786819 -0.054981
v 0.313452 1.812170 0.008855
v 0.316012 1.812170 0.001818
v 0.294775 1.815585 -0.001927
v 0.314085 1.704779 -0.054981
v 0.294775 1.704779 -0.058387
v 0.317475 1.767363 -0.064297
v 0.294775 1.767363 -0.068299
v 0.308805 1.689339 -0.040473
v 0.294775 1.689339 -0.042947
v 0.318644 1.745799 -0.067506
v 0.294775 1.802257 -0.042947
v 0.302151 1.812170 -0.022192
v 0.302151 1.679428 -0.022192
v 0.294775 1.679428 -0.023493
v 0.321143 1.802257 -0.033350
v 0.331067 1.786819 -0.045177
v 0.273536 1.679428 0.001818
v 0.294775 1.676011 -0.001927
v 0.276098 1.679428 0.008855
v 0.337437 1.724233 -0.052771
v 0.331067 1.704779 -0.045177
v 0.337437 1.767363 -0.052771
v 0.321143 1.689339 -0.033350
v 0.339633 1.745799 -0.055387
v 0.308638 1.679428 -0.018447
v 0.330298 1.689339 -0.022438
v 0.313452 1.679428 -0.012709
v 0.352255 1.724233 -0.035114
v 0.343670 1.786819 -0.030157
v 0.343670 1.704779 -0.030157
v 0.352255 1.767363 -0.035114
v 0.308638 1.679428 0.014592
v 0.302151 1.679428 0.018337
v 0.355212 1.745799 -0.036821
v 0.308638 1.812170 -0.018447
v 0.330298 1.802257 -0.022438
v 0.363503 1.745799 -0.014046
v 0.313452 1.812170 -0.012709
v 0.335171 1.802257 -0.009050
v 0.335171 1.689339 -0.009050
v 0.316012 1.679428 -0.005673
v 0.360139 1.724233 -0.013453
v 0.350377 1.786819 -0.011732
v 0.350377 1.704779 -0.011732
v 0.360139 1.767363 -0.013453
v 0.350377 1.704779 0.007877
v 0.335171 1.689339 0.005196
v 0.363503 1.745799 0.010191
v 0.316012 1.812170 -0.005673
v 0.335171 1.802257 0.005196
v 0.316012 1.679428 0.001818
v 0.360139 1.724233 0.009598
v 0.350377 1.786819 0.007877
v 0.360139 1.767363 0.009598
v 0.343670 1.786819 0.026303
v 0.352255 1.767363 0.031259
v 0.273536 1.812170 0.001818
v 0.276098 1.812170 0.008855
v 0.330298 1.689339 0.018582
v 0.355212 1.745799 0.032967
v 0.330298 1.802257 0.018582
v 0.313452 1.679428 0.008855
v 0.352255 1.724233 0.031259
v 0.343670 1.704779 0.026303
v 0.331067 1.704779 0.041322
v 0.337437 1.767363 0.048916
v 0.321143 1.689339 0.029496
v 0.339633 1.745799 0.051533
v 0.308638 1.812170 0.014592
v 0.321143 1.802257 0.029496
v 0.337437 1.724233 0.048916
v 0.331067 1.786819 0.041322
v 0.318644 1.745799 0.063651
v 0.317475 1.724233 0.060442
v 0.314085 1.786819 0.051126
v 0.314085 1.704779 0.051126
v 0.317475 1.767363 0.060442
v 0.294775 1.812170 -0.023493
v 0.308805 1.689339 0.036619
v 0.308805 1.802257 0.036619
v 0.302151 1.812170 0.018337
v 0.294775 1.802257 0.039093
v 0.294775 1.679428 0.019638
v 0.294775 1.745799 0.067860
v 0.294775 1.724233 0.064444
v 0.294775 1.786819 0.054532
v 0.294775 1.812170 0.019638
v 0.294775 1.704779 0.054532
v 0.294775 1.767363 0.064444
v 0.280913 1.679428 0.014592
v 0.287399 1.679428 0.018337
v 0.294775 1.689339 0.039093
v 0.270906 1.745799 0.063651
v 0.280745 1.802257 0.036619
v 0.272075 1.724233 0.060442
v 0.275465 1.786819 0.051126
v 0.275465 1.704779 0.051126
v 0.272075 1.767363 0.060442
v 0.280745 1.689339 0.036619
v 0.276098 1.812170 -0.012709
v 0.273536 1.812170 -0.005673
v 0.258483 1.704779 0.041322
v 0.268407 1.689339 0.029496
v 0.249917 1.745799 0.051533
v 0.287399 1.812170 0.018337
v 0.268407 1.802257 0.029496
v 0.252113 1.724233 0.048916
v 0.258483 1.786819 0.041322
v 0.280913 1.812170 0.014592
v 0.252113 1.767363 0.048916
v 0.245880 1.704779 0.026303
v 0.245880 1.786819 0.026303
v 0.237296 1.767363 0.031259
v 0.259250 1.689339 0.018584
v 0.234338 1.745799 0.032967
v 0.259250 1.802257 0.018583
v 0.237296 1.724233 0.031259
v 0.239174 1.786819 0.007877
v 0.239174 1.704779 0.007877
v 0.229411 1.767363 0.009598
v 0.254378 1.689339 0.005196
v 0.226048 1.745799 0.010191
v 0.254378 1.802257 0.005196
v 0.229411 1.724233 0.009598
v 0.226048 1.745799 -0.014046
v 0.229411 1.724233 -0.013453
v 0.239174 1.786819 -0.011732
v 0.239174 1.704779 -0.011732
v 0.229411 1.767363 -0.013453
v 0.254378 1.689339 -0.009050
v 0.254378 1.802257 -0.009050
v 0.273536 1.679428 -0.005673
v 0.259250 1.802257 -0.022436
v 0.276098 1.679428 -0.012709
v 0.237296 1.724233 -0.035114
v 0.245880 1.786819 -0.030157
v 0.245880 1.704779 -0.030157
v 0.237296 1.767363 -0.035114
v 0.259250 1.689339 -0.022436
v 0.234338 1.745799 -0.036821
v 0.268407 1.689339 -0.033350
v 0.249917 1.745799 -0.055387
v 0.268407 1.802257 -0.033350
v 0.280913 1.679428 -0.018447
v 0.252113 1.724233 -0.052771
v 0.258483 1.786819 -0.045177
v 0.258483 1.704779 -0.045177
v 0.252113 1.767363 -0.052771
v 0.272075 1.767363 -0.064297
v 0.280745 1.689339 -0.040473
v 0.270906 1.745799 -0.067506
v 0.280913 1.812170 -0.018447
v 0.280745 1.802257 -0.040473
v 0.287399 1.679428 -0.022192
v 0.272075 1.724233 -0.064297
v 0.275465 1.786819 -0.054981
v 0.287399 1.812170 -0.022192
v 0.275465 1.704779 -0.054981
v -0.294367 1.745799 -0.071715
v -0.317067 1.724233 -0.064297
v -0.294367 1.724233 -0.068299
v -0.294367 1.786819 -0.058387
v -0.308397 1.802257 -0.040473
v -0.313677 1.786819 -0.054981
v -0.313044 1.812170 0.008855
v -0.315604 1.812170 0.001818
v -0.294367 1.815585 -0.001927
v -0.313677 1.704779 -0.054981
v -0.294367 1.704779 -0.058387
v -0.317067 1.767363 -0.064297
v -0.294367 1.767363 -0.068299
v -0.308397 1.689339 -0.040473
v -0.294367 1.689339 -0.042947
v -0.318237 1.745799 -0.067506
v -0.294367 1.802257 -0.042947
v -0.301744 1.812170 -0.022192
v -0.301744 1.679428 -0.022192
v -0.294367 1.679428 -0.023493
v -0.320735 1.802257 -0.033350
v -0.330659 1.786819 -0.045177
v -0.273129 1.679428 0.001818
v -0.294367 1.676011 -0.001927
v -0.275691 1.679428 0.008855
v -0.337029 1.724233 -0.052771
v -0.330659 1.704779 -0.045177
v -0.337029 1.767363 -0.052771
v -0.320735 1.689339 -0.033350
v -0.339226 1.745799 -0.055387
v -0.308230 1.679428 -0.018447
v -0.329891 1.689339 -0.022438
v -0.313044 1.679428 -0.012709
v -0.351847 1.724233 -0.035114
v -0.343263 1.786819 -0.030157
v -0.343263 1.704779 -0.030157
v -0.351847 1.767363 -0.035114
v -0.308230 1.679428 0.014592
v -0.301744 1.679428 0.018337
v -0.354804 1.745799 -0.036821
v -0.308230 1.812170 -0.018447
v -0.329891 1.802257 -0.022438
v -0.363095 1.745799 -0.014046
v -0.313044 1.812170 -0.012709
v -0.334763 1.802257 -0.009050
v -0.334763 1.689339 -0.009050
v -0.315604 1.679428 -0.005673
v -0.359731 1.724233 -0.013453
v -0.349969 1.786819 -0.011732
v -0.349969 1.704779 -0.011732
v -0.359731 1.767363 -0.013453
v -0.349969 1.704779 0.007877
v -0.334763 1.689339 0.005196
v -0.363095 1.745799 0.010191
v -0.315604 1.812170 -0.005673
v -0.334763 1.802257 0.005196
v -0.315604 1.679428 0.001818
v -0.359731 1.724233 0.009598
v -0.349969 1.786819 0.007877
v -0.359731 1.767363 0.009598
v -0.343263 1.786819 0.026303
v -0.351847 1.767363 0.031259
v -0.273129 1.812170 0.001818
v -0.275691 1.812170 0.008855
v -0.329891 1.689339 0.018582
v -0.354804 1.745799 0.032967
v -0.329891 1.802257 0.018582
v -0.313044 1.679428 0.008855
v -0.351847 1.724233 0.031259
v -0.343263 1.704779 0.026303
v -0.330659 1.704779 0.041322
v -0.337029 1.767363 0.048916
v -0.320735 1.689339 0.029496
v -0.339226 1.745799 0.051533
v -0.308230 1.812170 0.014592
v -0.320735 1.802257 0.029496
v -0.337029 1.724233 0.048916
v -0.330659 1.786819 0.041322
v -0.318237 1.745799 0.063651
v -0.317067 1.724233 0.060442
v -0.313677 1.786819 0.051126
v -0.313677 1.704779 0.051126
v -0.317067 1.767363 0.060442
v -0.294367 1.812170 -0.023493
v -0.308397 1.689339 0.036619
v -0.308397 1.802257 0.036619
v -0.301744 1.812170 0.018337
v -0.294367 1.802257 0.039093
v -0.294367 1.679428 0.019638
v -0.294367 1.745799 0.067860
v -0.294367 1.724233 0.064444
v -0.294367 1.786819 0.054532
v -0.294367 1.812170 0.019638
v -0.294367 1.704779 0.054532
v -0.294367 1.767363 0.064444
v -0.280505 1.679428 0.014592
v -0.286991 1.679428 0.018337
v -0.294367 1.689339 0.039093
v -0.270498 1.745799 0.063651
v -0.280338 1.802257 0.036619
v -0.271667 1.724233 0.060442
v -0.275057 1.786819 0.051126
v -0.275057 1.704779 0.051126
v -0.271667 1.767363 0.060442
v -0.280338 1.689339 0.036619
v -0.275691 1.812170 -0.012709
v -0.273129 1.812170 -0.005673
v -0.258076 1.704779 0.041322
v -0.268000 1.689339 0.029496
v -0.249509 1.745799 0.051533
v -0.286991 1.812170 0.018337
v -0.268000 1.802257 0.029496
v -0.251705 1.724233 0.048916
v -0.258076 1.786819 0.041322
v -0.280505 1.812170 0.014592
v -0.251705 1.767363 0.048916
v -0.245472 1.704779 0.026303
v -0.245472 1.786819 0.026303
v -0.236888 1.767363 0.031259
v -0.258842 1.689339 0.018584
v -0.233930 1.745799 0.032967
v -0.258842 1.802257 0.018583
v -0.236888 1.724233 0.031259
v -0.238766 1.786819 0.007877
v -0.238766 1.704779 0.007877
v -0.229004 1.767363 0.009598
v -0.253970 1.689339 0.005196
v -0.225640 1.745799 0.010191
v -0.253970 1.802257 0.005196
v -0.229004 1.724233 0.009598
v -0.225640 1.745799 -0.014046
v -0.229004 1.724233 -0.013453
v -0.238766 1.786819 -0.011732
v -0.238766 1.704779 -0.011732
v -0.229004 1.767363 -0.013453
v -0.253970 1.689339 -0.009050
v -0.253970 1.802257 -0.009050
v -0.273129 1.679428 -0.005673
v -0.258842 1.802257 -0.022436
v -0.275691 1.679428 -0.012709
v -0.236888 1.724233 -0.035114
v -0.245472 1.786819 -0.030157
v -0.245472 1.704779 -0.030157
v -0.236888 1.767363 -0.035114
v -0.258842 1.689339 -0.022436
v -0.233930 1.745799 -0.036821
v -0.268000 1.689339 -0.033350
v -0.249509 1.745799 -0.055387
v -0.268000 1.802257 -0.033350
v -0.280505 1.679428 -0.018447
v -0.251705 1.724233 -0.052771
v -0.258076 1.786819 -0.045177
v -0.258076 1.704779 -0.045177
v -0.251705 1.767363 -0.052771
v -0.271667 1.767363 -0.064297
v -0.280338 1.689339 -0.040473
v -0.270498 1.745799 -0.067506
v -0.280505 1.812170 -0.018447
v -0.280338 1.802257 -0.040473
v -0.286991 1.679428 -0.022192
v -0.271667 1.724233 -0.064297
v -0.275057 1.786819 -0.054981
v -0.286991 1.812170 -0.022192
v -0.275057 1.704779 -0.054981
v -0.183020 2.314673 -0.108960
v -0.239515 2.258293 -0.003399
v -0.204217 2.258766 -0.122228
v 0.083223 2.032827 0.155936
v 0.182758 2.081118 0.114442
v 0.149165 2.033140 0.093423
v 0.113955 2.136665 0.212931
v -0.006845 2.196720 0.250724
v 0.118027 2.196764 0.220829
v 0.001132 2.549418 -0.021651
v 0.214798 2.314104 0.009191
v 0.204160 2.257227 0.128368
v 0.183074 2.313475 0.115928
v 0.153855 2.034072 -0.081827
v 0.123573 1.996616 0.004965
v 0.174972 2.033592 0.006520
v -0.114222 2.259132 -0.207450
v -0.211464 2.198651 -0.127109
v -0.118289 2.199027 -0.215347
v 0.006581 2.199071 -0.245247
v 0.006418 2.259334 -0.236368
v -0.102596 2.082832 -0.186980
v 0.004280 2.034433 -0.173434
v 0.005472 2.082917 -0.212657
v -0.204422 2.138564 -0.122884
v -0.248025 2.197967 -0.004043
v -0.239763 2.137792 -0.003948
v 0.091888 2.363061 -0.145753
v 0.002663 2.433750 -0.086336
v 0.004834 2.363228 -0.171579
v -0.000296 2.549059 0.031276
v -0.013445 2.549047 0.027405
v -0.003773 1.996064 0.125551
v 0.030116 1.973143 0.058028
v -0.002142 1.973090 0.065492
v -0.057051 1.973306 0.032152
v -0.124540 1.996590 -0.001669
v -0.109515 1.996189 0.060600
v -0.083995 2.034471 -0.152406
v -0.183340 2.082320 -0.110447
v -0.149937 2.034158 -0.089894
v 0.211204 2.197142 0.132584
v 0.014253 2.549227 -0.017708
v 0.079850 2.433457 -0.039043
v 0.023687 2.549320 -0.007786
v 0.001004 3.150512 0.007187
v -0.002230 2.432797 0.094692
v -0.106240 1.997084 -0.063256
v -0.175741 2.033703 -0.002989
v 0.112095 2.082769 -0.181065
v 0.006209 2.139130 -0.237025
v -0.012168 2.549334 -0.018529
v -0.042854 2.433804 -0.075580
v 0.188557 2.082113 -0.100309
v 0.125101 2.138932 -0.201744
v -0.210868 2.137229 0.116552
v -0.112673 2.080669 0.185061
v -0.189141 2.081325 0.104305
v 0.013006 2.549143 0.028154
v 0.063848 1.973405 0.002996
v -0.000531 1.965445 0.001457
v 0.054320 1.973085 0.035033
v -0.059540 1.997014 -0.107616
v 0.001236 1.973595 -0.062820
v 0.002970 1.997332 -0.122659
v 0.064455 1.997080 -0.104152
v 0.033141 1.973565 -0.053339
v 0.154349 2.362569 -0.079874
v 0.056031 1.973487 -0.029178
v 0.108666 1.996908 -0.057608
v -0.065306 1.996019 0.107150
v -0.154623 2.033225 0.085352
v -0.092154 2.032731 0.151235
v -0.005734 2.312876 0.218140
v 0.114046 2.256971 0.213889
v -0.006471 2.256661 0.242507
v -0.090269 2.433438 0.001700
v -0.022852 2.549157 0.017409
v -0.079417 2.433089 0.047402
v -0.125572 2.136658 0.206571
v -0.218137 2.197273 0.120784
v -0.129903 2.197039 0.214144
v -0.210661 2.257430 0.117209
v -0.114426 2.138928 -0.208106
v 0.175461 2.362089 0.008466
v 0.149538 2.361742 0.095668
v 0.217875 2.198523 -0.115302
v 0.239293 2.137799 0.008774
v 0.247763 2.197828 0.009523
v -0.064752 1.973283 -0.000318
v -0.154059 2.362020 0.087204
v -0.112316 2.313325 0.186441
v -0.188821 2.313682 0.105791
v 0.214439 2.081450 0.007812
v 0.105272 1.996124 0.066554
v -0.214701 2.314343 -0.002328
v 0.022920 2.549075 0.018815
v -0.006680 2.136459 0.241850
v 0.077403 2.432981 0.051468
v -0.005094 2.032567 0.177063
v 0.058689 1.996084 0.110614
v -0.006054 2.080520 0.216653
v -0.175174 2.362498 -0.001136
v 0.091338 2.034266 -0.147601
v 0.125310 2.259135 -0.201089
v 0.129681 2.199053 -0.208769
v -0.125319 2.257159 0.207123
v -0.091598 2.361526 0.153084
v 0.210395 2.138362 -0.111727
v -0.034045 1.973123 0.056018
v 0.239499 2.257999 0.009431
v 0.188915 2.314767 -0.098929
v 0.210603 2.258566 -0.111071
v 0.083715 2.361320 0.157883
v 0.005790 2.315271 -0.211169
v 0.112411 2.315125 -0.179579
v -0.149369 2.362952 -0.088039
v -0.083431 2.363268 -0.150555
v -0.022190 2.549270 -0.008918
v -0.076968 2.433565 -0.043115
v -0.055225 1.973603 -0.032353
v -0.031140 1.973653 -0.055050
v 0.102376 2.313258 0.192351
v -0.047198 2.432907 0.081456
v -0.004665 2.361468 0.179208
v 0.043326 2.432988 0.083846
v -0.102280 2.315187 -0.185494
v 0.203956 2.137025 0.127707
v 0.102019 2.080603 0.190973
v -0.215065 2.081687 -0.003710
v 0.090739 2.433359 0.006569
v -0.026057 2.549281 0.004128
v 0.047534 2.433732 -0.072851
v 0.026894 2.549196 0.005496
v 0.054309 0.995161 0.052610
v 0.000892 1.054373 0.061995
v 0.046838 1.054373 0.042962
v 0.086412 1.113587 -0.001119
v 0.070286 1.054373 0.066411
v 0.099031 1.054373 -0.002983
v 0.069922 0.939371 -0.068188
v 0.075633 0.997491 0.000979
v 0.098355 0.929441 0.000979
v 0.065329 1.150732 0.001057
v 0.052534 1.198552 -0.052262
v 0.046455 1.139503 -0.044333
v 0.000892 1.193280 -0.073572
v -0.044671 1.139503 -0.044333
v 0.000892 1.134853 -0.063134
v 0.046727 0.947470 -0.044816
v 0.053429 1.005245 -0.053035
v 0.061363 1.113587 0.059354
v 0.000892 1.054373 0.095156
v -0.067367 0.987310 0.070144
v -0.000178 1.023965 0.077366
v -0.053784 1.042684 0.054993
v -0.067926 1.152133 0.069613
v -0.000660 1.098568 0.083325
v 0.005514 1.159158 0.098010
v 0.074331 1.167691 0.069613
v 0.058579 1.091884 0.058109
v 0.069709 1.133773 -0.067499
v 0.000892 1.126749 -0.095894
v 0.000892 0.995161 -0.076351
v -0.068503 1.054373 -0.072378
v 0.000892 1.054373 -0.101123
v -0.052526 0.995161 -0.054225
v -0.097247 1.054373 -0.002983
v -0.044171 0.979211 -0.044816
v -0.064759 0.925243 0.000979
v -0.045866 0.918644 -0.044982
v 0.069922 0.939371 0.070144
v 0.053429 1.005245 0.054992
v -0.000251 0.902716 -0.064019
v 0.001278 0.963340 -0.063784
v -0.053784 1.042684 -0.053035
v -0.062997 0.985784 0.000979
v -0.063545 1.150732 0.001057
v -0.060455 1.096909 0.058594
v -0.085778 1.087877 -0.001599
v 0.000892 1.166611 0.065248
v 0.052534 1.224002 0.050630
v 0.046455 1.161960 0.046447
v 0.001278 0.963340 0.098794
v -0.059581 1.113587 0.059354
v 0.000892 1.113587 0.084401
v 0.098214 1.150732 0.001057
v 0.082561 1.080771 -0.002285
v 0.076435 0.995161 -0.000808
v -0.095800 0.997240 0.000979
v -0.075987 1.050438 0.000979
v -0.044171 0.979211 0.046774
v -0.067367 0.987310 -0.068188
v 0.046838 1.054373 -0.048929
v 0.000892 1.113587 -0.086638
v 0.000892 1.054373 -0.067960
v 0.046727 0.947470 0.046774
v 0.001278 0.963340 -0.096837
v -0.096430 1.150732 0.001057
v -0.050751 1.198552 -0.052262
v -0.067926 1.133773 -0.067499
v -0.000178 1.023965 -0.075408
v 0.045363 0.886788 -0.044982
v 0.064256 0.880192 0.000979
v -0.061796 1.076763 -0.061992
v 0.057237 1.071738 -0.062477
v -0.064085 1.054373 -0.002983
v -0.045054 1.054373 -0.048929
v -0.052526 0.995161 0.052610
v -0.045054 1.054373 0.042962
v -0.074653 0.995161 -0.000808
v -0.072142 1.211277 -0.000817
v -0.044671 1.161960 0.046447
v -0.050751 1.224002 0.050630
v 0.065869 1.054373 -0.002983
v -0.059581 1.113587 -0.061590
v -0.084628 1.113587 -0.001119
v -0.002557 1.070078 -0.087209
v 0.001278 0.963340 0.065742
v -0.045866 0.918644 0.046939
v -0.000251 0.902716 0.065976
v 0.065553 0.940895 0.000979
v 0.054309 0.995161 -0.054225
v -0.068503 1.054373 0.066411
v 0.045363 0.886788 0.046939
v 0.061363 1.113587 -0.061590
v 0.070286 1.054373 -0.072378
v 0.000892 0.995161 0.074737
v 0.073926 1.211277 -0.000817
v 0.000892 1.229275 0.071939
v -0.025249 -0.096671 0.093966
v -0.073660 -0.037457 0.043868
v -0.086207 -0.096671 0.050078
v -0.017647 -0.096671 0.061686
v -0.020541 -0.037457 0.082109
v -0.071462 0.042236 -0.017741
v -0.053446 -0.011541 0.033311
v -0.061302 -0.016191 -0.015348
v 0.092774 -0.088975 0.020936
v 0.044063 -0.037457 0.071591
v 0.048887 -0.096671 0.081893
v -0.062425 -0.248328 -0.014439
v -0.032965 -0.203573 -0.055764
v -0.061845 -0.187703 -0.015873
v 0.065722 -0.145798 -0.039409
v 0.096403 -0.187703 0.021395
v 0.084251 -0.211673 -0.051990
v -0.013945 -0.225801 0.063250
v 0.052781 -0.163734 0.081644
v -0.021061 -0.153803 0.093465
v 0.063606 -0.155882 -0.040812
v 0.060495 -0.096671 0.013334
v 0.052502 -0.096671 -0.035751
v -0.054392 -0.096671 -0.085015
v -0.074167 -0.155882 -0.018378
v -0.098279 -0.096671 -0.024057
v -0.070013 -0.085290 0.042240
v -0.064005 -0.108360 0.040186
v -0.016519 -0.100606 0.074179
v 0.075212 -0.127079 0.017899
v 0.041146 -0.108360 0.064948
v 0.031437 -0.096671 0.053694
v -0.054351 -0.232399 0.034325
v -0.094019 -0.187703 -0.023450
v -0.038881 0.047508 -0.063124
v 0.023490 -0.000311 -0.095365
v -0.049775 -0.017270 -0.083335
v -0.017905 -0.070609 0.079860
v -0.081324 -0.017270 0.050636
v 0.035350 -0.171833 0.053708
v -0.042701 -0.085290 -0.073728
v -0.093189 -0.024295 -0.022858
v 0.083096 -0.049849 0.017097
v 0.034918 0.010916 0.054120
v 0.063663 0.015567 0.014080
v 0.061272 0.072958 -0.039538
v 0.055807 0.010916 -0.034580
v -0.039429 -0.145798 -0.064172
v -0.073493 -0.127079 -0.017122
v -0.021129 -0.000311 0.094096
v -0.062557 0.047508 0.037410
v 0.020717 -0.070609 -0.084143
v 0.015926 -0.210148 -0.063592
v -0.033439 -0.264255 -0.054475
v 0.015629 -0.270852 -0.062330
v 0.018667 -0.037457 -0.084376
v 0.012142 -0.096671 -0.064808
v -0.017951 -0.155882 0.072471
v 0.080702 -0.088975 -0.053200
v 0.019744 -0.096671 -0.097086
v 0.056035 -0.264255 -0.033404
v 0.023445 -0.221603 -0.095520
v -0.050396 -0.211673 -0.083700
v -0.013541 -0.165260 0.061536
v 0.016099 0.060234 -0.072153
v 0.083685 -0.005617 -0.051905
v -0.084180 -0.037457 -0.020737
v -0.058007 -0.096671 0.032630
v -0.065999 -0.096671 -0.016455
v 0.072898 -0.155882 0.016255
v -0.040385 -0.155882 -0.065301
v 0.016682 -0.155882 -0.074594
v 0.039116 -0.155882 0.063179
v -0.017385 0.060234 0.070026
v 0.052136 0.016647 0.082066
v 0.037596 0.072958 0.060997
v -0.013590 -0.000311 0.062087
v -0.036942 -0.096671 -0.056815
v -0.053801 -0.171833 0.032713
v 0.018238 -0.153552 -0.073404
v -0.080283 -0.091371 -0.021380
v -0.045936 -0.037457 -0.073856
v -0.064874 -0.155882 0.038689
v 0.045515 -0.055929 0.069447
v -0.081868 -0.163734 0.049934
v 0.035122 -0.232399 0.055396
v 0.064109 -0.248328 0.015360
v 0.095551 0.001408 0.021590
v 0.070176 0.078231 0.015614
v 0.072826 -0.055929 -0.046522
v 0.082305 -0.037457 0.018470
v 0.071786 -0.037457 -0.046132
v -0.032557 -0.011541 -0.055389
v 0.064231 -0.187703 0.013818
v 0.015951 -0.000311 -0.063356
v 0.056186 -0.203573 -0.034770
v 0.000000 -2.032612 -0.096792
v 0.031484 -2.062522 -0.086503
v 0.000000 -2.062522 -0.092054
v 0.000000 -1.975719 -0.078306
v 0.019458 -1.954306 -0.053462
v 0.026782 -1.975719 -0.073584
v 0.025903 -1.940558 0.014955
v 0.029456 -1.940558 0.005194
v 0.000000 -1.935821 0.000000
v 0.026782 -2.089505 -0.073584
v 0.000000 -2.089505 -0.078306
v 0.031484 -2.002702 -0.086503
v 0.000000 -2.002702 -0.092054
v 0.019458 -2.110918 -0.053462
v 0.000000 -2.110918 -0.056893
v 0.033105 -2.032612 -0.090954
v 0.000000 -1.954306 -0.056893
v 0.010230 -1.940558 -0.028106
v 0.010230 -2.124666 -0.028106
v 0.000000 -2.124666 -0.029910
v 0.036570 -1.954306 -0.043582
v 0.050334 -1.975719 -0.059986
v -0.029456 -2.124666 0.005194
v 0.000000 -2.129404 0.000000
v -0.025903 -2.124666 0.014955
v 0.059171 -2.062522 -0.070518
v 0.050334 -2.089505 -0.059986
v 0.059171 -2.002702 -0.070518
v 0.036570 -2.110918 -0.043582
v 0.062216 -2.032612 -0.074147
v 0.019226 -2.124666 -0.022913
v 0.049270 -2.110918 -0.028446
v 0.025903 -2.124666 -0.014955
v 0.079721 -2.062522 -0.046027
v 0.067815 -1.975719 -0.039153
v 0.067815 -2.089505 -0.039153
v 0.079721 -2.002702 -0.046027
v 0.019226 -2.124666 0.022913
v 0.010230 -2.124666 0.028106
v 0.083824 -2.032612 -0.048396
v 0.019226 -1.940558 -0.022913
v 0.049270 -1.954306 -0.028446
v 0.095321 -2.032612 -0.016808
v 0.025903 -1.940558 -0.014955
v 0.056028 -1.954306 -0.009879
v 0.056028 -2.110918 -0.009879
v 0.029456 -2.124666 -0.005194
v 0.090656 -2.062522 -0.015985
v 0.077116 -1.975719 -0.013598
v 0.077116 -2.089505 -0.013598
v 0.090656 -2.002702 -0.015985
v 0.077116 -2.089505 0.013598
v 0.056028 -2.110918 0.009879
v 0.095321 -2.032612 0.016808
v 0.029456 -1.940558 -0.005194
v 0.056028 -1.954306 0.009879
v 0.029456 -2.124666 0.005194
v 0.090656 -2.062522 0.015985
v 0.077116 -1.975719 0.013598
v 0.090656 -2.002702 0.015985
v 0.067815 -1.975719 0.039153
v 0.079721 -2.002702 0.046027
v -0.029456 -1.940558 0.005194
v -0.025903 -1.940558 0.014955
v 0.049270 -2.110918 0.028446
v 0.083824 -2.032612 0.048396
v 0.049270 -1.954306 0.028446
v 0.025903 -2.124666 0.014955
v 0.079721 -2.062522 0.046027
v 0.067815 -2.089505 0.039153
v 0.050334 -2.089505 0.059986
v 0.059171 -2.002702 0.070518
v 0.036570 -2.110918 0.043582
v 0.062216 -2.032612 0.074147
v 0.019226 -1.940558 0.022913
v 0.036570 -1.954306 0.043582
v 0.059171 -2.062522 0.070518
v 0.050334 -1.975719 0.059986
v 0.033105 -2.032612 0.090954
v 0.031484 -2.062522 0.086503
v 0.026782 -1.975719 0.073584
v 0.026782 -2.089505 0.073584
v 0.031484 -2.002702 0.086503
v 0.000000 -1.940558 -0.029910
v 0.019458 -2.110918 0.053462
v 0.019458 -1.954306 0.053462
v 0.010230 -1.940558 0.028106
v 0.000000 -1.954306 0.056893
v 0.000000 -2.124666 0.029910
v 0.000000 -2.032612 0.096792
v 0.000000 -2.062522 0.092054
v 0.000000 -1.975719 0.078306
v 0.000000 -1.940558 0.029910
v 0.000000 -2.089505 0.078306
v 0.000000 -2.002702 0.092054
v -0.019226 -2.124666 0.022913
v -0.010230 -2.124666 0.028106
v 0.000000 -2.110918 0.056893
v -0.033105 -2.032612 0.090954
v -0.019458 -1.954306 0.053462
v -0.031484 -2.062522 0.086503
v -0.026782 -1.975719 0.073584
v -0.026782 -2.089505 0.073584
v -0.031484 -2.002702 0.086503
v -0.019458 -2.110918 0.053462
v -0.025903 -1.940558 -0.014955
v -0.029456 -1.940558 -0.005194
v -0.050334 -2.089505 0.059986
v -0.036570 -2.110918 0.043582
v -0.062216 -2.032612 0.074147
v -0.010230 -1.940558 0.028106
v -0.036570 -1.954306 0.043582
v -0.059171 -2.062522 0.070518
v -0.050334 -1.975719 0.059986
v -0.019226 -1.940558 0.022913
v -0.059171 -2.002702 0.070518
v -0.067815 -2.089505 0.039153
v -0.067815 -1.975719 0.039153
v -0.079721 -2.002702 0.046027
v -0.049270 -2.110918 0.028446
v -0.083824 -2.032612 0.048396
v -0.049270 -1.954306 0.028446
v -0.079721 -2.062522 0.046027
v -0.077116 -1.975719 0.013598
v -0.077116 -2.089505 0.013598
v -0.090656 -2.002702 0.015985
v -0.056028 -2.110918 0.009879
v -0.095321 -2.032612 0.016808
v -0.056028 -1.954306 0.009879
v -0.090656 -2.062522 0.015985
v -0.095321 -2.032612 -0.016808
v -0.090656 -2.062522 -0.015985
v -0.077116 -1.975719 -0.013598
v -0.077116 -2.089505 -0.013598
v -0.090656 -2.002702 -0.015985
v -0.056028 -2.110918 -0.009879
v -0.056028 -1.954306 -0.009879
v -0.029456 -2.124666 -0.005194
v -0.049270 -1.954306 -0.028446
v -0.025903 -2.124666 -0.014955
v -0.079721 -2.062522 -0.046027
v -0.067815 -1.975719 -0.039153
v -0.067815 -2.089505 -0.039153
v -0.079721 -2.002702 -0.046027
v -0.049270 -2.110918 -0.028446
v -0.083824 -2.032612 -0.048396
v -0.036570 -2.110918 -0.043582
v -0.062216 -2.032612 -0.074147
v -0.036570 -1.954306 -0.043582
v -0.019226 -2.124666 -0.022913
v -0.059171 -2.062522 -0.070518
v -0.050334 -1.975719 -0.059986
v -0.050334 -2.089505 -0.059986
v -0.059171 -2.002702 -0.070518
v -0.031484 -2.002702 -0.086503
v -0.019458 -2.110918 -0.053462
v -0.033105 -2.032612 -0.090954
v -0.019226 -1.940558 -0.022913
v -0.019458 -1.954306 -0.053462
v -0.010230 -2.124666 -0.028106
v -0.031484 -2.062522 -0.086503
v -0.026782 -1.975719 -0.073584
v -0.010230 -1.940558 -0.028106
v -0.026782 -2.089505 -0.073584
v -0.000273 0.759082 0.057489
v -0.046011 0.787378 0.046459
v -0.000260 0.812447 0.065763
v -0.000260 0.812447 -0.066049
v 0.039733 0.781005 -0.040895
v 0.045491 0.837517 -0.046745
v -0.060699 0.725972 0.061407
v 0.000110 0.705717 0.066342
v -0.000273 0.759082 0.086901
v -0.040281 0.737160 -0.040894
v 0.000110 0.705717 -0.066627
v -0.000273 0.759082 -0.057774
v -0.046043 0.680427 -0.047155
v -0.085728 0.712255 -0.000143
v -0.060699 0.725972 -0.061692
v 0.056305 0.790085 -0.000143
v 0.045491 0.837516 0.046459
v 0.064442 0.847901 -0.000143
v -0.056852 0.728078 -0.000143
v -0.046042 0.680427 0.046869
v -0.065160 0.669952 -0.000143
v 0.046264 0.731007 0.046869
v 0.039733 0.781005 0.040608
v -0.000273 0.759082 -0.087187
v -0.064962 0.776991 -0.000143
v 0.065381 0.741481 -0.000143
v -0.046011 0.787378 -0.046745
v 0.046264 0.731007 -0.047155
v 0.060151 0.792193 -0.061692
v 0.060151 0.792193 0.061407
v 0.085180 0.805908 -0.000143
v -0.040281 0.737160 0.040608
v 0.030271 -0.779310 -0.048874
v 0.063506 -0.751014 -0.015572
v 0.034584 -0.725945 -0.055936
v -0.034289 -0.725945 0.056451
v -0.055246 -0.757387 0.014107
v -0.063212 -0.700875 0.016087
v 0.083839 -0.812420 -0.020642
v 0.034570 -0.832675 -0.056623
v 0.045639 -0.779310 -0.073952
v 0.012977 -0.801232 0.055915
v -0.034907 -0.832675 0.056751
v -0.029955 -0.779310 0.049403
v 0.014619 -0.857965 0.064263
v 0.073020 -0.826137 0.044915
v 0.019519 -0.812420 0.084316
v -0.048082 -0.748307 -0.029298
v -0.014512 -0.700876 -0.063382
v -0.055020 -0.690491 -0.033550
v 0.048399 -0.810314 0.029827
v 0.063746 -0.857965 -0.015905
v 0.055483 -0.868440 0.034168
v -0.014956 -0.807385 -0.064135
v -0.012660 -0.757387 -0.055385
v -0.045323 -0.779310 0.074482
v 0.055314 -0.761400 0.034065
v -0.055820 -0.796911 -0.034040
v 0.014806 -0.751014 0.063898
v -0.064085 -0.807385 0.016032
v -0.083522 -0.746199 0.021171
v -0.019202 -0.746199 -0.083787
v -0.072702 -0.732484 -0.044386
v 0.055563 -0.801232 -0.013577
v -0.000000 -2.032612 -0.114792
v 0.037349 -2.067995 -0.102617
v -0.000000 -2.067995 -0.109202
v 0.000000 -1.965285 -0.092973
v 0.023145 -1.939891 -0.063592
v 0.031798 -1.965285 -0.087366
v 0.030766 -1.923477 0.017888
v 0.034023 -1.923166 0.006000
v -0.000059 -1.917821 0.000032
v 0.031798 -2.099939 -0.087366
v -0.000000 -2.099939 -0.092973
v 0.037349 -1.997229 -0.102617
v 0.000000 -1.997229 -0.109202
v 0.023145 -2.125333 -0.063592
v -0.000000 -2.125333 -0.067673
v 0.039261 -2.032612 -0.107868
v 0.000000 -1.939891 -0.067673
v 0.012229 -1.923533 -0.033597
v 0.012416 -2.141706 -0.033479
v 0.000093 -2.141734 -0.035627
v 0.043500 -1.939891 -0.051840
v 0.059762 -1.965285 -0.071221
v -0.034023 -2.142058 0.006000
v 0.000000 -2.147404 0.000000
v -0.030766 -2.141747 0.017888
v 0.070193 -2.067995 -0.083654
v 0.059762 -2.099939 -0.071221
v 0.070193 -1.997229 -0.083654
v 0.043500 -2.125333 -0.051840
v 0.073786 -2.032612 -0.087936
v 0.022786 -2.141706 -0.027492
v 0.058606 -2.125333 -0.033836
v 0.030766 -2.141747 -0.017888
v 0.094571 -2.067995 -0.054601
v 0.080517 -1.965285 -0.046486
v 0.080517 -2.099939 -0.046486
v 0.094571 -1.997229 -0.054601
v 0.022937 -2.141715 0.027335
v 0.012229 -2.141691 0.033598
v 0.099412 -2.032612 -0.057396
v 0.022936 -1.923509 -0.027335
v 0.058606 -1.939891 -0.033836
v 0.113048 -2.032612 -0.019934
v 0.030964 -1.923533 -0.017877
v 0.066645 -1.939891 -0.011751
v 0.066645 -2.125333 -0.011751
v 0.034023 -2.142058 -0.005999
v 0.107543 -2.067995 -0.018963
v 0.091560 -1.965284 -0.016145
v 0.091560 -2.099939 -0.016145
v 0.107543 -1.997229 -0.018963
v 0.091560 -2.099939 0.016145
v 0.066645 -2.125333 0.011751
v 0.113048 -2.032612 0.019934
v 0.035100 -1.923496 -0.006204
v 0.066645 -1.939891 0.011751
v 0.035100 -2.141728 0.006205
v 0.107543 -2.067995 0.018963
v 0.091560 -1.965284 0.016145
v 0.107543 -1.997229 0.018963
v 0.080517 -1.965285 0.046487
v 0.094571 -1.997229 0.054601
v -0.034023 -1.923166 0.006000
v -0.029919 -1.923166 0.017274
v 0.058606 -2.125333 0.033836
v 0.099412 -2.032612 0.057396
v 0.058606 -1.939891 0.033836
v 0.030964 -2.141691 0.017877
v 0.094571 -2.067995 0.054601
v 0.080517 -2.099939 0.046487
v 0.059762 -2.099939 0.071222
v 0.070193 -1.997229 0.083654
v 0.043500 -2.125333 0.051840
v 0.073786 -2.032612 0.087936
v 0.022786 -1.923518 0.027493
v 0.043500 -1.939891 0.051840
v 0.070193 -2.067995 0.083654
v 0.059762 -1.965285 0.071222
v 0.039261 -2.032612 0.107869
v 0.037349 -2.067995 0.102617
v 0.031798 -1.965285 0.087367
v 0.031798 -2.099939 0.087367
v 0.037349 -1.997229 0.102617
v 0.000000 -1.923509 -0.035682
v 0.023145 -2.125333 0.063592
v 0.023145 -1.939891 0.063592
v 0.012416 -1.923518 0.033479
v 0.000000 -1.939891 0.067673
v -0.000093 -2.141734 0.035627
v 0.000000 -2.032612 0.114792
v 0.000000 -2.067995 0.109202
v -0.000000 -1.965285 0.092973
v 0.000093 -1.923490 0.035627
v 0.000000 -2.099939 0.092973
v -0.000000 -1.997229 0.109202
v -0.022786 -2.141706 0.027493
v -0.012416 -2.141706 0.033479
v 0.000000 -2.125333 0.067673
v -0.039261 -2.032612 0.107869
v -0.023145 -1.939891 0.063592
v -0.037349 -2.067995 0.102617
v -0.031798 -1.965285 0.087367
v -0.031798 -2.099939 0.087367
v -0.037349 -1.997229 0.102617
v -0.023145 -2.125333 0.063592
v -0.030964 -1.923533 -0.017877
v -0.035040 -1.923471 -0.006119
v -0.059762 -2.099939 0.071222
v -0.043500 -2.125333 0.051840
v -0.073786 -2.032612 0.087936
v -0.012229 -1.923533 0.033597
v -0.043500 -1.939891 0.051840
v -0.070193 -2.067995 0.083654
v -0.059762 -1.965285 0.071222
v -0.022909 -1.923471 0.027211
v -0.070193 -1.997229 0.083654
v -0.080517 -2.099939 0.046487
v -0.080517 -1.965285 0.046487
v -0.094571 -1.997229 0.054601
v -0.058606 -2.125333 0.033836
v -0.099412 -2.032612 0.057396
v -0.058606 -1.939891 0.033836
v -0.094571 -2.067995 0.054601
v -0.091560 -1.965284 0.016145
v -0.091560 -2.099939 0.016145
v -0.107543 -1.997229 0.018963
v -0.066645 -2.125333 0.011751
v -0.113048 -2.032612 0.019934
v -0.066645 -1.939891 0.011751
v -0.107543 -2.067995 0.018963
v -0.113048 -2.032612 -0.019934
v -0.107543 -2.067995 -0.018963
v -0.091560 -1.965284 -0.016145
v -0.091560 -2.099939 -0.016145
v -0.107543 -1.997229 -0.018963
v -0.066645 -2.125333 -0.011751
v -0.066645 -1.939891 -0.011751
v -0.035100 -2.141728 -0.006204
v -0.058606 -1.939891 -0.033836
v -0.030964 -2.141691 -0.017877
v -0.094571 -2.067995 -0.054601
v -0.080517 -1.965285 -0.046486
v -0.080517 -2.099939 -0.046486
v -0.094571 -1.997229 -0.054601
v -0.058606 -2.125333 -0.033836
v -0.099412 -2.032612 -0.057396
v -0.043500 -2.125333 -0.051840
v -0.073786 -2.032612 -0.087936
v -0.043500 -1.939891 -0.051840
v -0.022937 -2.141715 -0.027335
v -0.070193 -2.067995 -0.083654
v -0.059762 -1.965285 -0.071221
v -0.059762 -2.099939 -0.071221
v -0.070193 -1.997229 -0.083654
v -0.037349 -1.997229 -0.102617
v -0.023145 -2.125333 -0.063592
v -0.039261 -2.032612 -0.107868
v -0.022936 -1.923509 -0.027335
v -0.023145 -1.939891 -0.063592
v -0.012229 -2.141691 -0.033597
v -0.037349 -2.067995 -0.102617
v -0.031798 -1.965285 -0.087366
v -0.012229 -1.923533 -0.033597
v -0.031798 -2.099939 -0.087366
vn -0.7569 0.1541 -0.6351
vn 0.0798 0.8882 0.4525
vn -0.3520 -0.8882 -0.2954
vn 0.1237 -0.7017 0.7017
vn 0.3521 0.8881 0.2954
vn -0.8938 0.4485 -0.0000
vn -0.4940 0.1541 0.8557
vn -0.7569 -0.1541 -0.6351
vn 0.9285 -0.1541 0.3380
vn -0.1216 -0.9873 0.1021
vn -0.0277 -0.9873 0.1564
vn -0.0794 -0.9873 0.1376
vn -0.7569 0.1541 0.6351
vn -0.1237 -0.7017 -0.7017
vn 0.1552 -0.4485 0.8802
vn -0.4469 0.4485 0.7740
vn 0.1716 0.1541 0.9730
vn -0.1552 0.4484 0.8802
vn 0.5458 -0.7017 0.4579
vn 0.1552 0.4484 -0.8802
vn -0.3562 0.7017 -0.6170
vn -0.4318 0.8881 0.1572
vn -0.4596 0.8881 -0.0000
vn 0.5458 0.7017 -0.4580
vn -0.0276 -0.9873 0.1564
vn 0.0798 -0.8882 0.4525
vn 0.7569 -0.1541 0.6351
vn 0.6695 0.7017 -0.2437
vn -0.6695 -0.7017 -0.2437
vn 0.4469 0.4485 -0.7740
vn 0.6847 -0.4485 -0.5745
vn -0.4595 -0.8882 -0.0000
vn -0.9285 0.1541 0.3380
vn 0.1238 0.7017 -0.7016
vn -0.8938 -0.4485 -0.0000
vn 0.1215 0.9873 0.1021
vn 0.0276 0.9873 0.1563
vn 0.2298 -0.8882 -0.3979
vn 0.6695 0.7017 0.2437
vn -0.4469 0.4485 -0.7741
vn 0.1491 0.9873 -0.0544
vn 0.1216 0.9873 -0.1021
vn -0.1237 -0.7017 0.7017
vn 0.3562 0.7017 -0.6170
vn 0.7569 0.1541 -0.6351
vn 0.9285 -0.1541 -0.3380
vn -0.6847 0.4484 0.5746
vn 0.4940 -0.1541 -0.8557
vn -0.1716 -0.1541 -0.9730
vn 0.7124 0.7017 -0.0000
vn 0.1715 0.1542 -0.9730
vn -0.5458 0.7017 -0.4580
vn -0.4318 -0.8882 -0.1571
vn 0.4318 -0.8882 -0.1571
vn -0.0276 -0.9873 -0.1564
vn -0.0794 -0.9873 -0.1376
vn -0.8399 -0.4485 0.3057
vn 0.1552 0.4484 0.8802
vn -0.6695 0.7017 0.2437
vn -0.4469 -0.4485 0.7740
vn 0.8399 0.4485 0.3057
vn -0.3520 0.8882 0.2954
vn 0.1237 0.7017 0.7016
vn 0.4940 -0.1541 0.8557
vn -0.7125 -0.7016 -0.0000
vn 0.2298 -0.8882 0.3979
vn 0.9285 0.1541 0.3380
vn -0.3563 -0.7016 -0.6171
vn 0.4940 0.1541 -0.8557
vn 0.0798 0.8881 -0.4526
vn -0.1716 0.1541 -0.9730
vn -0.4940 0.1541 -0.8557
vn 0.8938 -0.4485 -0.0000
vn -0.6847 0.4485 -0.5746
vn 0.0798 -0.8882 -0.4525
vn -0.4469 -0.4485 -0.7740
vn 0.1238 -0.7017 -0.7017
vn 0.0276 0.9873 -0.1563
vn 0.0794 0.9873 -0.1375
vn -0.3562 -0.7017 0.6171
vn -0.0798 -0.8882 -0.4525
vn 0.0276 -0.9873 0.1564
vn 0.0794 -0.9873 0.1376
vn 0.3520 0.8882 -0.2954
vn 0.9881 -0.1541 -0.0000
vn -0.1552 -0.4485 0.8802
vn -0.1238 0.7017 0.7016
vn -0.9881 0.1541 -0.0000
vn -0.1715 0.1542 0.9730
vn 0.6847 -0.4485 0.5745
vn 0.3562 0.7017 0.6170
vn -0.0798 0.8881 0.4526
vn 0.6847 0.4484 -0.5746
vn 0.6847 0.4485 0.5745
vn 0.6695 -0.7017 0.2437
vn -0.6847 -0.4485 0.5746
vn 0.4318 -0.8882 0.1571
vn -0.7569 -0.1541 0.6351
vn -0.4940 -0.1541 0.8557
vn -0.6696 -0.7017 0.2437
vn 0.8399 -0.4485 0.3057
vn -0.5458 -0.7017 0.4580
vn 0.4319 0.8882 0.1571
vn -0.3520 -0.8882 0.2954
vn 0.2298 0.8881 -0.3980
vn 0.5459 -0.7016 -0.4580
vn 0.3563 -0.7016 0.6171
vn 0.9285 0.1541 -0.3380
vn -0.3562 0.7017 0.6170
vn -0.2297 -0.8882 0.3980
vn 0.4469 -0.4485 -0.7740
vn 0.3520 -0.8882 0.2954
vn -0.5458 0.7017 0.4580
vn -0.9285 -0.1541 0.3380
vn 0.4469 -0.4485 0.7740
vn 0.1552 -0.4485 -0.8802
vn 0.4319 0.8881 -0.1572
vn -0.9285 0.1541 -0.3380
vn 0.7569 0.1541 0.6351
vn -0.7125 0.7017 -0.0000
vn -0.9285 -0.1541 -0.3380
vn 0.8938 0.4485 -0.0000
vn -0.6695 0.7017 -0.2437
vn -0.8399 0.4485 -0.3057
vn 0.3520 -0.8882 -0.2953
vn -0.9497 0.1373 -0.2814
vn -0.8751 -0.3206 0.3625
vn -0.4317 -0.8882 0.1572
vn 0.3991 -0.2576 0.8800
vn 0.3586 -0.2086 0.9099
vn 0.3990 -0.2577 0.8800
vn 0.5458 0.7017 0.4579
vn -0.9881 -0.1541 -0.0000
vn 0.6695 -0.7017 -0.2437
vn 0.3562 -0.7017 -0.6171
vn 0.4940 0.1541 0.8557
vn -0.6096 -0.1326 -0.7815
vn 0.4469 0.4485 0.7740
vn -0.5458 -0.7017 -0.4580
vn -0.4940 -0.1541 -0.8557
vn 0.8399 -0.4485 -0.3057
vn -0.9285 -0.1541 0.3379
vn 0.7569 -0.1541 -0.6351
vn -0.6847 -0.4485 -0.5745
vn -0.2298 0.8882 -0.3980
vn -0.0798 -0.8882 0.4525
vn -0.8399 -0.4485 -0.3057
vn 0.0794 -0.9873 0.1375
vn -0.0798 0.8882 -0.4526
vn 0.8945 -0.3912 -0.2165
vn 0.8946 -0.3909 -0.2164
vn 0.1715 -0.1541 -0.9730
vn 0.8399 0.4485 -0.3057
vn -0.1237 0.7017 -0.7016
vn -0.2298 -0.8882 -0.3979
vn 0.4596 0.8881 -0.0000
vn 0.4318 0.8882 0.1572
vn -0.1491 -0.9873 0.0543
vn -0.1588 -0.9873 -0.0000
vn -0.1217 -0.9873 0.1020
vn 0.6696 -0.7016 0.2437
vn -0.1216 0.9873 -0.1020
vn -0.1492 0.9873 -0.0543
vn 0.9476 0.2798 -0.1543
vn -0.2615 0.3862 0.8846
vn 0.4318 0.8882 -0.1572
vn -0.1214 0.9874 0.1018
vn -0.1584 0.9874 -0.0000
vn -0.1489 0.9874 0.0542
vn 0.2297 -0.8882 -0.3979
vn 0.1715 -0.1541 0.9730
vn 0.0794 -0.9873 -0.1375
vn 0.0276 -0.9873 -0.1564
vn -0.3733 0.2204 -0.9012
vn 0.3520 -0.8882 0.2953
vn 0.8674 -0.3442 -0.3593
vn 0.9285 0.1541 -0.3379
vn 0.4558 0.3063 0.8357
vn -0.2298 0.8881 0.3980
vn 0.9323 0.2910 0.2148
vn 0.4595 -0.8882 -0.0000
vn -0.3674 0.2798 0.8870
vn 0.9094 -0.1761 -0.3767
vn 0.7581 -0.5249 0.3870
vn -0.3612 0.3300 -0.8721
vn -0.3283 0.1703 0.9291
vn -0.1217 -0.9873 -0.1020
vn -0.1492 -0.9873 -0.0543
vn 0.3905 0.1619 0.9063
vn 0.3563 -0.7017 0.6170
vn -0.0122 -0.3065 -0.9518
vn -0.1216 0.9873 -0.1021
vn -0.0276 0.9873 -0.1563
vn 0.3646 -0.3036 0.8803
vn 0.9135 -0.1491 0.3784
vn 0.4317 0.1798 0.8839
vn 0.3674 0.2798 0.8870
vn -0.6847 0.4485 -0.5745
vn -0.0276 0.9873 0.1563
vn -0.0794 0.9873 0.1375
vn 0.3812 -0.0132 -0.9244
vn -0.8592 0.3200 0.3991
vn -0.8592 0.3200 -0.3991
vn -0.3520 -0.8882 0.2953
vn -0.9135 -0.1491 0.3784
vn 0.1214 -0.9873 0.1023
vn -0.7912 0.2994 -0.5332
vn -0.3377 0.2994 -0.8924
vn 0.3754 -0.1950 -0.9061
vn -0.9237 0.0197 0.3825
vn -0.2298 0.8882 -0.3979
vn 0.3794 -0.1298 0.9161
vn 0.9181 0.1845 -0.3509
vn -0.6847 -0.4485 0.5745
vn 0.8767 0.3156 -0.3631
vn 0.1589 -0.1491 0.9760
vn -0.9285 0.1541 -0.3379
vn 0.5859 -0.1751 -0.7912
vn -0.8767 0.3156 -0.3631
vn -0.9796 0.1703 0.1066
vn 0.8291 0.1703 0.5325
vn 0.1716 -0.1541 0.9730
vn 0.1216 0.9873 -0.1020
vn 0.1492 0.9873 -0.0543
vn 0.5226 0.2995 -0.7983
vn -0.4479 0.1371 -0.8835
vn -0.5719 0.2045 0.7944
vn -0.1114 0.2994 -0.9476
vn -0.5486 -0.3442 0.7620
vn 0.8822 -0.4707 0.0077
vn -0.9680 -0.1950 0.1576
vn 0.1238 -0.7017 0.7017
vn -0.6121 0.3246 0.7211
vn 0.9593 0.1798 -0.2176
vn 0.5528 0.1423 -0.8211
vn -0.9838 0.0986 0.1494
vn -0.5544 0.3156 0.7701
vn -0.0794 0.9873 -0.1375
vn -0.6695 -0.7017 0.2437
vn -0.1312 0.1845 -0.9740
vn -0.2259 0.3246 -0.9185
vn -0.9206 -0.3605 0.1499
vn -0.1616 -0.0269 -0.9865
vn -0.7614 0.1798 -0.6228
vn -0.5105 -0.2755 0.8146
vn 0.9382 0.2959 -0.1798
vn 0.5583 0.2948 -0.7755
vn -0.7710 -0.2559 -0.5832
vn -0.1035 -0.2378 -0.9658
vn 0.2154 -0.2635 0.9403
vn 0.1536 0.2948 0.9431
vn 0.9881 0.1541 -0.0000
vn 0.5848 -0.0269 -0.8108
vn -0.7960 -0.1950 -0.5731
vn -0.5918 0.1611 0.7898
vn 0.7125 0.7017 -0.0000
vn 0.1916 0.3200 0.9278
vn 0.5458 -0.7016 -0.4580
vn 0.3176 0.3617 -0.8765
vn -0.4318 -0.8882 0.1572
vn -0.8161 -0.3968 -0.4203
vn -0.4318 0.8882 -0.1572
vn 0.5458 -0.7017 -0.4580
vn 0.2298 0.8882 0.3980
vn 0.3520 0.8882 0.2954
vn -0.1716 -0.1541 0.9730
vn 0.3520 0.8881 -0.2954
vn 0.9095 -0.2795 -0.3076
vn -0.4696 -0.4111 -0.7813
vn 0.6847 0.4485 -0.5745
vn 0.0793 0.9873 -0.1375
vn 0.4595 0.8882 -0.0000
vn 0.3563 0.7017 -0.6170
vn -0.1552 0.4485 0.8802
vn -0.3563 -0.7017 -0.6170
vn -0.0276 -0.9873 -0.1562
vn -0.1214 -0.9874 -0.1020
vn -0.0792 -0.9874 -0.1373
vn -0.1552 0.4485 -0.8802
vn -0.1715 -0.1541 -0.9730
vn -0.0277 0.9873 0.1563
vn -0.1215 0.9873 0.1021
vn -0.1216 0.9873 0.1021
vn 0.1552 0.4485 0.8802
vn -0.1492 -0.9873 -0.0542
vn -0.1492 -0.9873 0.0543
vn -0.1587 -0.9873 -0.0000
vn 0.9285 -0.1541 0.3379
vn -0.2949 -0.0023 0.9555
vn -0.2814 0.0788 0.9564
vn -0.2806 0.0789 0.9566
vn 0.9636 -0.1335 -0.2317
vn 0.1870 0.7600 -0.6225
vn 0.1870 0.7601 -0.6223
vn 0.1864 0.7593 -0.6234
vn 0.6934 0.0309 -0.7199
vn 0.7193 0.0822 -0.6898
vn 0.7187 0.0865 -0.6900
vn 0.2305 -0.1421 0.9626
vn -0.7202 -0.1359 0.6803
vn -0.7200 -0.1364 0.6805
vn -0.7199 -0.1361 0.6806
vn -0.4319 0.8882 -0.1571
vn 0.2011 0.4672 0.8610
vn 0.2025 0.4647 0.8620
vn 0.1994 0.4655 0.8623
vn 0.8459 0.4683 0.2554
vn 0.8457 0.4687 0.2551
vn 0.7517 0.6191 0.2273
vn 0.7529 0.6181 0.2263
vn 0.4521 0.7520 0.4797
vn 0.4541 0.7504 0.4804
vn 0.4493 0.7531 0.4805
vn -0.4500 0.7603 -0.4684
vn -0.4502 0.7594 -0.4698
vn -0.4499 0.7590 -0.4706
vn 0.9550 0.0796 0.2859
vn 0.9575 0.0153 0.2881
vn 0.9553 0.0762 0.2855
vn -0.9205 -0.2124 -0.3280
vn -0.5689 0.6184 0.5422
vn -0.5675 0.6187 0.5433
vn -0.5691 0.6179 0.5426
vn -0.1496 0.7597 -0.6328
vn -0.1504 0.7594 -0.6330
vn 0.9693 0.0812 -0.2321
vn 0.9697 0.0767 -0.2318
vn 0.9530 -0.0228 -0.3022
vn -0.6269 0.7572 -0.1834
vn -0.6263 0.7580 -0.1820
vn 0.5736 -0.8023 0.1653
vn 0.5743 -0.8020 0.1644
vn 0.5737 -0.8022 0.1653
vn -0.2222 0.6136 0.7577
vn -0.2275 0.6157 0.7545
vn -0.2258 0.6181 0.7529
vn -0.1237 0.7017 -0.7017
vn -0.9636 0.1335 0.2315
vn -0.0933 -0.9922 0.0823
vn -0.1219 -0.9921 0.0296
vn -0.0865 -0.9263 -0.3668
vn -0.0865 -0.9273 -0.3641
vn -0.0842 -0.9254 -0.3695
vn 0.6680 0.3955 -0.6304
vn 0.6675 0.3949 -0.6313
vn 0.6677 0.3941 -0.6316
vn 0.0855 -0.9296 0.3585
vn 0.0854 -0.9296 0.3585
vn 0.0844 -0.9299 0.3580
vn 0.6388 0.4720 -0.6075
vn 0.6370 0.4745 -0.6075
vn 0.6368 0.4730 -0.6089
vn 0.2611 0.3980 -0.8794
vn -0.5397 0.6230 -0.5662
vn -0.6903 0.0848 -0.7186
vn -0.6896 0.0763 -0.7202
vn -0.6814 0.0051 -0.7319
vn -0.6095 0.4748 -0.6349
vn -0.6078 0.4774 -0.6345
vn -0.6103 0.4761 -0.6332
vn -0.3642 -0.9274 0.0849
vn -0.3619 -0.9285 0.0830
vn -0.3618 -0.9286 0.0826
vn -0.9275 -0.1381 -0.3475
vn -0.7271 0.0864 0.6811
vn -0.7265 0.0798 0.6825
vn -0.7213 0.0025 0.6926
vn 0.4744 0.7589 -0.4461
vn 0.4757 0.7580 -0.4464
vn 0.4764 0.7576 -0.4461
vn -0.6333 -0.3861 -0.6707
vn -0.4764 0.7525 0.4547
vn -0.4748 0.7532 0.4553
vn -0.4740 0.7536 0.4555
vn -0.2138 -0.3849 -0.8979
vn -0.2139 -0.3848 -0.8979
vn -0.1821 -0.6164 -0.7661
vn 0.4762 -0.3968 0.7847
vn -0.2614 -0.3988 0.8790
vn -0.2611 -0.3980 0.8794
vn 0.6323 -0.3967 0.6655
vn -0.3092 -0.1578 0.9378
vn 0.7621 0.6223 -0.1786
vn -0.3144 -0.3540 0.8808
vn 0.6287 0.7539 0.1908
vn 0.6286 0.7541 0.1903
vn 0.6286 0.7540 0.1905
vn -0.6364 0.7554 0.1562
vn 0.9639 0.1330 -0.2305
vn -0.8808 0.3957 -0.2601
vn 0.7611 -0.6216 -0.1853
vn 0.7607 -0.6219 -0.1857
vn 0.7605 -0.6222 -0.1859
vn -0.5737 -0.8000 -0.1755
vn -0.5741 -0.7994 -0.1771
vn -0.5746 -0.7990 -0.1772
vn -0.1048 -0.9298 0.3528
vn 0.2271 0.0783 0.9707
vn 0.2609 -0.0070 0.9653
vn 0.2275 0.0783 0.9706
vn -0.2491 0.4671 0.8484
vn -0.2490 0.4671 0.8484
vn -0.2493 0.4670 0.8484
vn 0.6091 0.4664 0.6415
vn 0.6091 0.4664 0.6414
vn 0.6078 0.4668 0.6424
vn 0.4091 -0.8039 0.4318
vn 0.4109 -0.8033 0.4312
vn 0.4085 -0.8045 0.4311
vn 0.9038 0.1498 0.4009
vn -0.7209 0.1319 0.6804
vn -0.7180 0.1323 0.6833
vn -0.7204 0.1300 0.6812
vn -0.7518 -0.6192 -0.2267
vn -0.7517 -0.6194 -0.2264
vn -0.0360 -0.9924 0.1176
vn 0.5821 -0.8006 -0.1424
vn 0.5808 -0.8013 -0.1432
vn 0.5380 0.6172 0.5741
vn 0.5398 0.6181 0.5714
vn 0.5391 0.6158 0.5746
vn 0.8583 0.4711 -0.2033
vn 0.8584 0.4712 -0.2029
vn 0.8583 0.4712 -0.2032
vn -0.7632 -0.6210 0.1786
vn -0.7633 -0.6201 0.1815
vn -0.7623 -0.6220 0.1789
vn 0.2126 0.3872 0.8972
vn 0.2122 0.3863 0.8976
vn 0.0831 -0.9925 0.0900
vn 0.0292 -0.9924 0.1192
vn 0.8691 0.4229 0.2567
vn 0.9023 0.3689 0.2231
vn -0.0322 -0.9914 -0.1266
vn 0.1819 -0.6254 0.7588
vn 0.1806 -0.6260 0.7586
vn 0.1836 -0.6237 0.7598
vn -0.5709 -0.6219 0.5361
vn -0.5703 -0.6224 0.5361
vn -0.8943 0.3914 0.2166
vn -0.7512 0.6219 -0.2212
vn -0.7526 0.6207 -0.2201
vn -0.7529 0.6202 -0.2203
vn -0.1371 -0.7975 -0.5876
vn -0.1391 -0.7968 -0.5879
vn -0.1371 -0.7981 -0.5867
vn 0.6344 0.3860 0.6697
vn 0.6334 0.3868 0.6703
vn 0.6333 0.3876 0.6698
vn 0.2115 -0.3974 0.8929
vn 0.2153 -0.3968 0.8923
vn 0.2122 -0.3994 0.8919
vn 0.2548 0.4718 -0.8441
vn 0.2562 0.4772 -0.8406
vn 0.2534 0.4753 -0.8425
vn 0.6380 0.7555 -0.1491
vn 0.2816 0.1413 -0.9491
vn 0.2818 0.1418 -0.9489
vn 0.3323 -0.3414 0.8792
vn 0.2537 -0.9293 0.2683
vn 0.2541 -0.9291 0.2689
vn 0.2539 -0.9295 0.2676
vn 0.3579 -0.9287 0.0976
vn 0.3574 -0.9288 0.0978
vn 0.3584 -0.9283 0.0991
vn 0.6827 0.1293 0.7191
vn 0.6812 0.1295 0.7205
vn 0.6815 0.1304 0.7201
vn -0.5838 -0.8006 0.1352
vn -0.8942 -0.3940 0.2126
vn -0.8945 -0.3929 0.2134
vn -0.8944 -0.3932 0.2131
vn -0.9639 -0.1329 0.2305
vn -0.2299 0.1419 -0.9628
vn -0.2314 0.1417 -0.9625
vn -0.2310 0.1412 -0.9627
vn -0.5393 -0.6175 -0.5727
vn -0.5393 -0.6175 -0.5726
vn -0.7620 0.6204 0.1857
vn -0.7623 0.6198 0.1863
vn 0.1069 -0.9258 -0.3626
vn 0.3200 0.0308 -0.9469
vn 0.2867 0.0767 -0.9549
vn 0.2879 0.0850 -0.9539
vn 0.8952 0.3923 -0.2115
vn 0.8952 0.3914 -0.2128
vn 0.7183 -0.1324 -0.6830
vn 0.7211 -0.1318 -0.6802
vn 0.7208 -0.1301 -0.6809
vn 0.6833 0.0789 0.7259
vn 0.6591 0.0107 0.7520
vn 0.6843 0.0748 0.7253
vn -0.3571 -0.9270 -0.1145
vn -0.3586 -0.9265 -0.1140
vn 0.1524 0.7494 0.6444
vn 0.1531 0.7513 0.6419
vn 0.1556 0.7527 0.6397
vn 0.2316 0.1288 0.9642
vn 0.2280 0.1285 0.9652
vn 0.2308 0.1307 0.9642
vn 0.8813 -0.3953 0.2591
vn 0.8811 -0.3944 0.2611
vn 0.8817 -0.3933 0.2607
vn 0.1376 -0.8060 0.5757
vn 0.1387 -0.8059 0.5756
vn 0.1378 -0.8065 0.5750
vn -0.4341 -0.8037 0.4070
vn -0.4335 -0.8033 0.4084
vn -0.4341 -0.8044 0.4055
vn -0.6325 0.3965 -0.6654
vn -0.6679 -0.3965 0.6299
vn -0.6679 -0.3974 0.6292
vn 0.5688 0.6230 -0.5370
vn 0.5699 0.6238 -0.5348
vn 0.5690 0.6247 -0.5348
vn -0.2026 0.4769 -0.8553
vn -0.2021 0.4752 -0.8564
vn -0.2020 0.4762 -0.8558
vn -0.9576 0.0145 -0.2878
vn -0.9555 0.0794 -0.2840
vn -0.9550 0.0832 -0.2848
vn 0.9497 -0.1373 0.2814
vn -0.6678 0.3882 0.6351
vn -0.8447 0.4736 -0.2494
vn -0.2309 -0.1310 -0.9641
vn 0.7505 -0.6234 0.2194
vn 0.7503 -0.6233 0.2204
vn 0.7507 -0.6225 0.2211
vn -0.1696 -0.8060 0.5672
vn -0.1691 -0.8058 0.5675
vn 0.2717 -0.9263 -0.2610
vn 0.2712 -0.9264 -0.2611
vn 0.7191 0.1370 -0.6813
vn 0.7212 0.1375 -0.6789
vn 0.7206 0.1392 -0.6792
vn 0.5679 -0.6189 -0.5427
vn 0.5690 -0.6179 -0.5426
vn 0.1702 -0.7978 -0.5783
vn 0.1702 -0.7978 -0.5785
vn -0.1854 0.7543 0.6298
vn -0.1867 0.7528 0.6312
vn -0.1893 0.7517 0.6317
vn 0.5387 -0.6254 0.5644
vn 0.5387 -0.6252 0.5647
vn 0.5387 -0.6248 0.5652
vn 0.2229 -0.6164 -0.7552
vn -0.9638 0.0828 0.2535
vn -0.9876 0.0561 0.1467
vn -0.9680 0.0804 0.2376
vn -0.4318 0.8881 -0.1572
vn 0.9154 -0.3968 0.0681
vn 0.0362 -0.9915 -0.1247
vn 0.0920 -0.9916 -0.0904
vn -0.4166 -0.7973 -0.4368
vn -0.4138 -0.7981 -0.4380
vn -0.4173 -0.7962 -0.4380
vn 0.8823 0.3893 0.2645
vn -0.2297 -0.8882 0.3979
vn -0.2572 -0.9272 -0.2724
vn -0.2592 -0.9264 -0.2733
vn -0.2608 -0.9260 -0.2731
vn 0.2236 0.6245 -0.7484
vn 0.2244 0.6239 -0.7486
vn 0.2236 0.6246 -0.7482
vn -0.2230 -0.6234 0.7494
vn -0.2231 -0.6236 0.7492
vn -0.2231 -0.6235 0.7493
vn -0.2116 0.3975 -0.8929
vn -0.2151 0.3968 -0.8924
vn -0.2147 0.3955 -0.8930
vn -0.2824 -0.1405 0.9489
vn -0.2821 -0.1398 0.9491
vn -0.2821 0.1325 0.9502
vn -0.2823 0.1320 0.9502
vn -0.1198 -0.9918 -0.0456
vn -0.0885 -0.9914 -0.0961
vn -0.2281 0.0854 -0.9699
vn -0.1922 0.0176 -0.9812
vn -0.2284 0.0840 -0.9699
vn 0.6811 -0.1404 0.7186
vn 0.0275 0.9874 0.1560
vn 0.0792 0.9874 0.1371
vn 0.1213 0.9874 0.1019
vn 0.0793 0.9873 0.1375
vn -0.1213 0.9873 0.1023
vn 0.1216 -0.9873 0.1021
vn 0.0277 -0.9873 0.1564
vn 0.1587 0.9873 -0.0000
vn 0.1216 0.9873 0.1020
vn 0.1491 0.9873 0.0542
vn -0.1216 0.9873 0.1020
vn -0.1587 0.9873 -0.0000
vn -0.1488 -0.9874 0.0542
vn -0.1585 -0.9874 0.0001
vn -0.1585 -0.9874 -0.0000
vn 0.1217 -0.9873 -0.1021
vn 0.1588 -0.9873 -0.0000
vn 0.1493 -0.9873 0.0543
vn 0.1217 -0.9873 -0.1020
vn -0.1214 0.9874 0.1019
vn -0.0792 0.9874 0.1372
vn -0.0276 0.9874 0.1561
vn 0.1216 0.9873 0.1021
vn 0.0276 0.9873 0.1564
vn -0.1216 -0.9873 -0.1021
vn 0.1217 -0.9873 0.1020
vn 0.1588 -0.9873 0.0001
vn 0.8476 -0.3325 0.4136
vn -0.8773 -0.2430 0.4139
vn -0.9045 0.1611 -0.3950
vn 0.8828 0.2948 0.3657
vn -0.5458 -0.7016 0.4580
vn 0.1948 -0.4707 0.8605
vn -0.9044 0.2045 -0.3746
vn -0.3754 -0.1950 -0.9061
vn 0.9085 0.1818 0.3763
vn 0.8968 0.2994 -0.3257
vn 0.1552 0.4485 -0.8802
vn -0.7593 0.1453 0.6343
vn -0.3833 0.0061 -0.9236
vn -0.9056 0.2965 0.3032
vn 0.1234 -0.9918 -0.0325
vn 0.1220 -0.9922 0.0264
vn -0.8828 0.2948 0.3657
vn -0.8422 0.3246 -0.4305
vn -0.4696 -0.4111 0.7813
vn 0.9232 -0.0269 -0.3834
vn -0.2297 -0.8882 -0.3979
vn -0.9094 -0.1761 -0.3767
vn 0.9181 0.1845 0.3509
vn -0.9237 0.0197 -0.3826
vn -0.8674 -0.3442 -0.3593
vn 0.4502 -0.1430 0.8814
vn 0.3824 -0.2517 -0.8890
vn -0.1492 0.9873 0.0543
vn -0.1217 0.9873 -0.1019
vn -0.3615 -0.2227 0.9054
vn -0.3428 -0.1944 0.9191
vn -0.3434 -0.1939 0.9190
vn -0.3485 -0.3019 0.8873
vn -0.3486 -0.3019 0.8873
vn 0.8971 -0.2538 0.3616
vn 0.8902 -0.2050 0.4069
vn 0.8901 -0.2050 0.4069
vn 0.5458 0.7017 0.4580
vn 0.4317 0.1798 -0.8839
vn 0.9232 -0.0269 0.3834
vn 0.3774 0.1655 0.9111
vn 0.8422 0.3246 -0.4305
vn 0.0798 0.8882 0.4526
vn 0.3377 0.2994 -0.8924
vn 0.3733 0.2204 -0.9012
vn 0.8751 -0.3206 0.3625
vn -0.8744 -0.3770 0.3053
vn -0.3283 0.1703 -0.9291
vn 0.9010 -0.2916 -0.3212
vn -0.3682 0.3187 0.8734
vn -0.3899 0.2982 0.8712
vn -0.5108 0.3167 0.7993
vn 0.3046 0.4080 0.8607
vn 0.3563 -0.7017 -0.6170
vn -0.7125 -0.7017 -0.0000
vn -0.9045 0.1611 0.3949
vn -0.3646 -0.3036 0.8803
vn -0.2697 0.3151 0.9099
vn -0.3833 0.0061 0.9236
vn -0.3521 0.8881 0.2954
vn -0.3979 -0.2221 -0.8901
vn 0.1804 0.6139 0.7685
vn 0.1870 0.6161 0.7651
vn 0.1814 0.6125 0.7694
vn 0.8968 0.2995 0.3257
vn -0.8562 0.4725 0.2091
vn -0.8582 0.4694 0.2079
vn -0.8573 0.4713 0.2072
vn -0.3944 -0.1230 -0.9107
vn 0.7125 -0.7016 -0.0000
vn -0.9066 0.1162 -0.4057
vn -0.9043 -0.2026 0.3758
vn -0.8980 -0.1636 0.4084
vn 0.9500 -0.2714 -0.1547
vn 0.9177 -0.1999 -0.3433
vn 0.3812 -0.0132 0.9244
vn 0.3861 -0.1567 -0.9090
vn 0.9259 0.1423 0.3498
vn 0.3612 0.3300 -0.8721
vn 0.3710 0.0986 -0.9234
vn -0.7090 0.3063 -0.6352
vn 0.8047 -0.1298 0.5793
vn 0.6847 -0.4485 -0.5746
vn 0.9043 0.2045 -0.3746
vn -0.9133 0.4018 -0.0667
vn -0.7124 0.7017 -0.0000
vn 0.9716 0.1619 -0.1723
vn 0.8007 -0.2460 0.5462
vn -0.9317 0.3300 0.1517
vn 0.8111 0.0061 0.5848
vn 0.9634 -0.2326 -0.1333
vn 0.5645 0.1942 -0.8023
vn 0.5645 0.1943 -0.8023
vn -0.1525 0.3156 -0.9366
vn -0.1715 -0.1541 0.9730
vn -0.1552 -0.4485 -0.8802
vn -0.1582 -0.1762 -0.9716
vn 0.1283 0.1423 0.9815
vn 0.9786 -0.1298 -0.1593
vn -0.1871 0.1162 -0.9754
vn -0.8682 -0.4111 0.2780
vn -0.7661 0.3300 -0.5515
vn 0.6528 -0.4111 0.6362
vn -0.6027 0.1162 0.7895
vn 0.7791 0.2798 0.5609
vn 0.1606 0.0197 0.9868
vn -0.9475 0.3151 0.0539
vn 0.8239 0.3151 0.4711
vn -0.5841 0.0197 0.8114
vn -0.9869 0.0061 0.1614
vn -0.3520 0.8882 -0.2954
vn 0.1716 -0.1541 -0.9730
vn 0.9872 -0.0132 -0.1591
vn -0.7570 -0.3605 -0.5450
vn 0.5458 -0.7016 0.4580
vn -0.7916 0.2204 -0.5699
vn -0.4976 -0.3770 0.7812
vn 0.7878 -0.2018 0.5819
vn 0.4469 0.4485 0.7741
vn 0.1522 -0.3206 0.9349
vn 0.5505 -0.5249 -0.6492
vn -0.8399 0.4485 0.3057
vn 0.0968 -0.3770 0.9211
vn 0.7787 0.3405 0.5270
vn -0.4319 0.8881 0.1572
vn -0.1573 0.2045 -0.9661
vn -0.5387 -0.1909 0.8206
vn -0.9282 0.1306 0.3484
vn 0.1581 0.1818 0.9706
vn -0.9460 0.2994 0.1241
vn -0.1259 -0.1515 -0.9804
vn -0.8124 -0.0132 -0.5829
vn 0.5710 -0.3023 -0.7632
vn -0.7930 -0.4707 -0.3868
vn -0.1509 -0.3442 -0.9267
vn -0.2029 -0.5249 -0.8266
vn 0.7871 -0.2863 0.5463
vn 0.7872 -0.2863 0.5463
vn 0.0680 0.3650 0.9285
vn 0.5777 -0.1491 -0.8025
vn -0.9454 -0.2726 0.1787
vn 0.6114 -0.2290 -0.7575
vn 0.3160 0.1453 0.9376
vn -0.9678 -0.1824 0.1737
vn 0.9179 0.3063 -0.2521
vn -0.5855 0.3200 0.7449
vn 0.1771 0.1611 0.9709
vn -0.4318 0.8882 0.1572
vn 0.5520 0.1845 -0.8132
vn 0.4318 -0.8882 -0.1572
vn 0.7931 0.1767 0.5829
vn 0.4318 -0.8882 0.1572
vn -0.9285 0.1541 0.3379
vn -0.4469 0.4485 0.7741
vn 0.5408 0.3153 -0.7798
vn -0.3563 0.7017 0.6170
vn 0.2297 0.8882 -0.3979
vn 0.9691 0.1894 -0.1578
vn 0.7926 0.1619 0.5878
vn -0.6695 0.7017 -0.2436
vn -0.0794 -0.9873 -0.1375
vn -0.8138 0.0986 -0.5727
vn 0.3563 0.7017 0.6170
vn -0.1488 0.9874 0.0542
vn -0.3563 -0.7017 0.6170
vn -0.7920 -0.1654 -0.5877
vn -0.9285 -0.1541 -0.3379
vn -0.1238 -0.7017 0.7017
vn 0.2298 -0.8882 0.3980
vn -0.3794 -0.1298 0.9161
vn -0.4469 -0.4485 0.7741
vn 0.4558 0.3063 -0.8357
vn -0.1217 -0.9873 -0.1021
vn 0.3633 -0.9272 -0.0909
vn -0.9259 0.1423 0.3498
vn 0.1948 -0.4707 -0.8605
vn -0.3774 0.1655 0.9111
vn 0.1487 0.9874 0.0542
vn 0.1584 0.9874 -0.0000
vn 0.1214 0.9874 0.1019
vn 0.0276 0.9873 -0.1564
vn -0.1237 0.7017 0.7017
vn 0.1237 -0.7017 -0.7017
vn -0.6847 0.4485 0.5745
vn -0.0798 0.8882 -0.4525
vn 0.9066 0.1162 -0.4057
vn 0.0798 0.8882 -0.4525
vn 0.1214 -0.9874 0.1019
vn 0.1585 -0.9874 0.0001
vn 0.1489 -0.9874 0.0542
vn 0.5458 -0.7017 0.4580
vn -0.1217 0.9873 -0.1020
vn -0.3905 0.1619 0.9063
vn -0.0276 0.9873 0.1564
vn 0.9285 0.1541 0.3379
vn -0.2297 0.8882 0.3979
vn 0.2618 -0.3863 -0.8844
vn 0.2615 -0.3868 -0.8843
vn -0.6811 0.1405 -0.7186
vn 0.1237 0.7017 -0.7017
vn -0.9085 0.1818 0.3763
vn 0.1716 0.1541 -0.9730
vn -0.0798 0.8882 0.4525
vn -0.8744 -0.3770 -0.3053
vn 0.2298 0.8882 0.3979
vn -0.4469 0.4485 -0.7740
vn 0.9285 -0.1541 -0.3379
vn 0.6146 0.2910 0.7332
vn 0.1492 -0.9873 -0.0543
vn -0.4595 0.8882 -0.0000
vn -0.4318 -0.8882 -0.1572
vn -0.8823 -0.3892 -0.2646
vn -0.1808 0.6240 -0.7602
vn -0.1809 0.6238 -0.7603
vn 0.7125 -0.7017 -0.0000
vn 0.2816 -0.1325 -0.9503
vn 0.2816 -0.1324 -0.9503
vn 0.2821 -0.1315 -0.9503
vn -0.3520 0.8882 -0.2953
vn 0.2297 -0.8882 -0.3980
vn -0.2297 -0.8882 -0.3980
vn -0.6405 0.4692 0.6079
vn -0.3563 0.7017 -0.6170
vn 0.4346 -0.7991 -0.4154
vn -0.1922 -0.3540 -0.9153
vn -0.1716 0.1541 0.9730
vn -0.5108 0.3167 -0.7993
vn -0.1588 -0.9873 0.0001
vn -0.1217 -0.9873 0.1021
vn 0.1492 0.9873 0.0543
vn 0.1588 0.9873 0.0001
vn 0.1217 0.9873 0.1020
vn 0.1217 -0.9873 0.1021
vn 0.1492 -0.9873 0.0543
vn 0.1588 -0.9873 -0.0001
vn 0.3160 0.1453 -0.9376
vn -0.2689 -0.9296 0.2519
vn 0.9501 0.1312 0.2830
vn 0.5077 -0.3065 0.8052
vn 0.1871 0.3617 0.9133
vn 0.1871 0.3617 -0.9133
vn -0.8161 -0.3968 0.4203
vn -0.9071 0.2910 0.3040
vn -0.1922 -0.3540 0.9153
vn 0.9038 0.1499 -0.4009
vn 0.9281 -0.1326 0.3478
vn 0.4502 -0.1430 -0.8814
vn 0.9655 -0.2228 -0.1346
vn -0.5751 -0.1761 0.7989
vn 0.5077 -0.3065 -0.8052
vn -0.3520 -0.8882 -0.2953
vn -0.8996 -0.1680 0.4032
vn -0.8995 -0.1680 -0.4032
vn 0.8136 0.4018 -0.4204
vn 0.2205 0.1453 -0.9645
vn 0.6421 -0.3540 -0.6800
vn -0.3092 -0.1578 -0.9378
vn -0.3710 0.0986 -0.9234
vn -0.4479 0.1371 0.8835
vn -0.9071 0.2910 -0.3040
vn 0.8136 0.4018 0.4204
vn -0.9362 -0.2795 -0.2130
vn 0.9281 -0.1327 -0.3479
vn 0.7581 -0.5249 -0.3870
vn -0.5611 0.1498 -0.8141
vn 0.0179 0.3167 0.9484
vn 0.6675 -0.3885 -0.6352
vn 0.6094 0.1306 0.7820
vn -0.9801 0.1499 -0.1304
vn 0.9095 -0.2795 0.3076
vn 0.3570 -0.3605 -0.8617
vn -0.9282 0.1306 -0.3484
vn -0.3570 -0.3605 -0.8617
vn -0.2264 -0.1578 0.9612
vn -0.0797 0.1371 0.9873
vn 0.9734 0.1306 0.1880
vn -0.2697 0.3151 -0.9099
vn 0.7537 -0.1578 -0.6380
vn 0.5563 -0.1680 0.8138
vn -0.6148 -0.2795 -0.7375
vn 0.9777 -0.1680 0.1262
vn -0.6814 -0.1306 -0.7201
vn -0.9627 0.2204 0.1568
vn 0.1237 0.7017 0.7017
vn -0.9731 -0.1327 -0.1883
vn -0.8536 -0.3065 0.4212
vn 0.8531 0.3167 -0.4146
vn 0.0767 -0.1430 -0.9868
vn -0.6368 0.3617 0.6809
vn 0.2009 -0.1856 0.9619
vn 0.8435 0.1371 -0.5193
vn -0.9501 -0.1309 -0.2832
vn -0.4740 0.4018 -0.7835
vn -0.8648 0.3578 0.3523
vn 0.3880 0.3436 0.8552
vn -0.1588 0.9873 -0.0000
vn -0.1489 -0.9874 0.0542
vn 0.1216 -0.9873 -0.1021
vn 0.1489 0.9874 0.0542
vn 0.1584 0.9874 0.0001
vn 0.1489 -0.9874 -0.0542
vn 0.1585 -0.9874 -0.0000
vn -0.8444 -0.1430 0.5163
vn -0.0793 0.8873 -0.4544
vn 0.2309 0.8870 -0.4000
vn 0.4587 0.8886 -0.0056
vn -0.7569 0.1537 -0.6352
vn -0.6707 -0.7004 -0.2441
vn 0.9285 0.1537 -0.3380
vn -0.0796 0.9871 -0.1389
vn -0.0291 0.9871 -0.1574
vn -0.0327 0.9909 -0.1302
vn -0.9285 -0.1537 0.3380
vn 0.6707 -0.7004 0.2441
vn -0.7569 0.1537 0.6351
vn -0.3569 0.7004 -0.6181
vn 0.5468 0.7004 -0.4588
vn 0.6851 0.4474 -0.5749
vn 0.9285 -0.1537 0.3380
vn -0.9881 0.1537 -0.0000
vn -0.9881 -0.1537 -0.0000
vn 0.6707 0.7004 -0.2441
vn 0.8943 0.4475 -0.0000
vn 0.8404 -0.4474 0.3059
vn -0.8943 0.4475 -0.0000
vn 0.4326 0.8887 -0.1520
vn 0.4337 -0.8873 0.1569
vn -0.5468 0.7004 0.4588
vn -0.4472 -0.4474 0.7745
vn 0.8404 0.4475 -0.3059
vn 0.1716 0.1537 -0.9731
vn 0.3548 -0.8886 -0.2906
vn -0.6851 -0.4474 0.5749
vn -0.4587 -0.8886 -0.0056
vn -0.3569 -0.7004 0.6181
vn 0.3569 0.7004 0.6182
vn 0.1239 0.7004 -0.7029
vn -0.1716 -0.1537 -0.9731
vn -0.1553 -0.4474 -0.8807
vn -0.4326 -0.8887 -0.1520
vn -0.9285 0.1537 -0.3380
vn -0.3529 -0.8874 -0.2967
vn -0.3530 -0.8874 -0.2966
vn 0.2314 -0.8873 0.3990
vn -0.7569 -0.1537 -0.6352
vn 0.1240 -0.7004 0.7030
vn -0.0926 0.9926 0.0787
vn 0.0226 0.9963 0.0827
vn -0.1129 0.9890 0.0951
vn -0.0925 -0.9926 -0.0787
vn 0.0226 -0.9963 -0.0828
vn -0.1129 -0.9890 -0.0951
vn -0.1553 -0.4474 0.8807
vn -0.5468 -0.7004 -0.4588
vn -0.4472 0.4474 -0.7745
vn -0.3569 0.7004 0.6182
vn 0.7138 0.7004 -0.0000
vn -0.2309 -0.8870 -0.4000
vn 0.0806 0.8874 -0.4540
vn 0.7569 -0.1537 0.6352
vn -0.1716 0.1537 -0.9731
vn 0.6851 0.4474 0.5749
vn 0.7569 -0.1537 -0.6351
vn 0.8943 -0.4475 -0.0000
vn -0.4941 0.1537 -0.8557
vn 0.7138 -0.7004 -0.0000
vn 0.4472 -0.4474 -0.7745
vn 0.4287 -0.8899 -0.1561
vn -0.1716 0.1537 0.9731
vn 0.9285 -0.1537 -0.3380
vn -0.1230 -0.9872 0.1019
vn -0.1498 -0.9872 0.0554
vn -0.1222 -0.9910 0.0548
vn 0.1553 -0.4474 0.8807
vn 0.3569 -0.7004 -0.6182
vn -0.2312 -0.8872 0.3993
vn 0.5468 -0.7004 0.4588
vn 0.1553 0.4474 -0.8807
vn -0.6851 -0.4474 -0.5748
vn -0.0806 0.8874 0.4540
vn 0.0290 0.9871 0.1576
vn 0.0798 0.9871 0.1389
vn 0.0592 0.9909 0.1207
vn -0.3569 -0.7004 -0.6182
vn 0.0586 -0.9980 -0.0250
vn -0.2385 -0.9678 0.0806
vn -0.2460 -0.9685 0.0391
vn 0.4941 -0.1537 -0.8557
vn 0.3569 0.7004 -0.6181
vn 0.4472 0.4474 0.7745
vn 0.9285 0.1537 0.3380
vn -0.1553 0.4474 0.8807
vn -0.8404 -0.4474 -0.3059
vn 0.1716 -0.1537 0.9731
vn 0.3533 0.8873 -0.2964
vn -0.4472 0.4474 0.7745
vn -0.2308 0.8871 -0.3998
vn 0.4472 0.4474 -0.7745
vn 0.8404 -0.4474 -0.3059
vn 0.1234 0.9871 0.1025
vn 0.1501 0.9871 0.0556
vn 0.1225 0.9909 0.0549
vn 0.1553 -0.4474 -0.8807
vn -0.3536 0.8871 -0.2967
vn -0.4326 0.8887 0.1520
vn -0.8404 0.4475 0.3059
vn 0.0793 0.8873 0.4544
vn 0.0285 -0.9871 0.1574
vn 0.0790 -0.9871 0.1392
vn 0.0589 -0.9909 0.1206
vn -0.7138 -0.7004 -0.0000
vn -0.6851 0.4474 0.5749
vn 0.1239 0.7004 0.7029
vn -0.0288 -0.9872 0.1572
vn -0.0794 -0.9872 0.1386
vn -0.0588 -0.9910 0.1205
vn -0.4941 -0.1537 -0.8557
vn -0.8404 0.4474 -0.3059
vn 0.1239 -0.7004 -0.7029
vn -0.1239 0.7004 0.7029
vn -0.6707 0.7004 -0.2441
vn 0.6851 -0.4474 -0.5749
vn 0.0796 -0.8872 0.4545
vn 0.0797 -0.8872 0.4545
vn -0.0797 -0.8872 0.4545
vn -0.0796 -0.8872 0.4545
vn -0.5468 0.7004 -0.4588
vn 0.1227 -0.9871 0.1031
vn 0.1498 -0.9871 0.0566
vn 0.1225 -0.9909 0.0553
vn -0.7569 -0.1537 0.6351
vn -0.3526 0.8874 0.2968
vn 0.9881 0.1537 -0.0000
vn -0.6851 0.4474 -0.5749
vn 0.4941 0.1537 -0.8557
vn 0.0287 -0.9870 -0.1580
vn 0.0791 -0.9871 -0.1393
vn 0.0586 -0.9909 -0.1211
vn -0.9285 -0.1537 -0.3380
vn 0.6707 -0.7004 -0.2441
vn -0.3533 -0.8872 0.2969
vn -0.3532 -0.8872 0.2969
vn 0.2315 -0.8873 -0.3989
vn 0.2315 -0.8873 -0.3988
vn 0.2314 -0.8873 -0.3989
vn -0.1240 -0.7004 0.7030
vn 0.7569 0.1537 -0.6352
vn 0.9881 -0.1537 -0.0000
vn -0.8404 -0.4475 0.3059
vn 0.6851 -0.4474 0.5749
vn -0.1716 -0.1537 0.9731
vn 0.0793 -0.8873 -0.4544
vn -0.5468 -0.7004 0.4588
vn -0.4338 0.8871 -0.1576
vn 0.4472 -0.4474 0.7745
vn -0.9285 0.1537 0.3380
vn 0.5468 -0.7004 -0.4588
vn -0.4940 -0.1537 0.8557
vn 0.7569 0.1537 0.6352
vn 0.4941 0.1537 0.8557
vn -0.4472 -0.4474 -0.7745
vn -0.6707 -0.7004 0.2441
vn 0.6707 0.7004 0.2441
vn -0.6707 0.7004 0.2441
vn 0.4586 -0.8886 -0.0055
vn -0.0804 -0.8873 -0.4541
vn -0.0801 -0.8872 -0.4543
vn 0.4338 0.8872 0.1573
vn 0.4338 0.8871 0.1576
vn -0.7138 0.7004 -0.0000
vn 0.5468 0.7004 0.4588
vn 0.4941 -0.1537 0.8557
vn 0.8404 0.4474 0.3059
vn 0.3532 -0.8872 0.2969
vn -0.2309 0.8870 0.4000
vn 0.2311 0.8872 0.3994
vn 0.2310 0.8872 0.3995
vn 0.3536 0.8871 0.2967
vn 0.3569 -0.7004 0.6182
vn 0.1553 0.4474 0.8807
vn 0.1716 -0.1537 -0.9731
vn 0.1716 0.1537 0.9731
vn -0.4337 -0.8872 0.1573
vn -0.4337 -0.8872 0.1572
vn -0.4941 0.1537 0.8557
vn -0.1239 0.7004 -0.7029
vn 0.1360 0.9904 -0.0238
vn 0.1778 0.9777 -0.1118
vn 0.1361 0.9904 -0.0238
vn -0.1358 -0.9905 -0.0237
vn -0.1776 -0.9777 -0.1117
vn -0.1234 0.9871 -0.1025
vn -0.1501 0.9871 -0.0556
vn -0.1225 0.9909 -0.0549
vn -0.1360 0.9904 0.0238
vn -0.1778 0.9777 0.1118
vn -0.1361 0.9904 0.0238
vn -0.1553 0.4474 -0.8807
vn -0.8943 -0.4475 -0.0000
vn -0.4587 0.8886 0.0056
vn -0.1239 -0.7004 -0.7029
vn 0.1117 -0.9929 -0.0407
vn 0.1117 -0.9929 -0.0406
vn 0.2164 -0.9761 -0.0210
vn -0.1213 0.9923 0.0259
vn -0.1225 0.9923 0.0195
vn -0.4147 0.9042 0.1019
vn 0.1212 -0.9923 0.0259
vn 0.1225 -0.9923 0.0195
vn 0.4146 -0.9043 0.1018
vn 0.0926 0.9926 -0.0787
vn -0.0226 0.9963 -0.0827
vn 0.1129 0.9890 -0.0951
vn 0.1213 0.9923 -0.0259
vn 0.1225 0.9923 -0.0195
vn 0.4147 0.9042 -0.1019
vn 0.0798 0.8881 0.4526
vn -0.1238 -0.7017 -0.7017
vn 0.1715 0.1542 0.9730
vn -0.0277 -0.9873 0.1563
vn -0.0794 -0.9873 0.1375
vn 0.4469 0.4485 -0.7741
vn 0.1237 0.7017 -0.7016
vn -0.6847 0.4485 0.5746
vn 0.1238 0.7017 0.7016
vn 0.2297 -0.8882 0.3979
vn -0.3562 -0.7017 -0.6171
vn -0.1715 0.1542 -0.9730
vn -0.3563 -0.7016 0.6171
vn -0.1237 0.7017 0.7016
vn -0.0798 0.8882 0.4526
vn 0.6847 0.4484 0.5746
vn -0.6696 -0.7016 0.2437
vn 0.4319 0.8881 0.1572
vn 0.2298 0.8882 -0.3979
vn 0.3562 -0.7017 0.6171
vn -0.2298 -0.8882 0.3980
vn 0.4319 0.8882 -0.1571
vn -0.9497 0.1370 -0.2816
vn -0.4318 -0.8882 0.1571
vn 0.3563 -0.7016 -0.6171
vn -0.6096 -0.1327 -0.7815
vn -0.6847 -0.4485 -0.5746
vn -0.2298 0.8881 -0.3980
vn -0.0798 0.8881 -0.4526
vn 0.8942 -0.3916 -0.2167
vn -0.1238 0.7017 -0.7016
vn 0.4318 0.8881 0.1572
vn 0.6696 -0.7017 0.2437
vn -0.1491 0.9873 -0.0543
vn 0.3520 -0.8882 -0.2954
vn -0.2617 0.3867 0.8843
vn 0.4318 0.8881 -0.1572
vn 0.0794 -0.9873 -0.1376
vn -0.2298 0.8882 0.3979
vn 0.9094 -0.1762 -0.3767
vn -0.3613 0.3300 -0.8721
vn -0.0793 0.9873 -0.1374
vn -0.1215 0.9873 -0.1020
vn -0.1491 0.9873 -0.0544
vn -0.0277 0.9873 -0.1563
vn -0.6847 0.4484 -0.5746
vn -0.0793 0.9873 0.1375
vn -0.8592 0.3200 0.3992
vn -0.8592 0.3200 -0.3992
vn -0.9136 -0.1491 0.3784
vn -0.0793 -0.9873 0.1376
vn 0.1214 -0.9873 0.1022
vn 0.3753 -0.1950 -0.9061
vn -0.9237 0.0197 0.3826
vn 0.5859 -0.1752 -0.7912
vn 0.5226 0.2994 -0.7983
vn -0.1114 0.2995 -0.9476
vn -0.9681 -0.1950 0.1576
vn -0.6121 0.3245 0.7211
vn -0.0793 0.9873 -0.1375
vn -0.1311 0.1844 -0.9741
vn -0.2260 0.3245 -0.9185
vn -0.5459 -0.7016 -0.4580
vn -0.1615 -0.0269 -0.9865
vn -0.5105 -0.2755 0.8145
vn 0.9382 0.2959 -0.1797
vn -0.1036 -0.2379 -0.9658
vn 0.2154 -0.2634 0.9403
vn 0.1536 0.2948 0.9432
vn 0.5848 -0.0268 -0.8107
vn -0.7960 -0.1950 -0.5730
vn -0.5918 0.1611 0.7899
vn 0.3177 0.3617 -0.8765
vn 0.2298 0.8881 0.3980
vn -0.3520 0.8882 0.2953
vn -0.0276 -0.9874 -0.1559
vn -0.1214 -0.9874 -0.1018
vn -0.1552 0.4484 -0.8802
vn -0.1493 -0.9873 -0.0543
vn -0.1493 -0.9873 0.0543
vn 0.9636 -0.1336 -0.2317
vn 0.9637 -0.1331 -0.2315
vn 0.1874 0.7598 -0.6226
vn 0.1871 0.7601 -0.6223
vn 0.2309 -0.1414 0.9627
vn 0.2310 -0.1411 0.9627
vn -0.7201 -0.1359 0.6804
vn -0.7197 -0.1351 0.6810
vn -0.7199 -0.1362 0.6806
vn -0.4319 0.8881 -0.1572
vn 0.2012 0.4672 0.8609
vn 0.2022 0.4661 0.8613
vn -0.2297 0.8882 -0.3979
vn 0.8459 0.4682 0.2555
vn 0.8455 0.4684 0.2565
vn 0.8457 0.4686 0.2554
vn 0.7515 0.6195 0.2270
vn 0.7525 0.6185 0.2261
vn 0.4522 0.7519 0.4797
vn 0.4550 0.7509 0.4787
vn 0.4541 0.7504 0.4803
vn -0.4508 0.7600 -0.4681
vn -0.4502 0.7594 -0.4697
vn -0.9205 -0.2125 -0.3281
vn -0.5687 0.6184 0.5423
vn -0.5674 0.6194 0.5426
vn -0.5675 0.6189 0.5431
vn -0.1494 0.7598 -0.6328
vn -0.1497 0.7597 -0.6328
vn -0.6266 0.7573 -0.1838
vn -0.6264 0.7577 -0.1827
vn 0.5742 -0.8020 0.1644
vn -0.2230 0.6125 0.7584
vn -0.0866 -0.9263 -0.3668
vn -0.0890 -0.9272 -0.3639
vn 0.6678 0.3960 -0.6303
vn 0.6678 0.3952 -0.6308
vn 0.6674 0.3952 -0.6311
vn 0.0856 -0.9296 0.3585
vn 0.0861 -0.9295 0.3587
vn 0.6388 0.4721 -0.6075
vn 0.6386 0.4736 -0.6066
vn 0.2613 0.3985 -0.8792
vn 0.2613 0.3984 -0.8792
vn 0.2612 0.3981 -0.8794
vn -0.5398 0.6230 -0.5662
vn -0.5407 0.6222 -0.5662
vn -0.6094 0.4748 -0.6350
vn -0.6082 0.4754 -0.6356
vn -0.6078 0.4773 -0.6346
vn -0.3635 -0.9275 0.0869
vn -0.3620 -0.9285 0.0831
vn -0.9275 -0.1381 -0.3474
vn 0.4743 0.7589 -0.4462
vn 0.4741 0.7586 -0.4470
vn 0.4756 0.7580 -0.4464
vn -0.6335 -0.3858 -0.6707
vn -0.4763 0.7526 0.4547
vn -0.4751 0.7530 0.4552
vn -0.1822 -0.6167 -0.7659
vn -0.2615 -0.3988 0.8790
vn -0.2612 -0.3981 0.8794
vn 0.6326 -0.3963 0.6654
vn 0.6325 -0.3964 0.6654
vn 0.7622 0.6221 -0.1788
vn 0.6287 0.7538 0.1910
vn 0.6287 0.7540 0.1906
vn -0.6361 0.7556 0.1565
vn 0.9642 0.1321 -0.2301
vn -0.8810 0.3950 -0.2605
vn 0.7612 -0.6215 -0.1853
vn 0.7614 -0.6213 -0.1854
vn 0.7609 -0.6217 -0.1856
vn -0.5731 -0.8007 -0.1744
vn -0.5741 -0.7994 -0.1772
vn -0.1052 -0.9299 0.3523
vn -0.1052 -0.9299 0.3524
vn -0.2486 0.4671 0.8485
vn 0.6090 0.4664 0.6415
vn 0.4092 -0.8037 0.4320
vn 0.4126 -0.8023 0.4313
vn 0.4110 -0.8032 0.4312
vn 0.9038 0.1499 0.4009
vn -0.7185 0.1345 0.6824
vn -0.7180 0.1323 0.6834
vn -0.7521 -0.6186 -0.2272
vn -0.7517 -0.6193 -0.2265
vn 0.5392 0.6189 0.5711
vn 0.5397 0.6183 0.5714
vn 0.8582 0.4710 -0.2039
vn 0.8583 0.4712 -0.2031
vn -0.7633 -0.6208 0.1786
vn -0.7638 -0.6195 0.1812
vn -0.7636 -0.6197 0.1814
vn 0.2126 0.3873 0.8971
vn 0.2123 0.3866 0.8975
vn 0.8690 0.4229 0.2567
vn 0.1819 -0.6255 0.7588
vn 0.1806 -0.6269 0.7579
vn -0.5711 -0.6216 0.5361
vn -0.5710 -0.6218 0.5361
vn -0.5704 -0.6223 0.5361
vn -0.8943 0.3916 0.2167
vn -0.8945 0.3912 0.2165
vn -0.8943 0.3915 0.2166
vn -0.7511 0.6220 -0.2212
vn -0.7524 0.6208 -0.2201
vn -0.1371 -0.7973 -0.5878
vn -0.1406 -0.7959 -0.5888
vn -0.1392 -0.7968 -0.5880
vn 0.6345 0.3860 0.6697
vn 0.6333 0.3868 0.6703
vn 0.2116 -0.3975 0.8929
vn 0.2148 -0.3955 0.8930
vn 0.2152 -0.3967 0.8923
vn 0.2597 0.4740 -0.8414
vn 0.6379 0.7556 -0.1489
vn 0.6379 0.7556 -0.1488
vn 0.6380 0.7555 -0.1489
vn 0.2815 0.1411 -0.9491
vn 0.2813 0.1406 -0.9493
vn 0.2818 0.1413 -0.9490
vn 0.3324 -0.3414 0.8792
vn 0.2536 -0.9291 0.2692
vn 0.3577 -0.9288 0.0971
vn 0.3575 -0.9288 0.0977
vn 0.6828 0.1293 0.7191
vn 0.6825 0.1281 0.7196
vn 0.6812 0.1294 0.7206
vn -0.5836 -0.8007 0.1353
vn -0.5832 -0.8009 0.1356
vn -0.8942 -0.3941 0.2126
vn -0.8945 -0.3930 0.2133
vn -0.9642 -0.1320 0.2301
vn -0.9641 -0.1323 0.2303
vn -0.9640 -0.1328 0.2305
vn -0.2302 0.1420 -0.9627
vn -0.2306 0.1421 -0.9626
vn -0.2313 0.1419 -0.9625
vn -0.5393 -0.6176 -0.5726
vn -0.5393 -0.6171 -0.5731
vn -0.5393 -0.6177 -0.5724
vn -0.7618 0.6207 0.1855
vn 0.1068 -0.9258 -0.3626
vn 0.1058 -0.9254 -0.3640
vn 0.8948 0.3930 -0.2118
vn 0.7183 -0.1325 -0.6830
vn 0.7189 -0.1345 -0.6820
vn 0.7211 -0.1319 -0.6802
vn -0.2298 0.8882 0.3980
vn -0.3570 -0.9271 -0.1147
vn -0.3568 -0.9270 -0.1154
vn -0.3582 -0.9266 -0.1143
vn 0.1502 0.7500 0.6441
vn 0.1531 0.7513 0.6420
vn 0.2316 0.1288 0.9643
vn 0.2289 0.1264 0.9652
vn 0.2280 0.1284 0.9652
vn 0.8812 -0.3953 0.2591
vn 0.8811 -0.3956 0.2592
vn 0.8810 -0.3945 0.2611
vn 0.1403 -0.8049 0.5766
vn 0.1389 -0.8058 0.5757
vn -0.4341 -0.8036 0.4072
vn -0.4342 -0.8024 0.4094
vn -0.4336 -0.8031 0.4087
vn -0.6332 0.3955 -0.6653
vn -0.6324 0.3966 -0.6654
vn -0.6679 -0.3967 0.6298
vn -0.6679 -0.3968 0.6297
vn 0.5691 0.6226 -0.5371
vn 0.5700 0.6238 -0.5348
vn -0.2033 0.4759 -0.8557
vn 0.9497 -0.1375 0.2813
vn -0.6679 0.3881 0.6350
vn -0.6677 0.3884 0.6351
vn -0.8446 0.4735 -0.2498
vn -0.8446 0.4735 -0.2499
vn -0.2308 -0.1308 -0.9642
vn 0.7505 -0.6235 0.2193
vn 0.7498 -0.6242 0.2194
vn -0.1693 -0.8057 0.5676
vn -0.1692 -0.8056 0.5678
vn 0.2719 -0.9263 -0.2609
vn 0.2722 -0.9262 -0.2609
vn 0.2715 -0.9264 -0.2610
vn 0.7190 0.1370 -0.6813
vn 0.7197 0.1352 -0.6810
vn 0.7212 0.1374 -0.6789
vn 0.5678 -0.6189 -0.5427
vn 0.5689 -0.6179 -0.5426
vn 0.1701 -0.7977 -0.5785
vn -0.1855 0.7543 0.6298
vn -0.1839 0.7540 0.6306
vn 0.5387 -0.6257 0.5642
vn 0.5387 -0.6255 0.5644
vn 0.0361 -0.9915 -0.1247
vn -0.4165 -0.7973 -0.4367
vn -0.4113 -0.7994 -0.4379
vn -0.4138 -0.7981 -0.4379
vn 0.8822 0.3895 0.2646
vn -0.2298 -0.8882 0.3979
vn -0.2571 -0.9272 -0.2725
vn -0.2560 -0.9271 -0.2737
vn 0.2237 0.6247 -0.7482
vn 0.2229 0.6232 -0.7496
vn 0.2245 0.6239 -0.7486
vn -0.2230 -0.6233 0.7495
vn -0.2122 0.3994 -0.8919
vn -0.2822 -0.1399 0.9491
vn -0.1198 -0.9918 -0.0455
vn -0.0885 -0.9914 -0.0960
vn 0.6811 -0.1406 0.7186
vn -0.0275 0.9873 0.1563
vn 0.0793 0.9873 0.1374
vn 0.0794 0.9873 0.1375
vn -0.1213 0.9873 0.1022
vn 0.1588 0.9873 -0.0000
vn 0.0278 0.9873 0.1562
vn 0.0276 -0.9873 -0.1563
vn 0.0793 -0.9873 -0.1375
vn 0.1216 -0.9873 -0.1020
vn 0.1492 -0.9873 -0.0544
vn 0.0277 -0.9873 -0.1563
vn 0.1493 -0.9873 -0.0543
vn 0.1587 -0.9873 -0.0000
vn 0.1492 -0.9873 0.0542
vn 0.1492 0.9873 0.0544
vn 0.0277 0.9873 0.1563
vn 0.6847 -0.4485 0.5746
vn -0.9045 0.1611 -0.3949
vn -0.5458 -0.7017 0.4579
vn -0.3753 -0.1950 -0.9061
vn 0.8968 0.2995 -0.3257
vn -0.8422 0.3245 -0.4305
vn -0.1491 0.9873 0.0542
vn -0.1491 0.9873 0.0543
vn -0.3609 -0.2232 0.9055
vn -0.3486 -0.3020 0.8873
vn 0.8970 -0.2539 0.3618
vn 0.5458 0.7017 -0.4579
vn 0.8422 0.3245 -0.4305
vn -0.3283 0.1702 -0.9291
vn 0.2298 0.8882 -0.3980
vn 0.4469 -0.4485 0.7741
vn 0.2297 0.8882 0.3979
vn 0.1804 0.6140 0.7684
vn 0.1852 0.6192 0.7631
vn 0.8968 0.2994 0.3257
vn -0.8562 0.4724 0.2091
vn -0.8568 0.4705 0.2112
vn -0.9045 -0.2021 0.3755
vn 0.3861 -0.1568 -0.9090
vn 0.3613 0.3300 -0.8721
vn 0.9716 0.1619 -0.1724
vn 0.8007 -0.2460 0.5463
vn 0.9634 -0.2325 -0.1333
vn 0.1282 0.1423 0.9815
vn 0.9786 -0.1298 -0.1594
vn -0.5458 0.7017 0.4579
vn 0.7791 0.2798 0.5610
vn -0.9475 0.3152 0.0539
vn 0.8239 0.3152 0.4711
vn 0.0967 -0.3770 0.9211
vn -0.4319 0.8882 0.1571
vn 0.1580 0.1817 0.9706
vn -0.1259 -0.1516 -0.9804
vn 0.5711 -0.3023 -0.7632
vn -0.7929 -0.4707 -0.3868
vn 0.7871 -0.2864 0.5463
vn 0.0680 0.3649 0.9285
vn 0.6114 -0.2290 -0.7574
vn 0.5520 0.1844 -0.8132
vn 0.4317 -0.8882 0.1572
vn -0.7920 -0.1653 -0.5878
vn 0.0798 0.8882 -0.4526
vn -0.4469 -0.4485 -0.7741
vn 0.2297 -0.8882 0.3980
vn 0.3636 -0.9271 -0.0907
vn -0.0276 0.9873 -0.1564
vn -0.1492 0.9873 -0.0544
vn 0.3520 0.8882 -0.2953
vn 0.2616 -0.3866 -0.8844
vn -0.9085 0.1817 0.3763
vn -0.3520 0.8881 -0.2954
vn -0.8822 -0.3895 -0.2647
vn 0.2812 -0.1333 -0.9504
vn 0.2298 -0.8882 -0.3980
vn -0.2298 -0.8882 -0.3980
vn -0.6403 0.4692 0.6083
vn 0.4342 -0.7993 -0.4154
vn -0.5108 0.3167 -0.7992
vn -0.2688 -0.9297 0.2519
vn 0.9501 0.1309 0.2831
vn 0.9038 0.1498 -0.4009
vn 0.9281 -0.1327 0.3479
vn 0.5077 -0.3066 -0.8052
vn -0.8996 -0.1680 -0.4032
vn 0.9281 -0.1326 -0.3478
vn -0.5611 0.1499 -0.8141
vn 0.6677 -0.3882 -0.6352
vn -0.9801 0.1498 -0.1304
vn 0.3570 -0.3605 -0.8618
vn -0.3569 -0.3605 -0.8618
vn -0.6814 -0.1305 -0.7202
vn -0.9731 -0.1326 -0.1884
vn -0.8536 -0.3066 0.4212
vn -0.9501 -0.1312 -0.2830
vn -0.0276 -0.9873 0.1563
vn -0.0793 -0.9873 0.1375
vn -0.1216 -0.9873 0.1020
vn -0.1492 -0.9873 0.0544
vn -0.0794 0.8873 -0.4544
vn -0.7569 0.1537 -0.6351
vn -0.0798 0.9871 -0.1389
vn -0.0592 0.9909 -0.1207
vn -0.0293 0.9871 -0.1572
vn -0.7569 0.1537 0.6352
vn -0.3569 0.7004 -0.6182
vn 0.8404 -0.4475 0.3059
vn 0.4326 0.8887 -0.1519
vn 0.4337 -0.8873 0.1570
vn 0.4337 -0.8873 0.1568
vn 0.8404 0.4474 -0.3059
vn -0.6851 -0.4474 0.5748
vn -0.3569 -0.7004 0.6182
vn 0.3569 0.7004 0.6181
vn 0.1239 0.7003 -0.7030
vn -0.3526 -0.8874 -0.2968
vn 0.2308 -0.8871 0.3998
vn -0.7569 -0.1537 -0.6351
vn 0.1239 -0.7004 0.7029
vn -0.0757 0.9890 0.1273
vn -0.0926 0.9926 0.0788
vn -0.0325 0.9862 0.1621
vn 0.0225 0.9963 0.0828
vn -0.0757 -0.9890 -0.1273
vn -0.0926 -0.9926 -0.0788
vn -0.0325 -0.9862 -0.1621
vn -0.3569 0.7004 0.6181
vn 0.0801 0.8872 -0.4543
vn 0.7569 -0.1537 0.6351
vn 0.6851 0.4474 0.5748
vn 0.7569 -0.1537 -0.6352
vn -0.1230 -0.9871 0.1021
vn -0.1082 -0.9910 0.0791
vn -0.2308 -0.8871 0.3998
vn -0.6851 -0.4474 -0.5749
vn -0.0805 0.8873 0.4540
vn 0.0291 0.9871 0.1574
vn 0.0327 0.9909 0.1302
vn 0.0797 0.9871 0.1389
vn 0.0610 -0.9980 -0.0185
vn 0.3569 0.7004 -0.6182
vn -0.8404 -0.4475 -0.3059
vn 0.3531 0.8874 -0.2966
vn 0.3529 0.8874 -0.2966
vn -0.2310 0.8871 -0.3996
vn -0.2311 0.8872 -0.3994
vn -0.2309 0.8871 -0.3996
vn 0.8404 -0.4475 -0.3059
vn 0.1233 0.9871 0.1023
vn 0.1085 0.9909 0.0793
vn 0.1500 0.9871 0.0557
vn -0.3528 0.8873 -0.2971
vn -0.4326 0.8887 0.1519
vn -0.8404 0.4474 0.3059
vn 0.0283 -0.9871 0.1574
vn 0.0325 -0.9910 0.1302
vn 0.0789 -0.9871 0.1393
vn -0.0289 -0.9871 0.1572
vn -0.0324 -0.9910 0.1301
vn -0.0793 -0.9872 0.1387
vn -0.4940 -0.1537 -0.8557
vn -0.8404 0.4475 -0.3059
vn 0.1239 -0.7004 -0.7030
vn -0.1239 0.7003 0.7030
vn 0.6851 -0.4474 -0.5748
vn 0.0802 -0.8871 0.4546
vn -0.0802 -0.8871 0.4546
vn 0.1084 -0.9909 0.0798
vn 0.1496 -0.9871 0.0567
vn -0.7569 -0.1537 0.6352
vn -0.3533 0.8873 0.2965
vn 0.0286 -0.9870 -0.1580
vn 0.0320 -0.9909 -0.1308
vn -0.3533 -0.8871 0.2969
vn 0.2313 -0.8873 -0.3991
vn -0.1239 -0.7004 0.7029
vn 0.7569 0.1537 -0.6351
vn -0.8404 -0.4474 0.3059
vn 0.6851 -0.4474 0.5748
vn -0.4338 0.8872 -0.1575
vn -0.4941 -0.1537 0.8557
vn 0.7569 0.1537 0.6351
vn -0.0805 -0.8874 -0.4540
vn -0.0806 -0.8874 -0.4539
vn 0.4338 0.8872 0.1574
vn 0.4940 -0.1537 0.8557
vn 0.8404 0.4475 0.3059
vn 0.3533 -0.8871 0.2969
vn 0.2310 0.8871 0.3995
vn 0.2311 0.8872 0.3993
vn 0.3528 0.8873 0.2971
vn -0.4338 -0.8871 0.1579
vn -0.1233 0.9871 -0.1023
vn -0.1085 0.9909 -0.0793
vn -0.1500 0.9871 -0.0556
vn -0.1239 -0.7004 -0.7030
vn 0.0757 0.9890 -0.1273
vn 0.0926 0.9926 -0.0788
vn 0.0325 0.9862 -0.1621
vn -0.0225 0.9963 -0.0828
vt 0.888889 0.600000
vt 0.833333 0.500000
vt 0.888889 0.500000
vt 0.222222 0.900000
vt 0.277778 0.800000
vt 0.277778 0.900000
vt 0.888889 0.200000
vt 0.833333 0.100000
vt 0.888889 0.100000
vt 0.277778 0.300000
vt 0.222222 0.200000
vt 0.277778 0.200000
vt 0.388889 0.800000
vt 0.333333 0.900000
vt 0.333333 0.800000
vt 1.000000 0.700000
vt 0.944444 0.600000
vt 1.000000 0.600000
vt 0.111111 0.600000
vt 0.166667 0.500000
vt 0.166667 0.600000
vt 0.888889 0.400000
vt 0.388889 0.500000
vt 0.444444 0.400000
vt 0.444444 0.500000
vt 0.111111 0.100000
vt 0.250000 0.000000
vt 0.166667 0.100000
vt 0.055556 0.600000
vt 0.111111 0.500000
vt 0.777778 0.300000
vt 0.722222 0.200000
vt 0.777778 0.200000
vt 0.277778 0.400000
vt 0.222222 0.300000
vt 0.166667 0.700000
vt 0.277778 0.600000
vt 0.222222 0.500000
vt 0.277778 0.500000
vt 0.222222 0.700000
vt 0.222222 0.600000
vt 0.388889 0.300000
vt 0.333333 0.200000
vt 0.388889 0.200000
vt 0.722222 0.700000
vt 0.666667 0.600000
vt 0.722222 0.600000
vt 0.833333 0.800000
vt 0.777778 0.700000
vt 0.833333 0.700000
vt 0.055556 0.800000
vt 0.000000 0.900000
vt 0.000000 0.800000
vt 0.944444 0.900000
vt 1.000000 0.800000
vt 1.000000 0.900000
vt 0.555556 0.800000
vt 0.611111 0.700000
vt 0.611111 0.800000
vt 0.277778 0.100000
vt 0.333333 0.100000
vt 0.222222 0.100000
vt 0.333333 0.500000
vt 0.388889 0.400000
vt 0.555556 0.700000
vt 0.500000 0.800000
vt 0.500000 0.700000
vt 0.944444 0.300000
vt 0.944444 0.200000
vt 0.666667 0.700000
vt 0.611111 0.600000
vt 0.555555 0.400000
vt 0.611111 0.300000
vt 0.611111 0.400000
vt 0.944444 0.100000
vt 1.000000 0.200000
vt 0.000000 0.600000
vt 0.055556 0.500000
vt 0.722222 0.800000
vt 1.000000 0.400000
vt 0.944444 0.400000
vt 0.194444 1.000000
vt 0.666667 0.100000
vt 0.611111 0.200000
vt 0.611111 0.100000
vt 0.444444 0.700000
vt 0.444444 0.800000
vt 0.833333 0.600000
vt 0.861111 1.000000
vt 0.888889 0.900000
vt 0.833333 0.900000
vt 0.166667 0.300000
vt 0.166667 0.200000
vt 0.555555 0.600000
vt 0.611111 0.500000
vt 0.555555 0.500000
vt 0.500000 0.400000
vt 0.111111 0.700000
vt 0.666667 0.500000
vt 0.666667 0.400000
vt 0.722222 0.500000
vt 0.888889 0.700000
vt 0.888889 0.800000
vt 0.555556 0.100000
vt 0.500000 0.200000
vt 0.500000 0.100000
vt 0.777778 0.100000
vt 0.805556 0.000000
vt 0.000000 0.400000
vt 0.055556 0.300000
vt 0.055556 0.400000
vt 0.000000 0.700000
vt 0.055556 0.700000
vt 0.111111 0.400000
vt 0.166667 0.400000
vt 0.444444 0.600000
vt 0.388889 0.700000
vt 0.388889 0.600000
vt 0.111111 0.900000
vt 0.111111 0.800000
vt 0.222222 0.800000
vt 0.277778 0.700000
vt 0.333333 0.400000
vt 1.000000 0.300000
vt 0.833333 0.200000
vt 0.833333 0.300000
vt 0.722222 0.900000
vt 0.666667 0.800000
vt 0.777778 0.600000
vt 0.777778 0.500000
vt 0.444444 0.300000
vt 0.666667 0.200000
vt 0.722222 0.100000
vt 0.833333 0.400000
vt 0.666667 0.300000
vt 0.722222 0.300000
vt 0.666667 0.900000
vt 0.583333 1.000000
vt 0.611111 0.900000
vt 0.111111 0.200000
vt 0.138889 0.000000
vt 0.500000 0.500000
vt 0.222222 0.400000
vt 0.944444 0.500000
vt 0.333333 0.300000
vt 0.333333 0.700000
vt 0.166667 0.800000
vt 0.444444 0.200000
vt 0.111111 0.300000
vt 0.388889 0.100000
vt 0.444444 0.100000
vt 0.055556 0.200000
vt 0.000000 0.300000
vt 0.000000 0.200000
vt 0.388889 0.900000
vt 0.444444 0.900000
vt 0.555556 0.200000
vt 0.500000 0.600000
vt 0.722222 0.400000
vt 0.555556 0.900000
vt 0.944444 0.700000
vt 0.944444 0.800000
vt 1.848200 -1.919280
vt 1.871830 -1.963400
vt 1.848200 -1.964950
vt 0.000000 0.000000
vt 0.000000 0.100000
vt 0.055556 0.100000
vt 1.000000 0.500000
vt 0.555556 0.300000
vt 0.333333 0.600000
vt 0.888889 0.300000
vt 0.000000 0.500000
vt 0.777778 0.900000
vt 0.416667 0.000000
vt 0.777778 0.800000
vt 2.094220 -1.919280
vt 2.072200 -1.963400
vt 2.072200 -1.919280
vt 0.500000 0.900000
vt 0.055556 0.900000
vt 2.024940 -1.875170
vt 2.002920 -1.919280
vt 2.002920 -1.879730
vt 1.000000 0.100000
vt 0.916667 0.000000
vt 0.166667 0.900000
vt 0.083333 1.000000
vt 0.500000 0.300000
vt 0.472222 1.000000
vt 0.750000 1.000000
vt 0.777778 0.400000
vt 0.305556 1.000000
vt 1.756870 -1.918600
vt 1.906000 -1.912020
vt 1.906000 -1.919280
vt 2.048570 -1.964950
vt 2.048570 -1.919280
vt 1.908330 -1.919280
vt 1.892450 -1.951580
vt 1.883790 -1.919280
vt 1.947700 -1.920470
vt 1.906000 -1.926540
vt 1.906000 -1.931860
vt 1.848200 -1.873620
vt 2.072200 -1.875170
vt 2.048570 -1.873620
vt 1.960680 -1.939310
vt 1.960680 -1.919280
vt 1.960680 -1.899260
vt 1.984000 -1.919280
vt 1.984000 -1.886990
vt 1.968410 -1.953970
vt 2.004330 -1.951580
vt 1.980680 -1.975220
vt 1.916090 -1.863340
vt 1.913700 -1.899260
vt 1.892450 -1.886990
vt 2.016890 -1.879730
vt 1.980680 -1.863340
vt 1.987940 -1.850780
vt 1.756870 -1.919280
vt 1.948390 -1.854690
vt 1.928360 -1.884600
vt 1.916090 -1.975230
vt 1.948390 -1.964980
vt 1.948390 -1.983880
vt 1.871830 -1.919280
vt 1.871830 -1.875170
vt 1.948390 -1.919280
vt 1.936550 -1.898780
vt 1.948390 -1.895610
vt 1.972060 -1.919280
vt 1.987960 -1.896440
vt 1.994080 -1.919280
vt 2.024940 -1.963400
vt 2.002920 -1.987790
vt 2.002920 -1.958840
vt 1.927880 -1.931120
vt 1.902690 -1.919280
vt 1.924710 -1.919280
vt 1.893850 -1.919280
vt 1.893850 -1.958840
vt 1.879880 -1.879730
vt 1.990770 -1.912020
vt 1.990770 -1.906710
vt 1.947200 -1.918600
vt 1.936100 -1.939310
vt 1.990770 -1.926540
vt 1.948390 -1.873590
vt 1.925540 -1.879710
vt 1.906000 -1.906710
vt 1.949070 -1.918100
vt 1.928360 -1.953970
vt 1.916090 -1.975220
vt 1.802550 -1.850780
vt 1.824570 -1.995690
vt 1.802550 -1.987790
vt 2.004330 -1.886990
vt 1.968410 -1.884600
vt 1.802550 -1.879730
vt 1.824570 -1.919280
vt 1.802550 -1.919280
vt 1.783640 -1.919280
vt 2.094220 -1.879730
vt 2.072200 -1.842880
vt 1.984000 -1.951580
vt 1.948390 -1.879230
vt 2.024940 -1.919280
vt 2.113130 -1.919280
vt 2.094220 -1.958840
vt 1.948390 -1.854680
vt 1.971230 -1.879710
vt 1.908810 -1.896440
vt 1.960680 -1.884600
vt 1.925540 -1.958860
vt 1.892440 -1.951580
vt 1.908810 -1.942130
vt 1.848200 -1.840190
vt 2.024940 -1.842880
vt 1.783640 -1.951580
vt 1.927880 -1.907450
vt 1.980690 -1.975230
vt 1.987940 -1.987790
vt 1.783640 -1.886980
vt 1.968890 -1.907450
vt 2.113130 -1.951580
vt 1.892440 -1.886980
vt 1.912770 -1.919280
vt 1.912770 -1.951580
vt 2.012990 -1.919280
vt 2.002920 -1.850780
vt 1.936100 -1.919280
vt 1.948390 -1.959340
vt 1.936550 -1.939790
vt 2.048570 -1.840190
vt 1.824570 -1.875170
vt 2.004330 -1.886980
vt 1.980690 -1.863340
vt 1.912770 -1.886990
vt 1.893850 -1.879730
vt 1.987960 -1.942130
vt 1.968890 -1.931120
vt 2.139900 -1.919970
vt 1.990770 -1.919280
vt 2.048570 -1.998380
vt 1.949570 -1.919970
vt 1.988440 -1.919280
vt 2.012980 -1.919280
vt 1.893850 -1.850780
vt 1.871830 -1.995690
vt 2.094220 -1.850780
vt 1.908830 -1.987790
vt 1.936100 -1.899260
vt 2.113130 -1.886980
vt 1.960220 -1.939790
vt 1.971230 -1.958860
vt 2.024940 -1.995690
vt 2.016890 -1.958840
vt 1.983070 -1.899260
vt 2.139900 -1.919280
vt 1.960220 -1.898780
vt 0.972222 1.000000
vt 0.638889 0.000000
vt 0.027778 0.000000
vt 1.948390 -1.942960
vt 1.802550 -1.958840
vt 1.848200 -1.998380
vt 1.824570 -1.963400
vt 2.072200 -1.995690
vt 2.094220 -1.987790
vt 1.913700 -1.939310
vt 1.983070 -1.939310
vt 1.960680 -1.953970
vt 1.908830 -1.850780
vt 1.936100 -1.953970
vt 1.824570 -1.842880
vt 1.879880 -1.958840
vt 1.936100 -1.884600
s 0
usemtl Material.005
f 144/1/1 148/2/1 146/3/1
f 93/4/2 86/5/2 87/6/2
f 145/7/3 150/8/3 140/9/3
f 82/10/4 98/11/4 85/12/4
f 67/13/5 75/14/5 76/15/5
f 124/16/6 135/17/6 126/18/6
f 116/19/7 99/20/7 104/21/7
f 148/2/8 141/22/8 146/3/8
f 66/23/9 58/24/9 54/25/9
f 96/26/10 24/27/11 97/28/12
f 119/29/13 110/30/13 116/19/13
f 164/31/14 15/32/14 156/33/14
f 80/34/15 94/35/15 82/10/15
f 102/36/16 116/19/16 104/21/16
f 83/37/17 90/38/17 79/39/17
f 92/40/18 104/21/18 95/41/18
f 70/42/19 73/43/19 65/44/19
f 4/45/20 12/46/20 13/47/20
f 149/48/21 162/49/21 152/50/21
f 122/51/22 63/52/22 129/53/22
f 107/54/23 129/55/23 63/56/23
f 42/57/24 22/58/24 21/59/24
f 188/27/25 203/60/12 202/61/10
f 739/12/26 743/62/26 693/60/26
f 74/63/27 69/64/27 66/23/27
f 35/65/28 45/66/28 49/67/28
f 134/68/29 145/7/29 136/69/29
f 6/70/30 28/71/30 12/46/30
f 34/72/31 27/73/31 26/74/31
f 138/75/32 127/76/32 136/69/32
f 126/77/33 121/78/33 119/29/33
f 17/79/34 6/70/34 4/45/34
f 134/68/35 130/80/35 132/81/35
f 75/14/36 9/82/37 93/4/37
f 19/83/38 29/84/38 31/85/38
f 67/13/39 59/86/39 56/87/39
f 162/49/40 154/88/40 152/50/40
f 173/89/41 270/90/42 322/91/42
f 98/11/43 103/92/43 105/93/43
f 6/70/44 21/59/44 22/58/44
f 37/94/45 30/95/45 28/71/45
f 40/96/46 48/97/46 34/72/46
f 114/98/47 119/29/47 116/19/47
f 16/99/48 26/74/48 2/100/48
f 165/101/49 166/100/49 180/99/49
f 59/86/50 45/66/50 56/87/50
f 12/46/51 1/101/51 13/47/51
f 149/48/52 142/102/52 139/103/52
f 145/7/53 138/75/53 136/69/53
f 33/104/54 46/105/54 47/106/54
f 160/107/55 24/108/56 150/8/56
f 130/109/57 117/110/57 123/111/57
f 83/37/58 92/40/58 95/41/58
f 122/51/59 124/112/59 118/113/59
f 113/114/60 103/92/60 101/115/60
f 60/116/61 61/117/61 62/118/61
f 115/119/62 122/51/62 112/120/62
f 88/121/63 81/122/63 86/5/63
f 77/123/64 79/39/64 80/34/64
f 134/68/65 127/76/65 125/124/65
f 73/43/66 39/60/66 38/61/66
f 60/116/67 66/23/67 54/25/67
f 164/31/68 147/125/68 153/126/68
f 28/71/69 16/99/69 12/46/69
f 84/127/70 5/128/70 17/79/70
f 155/129/71 1/101/71 157/130/71
f 154/88/72 157/130/72 148/2/72
f 52/131/73 48/97/73 58/24/73
f 144/1/74 152/50/74 154/88/74
f 14/132/75 20/133/75 15/32/75
f 151/134/76 164/31/76 153/126/76
f 10/135/77 15/32/77 11/136/77
f 18/137/78 9/138/79 41/139/79
f 103/92/80 109/140/80 105/93/80
f 156/33/81 20/133/81 160/107/81
f 261/28/82 188/141/83 260/26/83
f 41/139/84 42/57/84 21/59/84
f 58/24/85 43/142/85 54/25/85
f 101/115/86 94/35/86 91/143/86
f 88/121/87 102/36/87 92/40/87
f 131/144/88 126/18/88 135/17/88
f 104/21/89 90/38/89 95/41/89
f 69/64/90 71/145/90 70/42/90
f 76/15/91 81/122/91 78/146/91
f 93/4/92 100/147/92 88/121/92
f 22/58/93 37/94/93 28/71/93
f 78/146/94 62/118/94 61/117/94
f 52/131/95 65/44/95 53/148/95
f 123/111/96 108/149/96 113/114/96
f 53/148/97 68/150/97 57/151/97
f 110/30/98 123/111/98 113/114/98
f 99/20/99 113/114/99 101/115/99
f 120/152/100 125/153/100 127/154/100
f 58/24/101 70/42/101 52/131/101
f 108/149/102 120/152/102 109/140/102
f 7/155/103 56/87/103 8/156/103
f 120/152/104 96/26/104 109/140/104
f 18/137/105 21/59/105 5/128/105
f 27/73/106 32/157/106 29/84/106
f 82/10/107 73/43/107 71/145/107
f 51/158/108 40/96/108 37/94/108
f 112/120/109 102/36/109 100/147/109
f 759/93/110 750/26/110 751/28/110
f 10/135/111 26/74/111 27/73/111
f 65/44/112 38/61/112 68/150/112
f 122/51/113 114/98/113 112/120/113
f 121/78/114 130/109/114 123/111/114
f 77/123/115 82/10/115 71/145/115
f 2/100/116 11/136/116 3/159/116
f 44/160/117 45/66/117 42/57/117
f 135/17/118 146/3/118 131/144/118
f 62/118/119 74/63/119 66/23/119
f 133/161/120 129/55/120 137/162/120
f 146/3/121 132/81/121 131/144/121
f 59/86/122 51/158/122 49/67/122
f 139/103/123 133/161/123 137/162/123
f 792/75/32 781/76/32 790/69/32
f 135/17/124 142/102/124 144/1/124
f 31/85/125 32/157/125 33/104/125
f 354/163/126 331/164/126 346/165/126
f 552/166/127 539/166/127 537/166/127
f 120/152/128 23/167/128 25/168/128
f 487/166/129 489/166/130 488/166/131
f 76/15/132 61/117/132 67/13/132
f 131/144/133 130/80/133 128/169/133
f 36/170/134 46/105/134 32/157/134
f 10/135/135 29/84/135 14/132/135
f 72/171/136 79/39/136 74/63/136
f 869/166/137 863/166/137 860/166/137
f 85/12/26 89/62/26 39/60/26
f 72/171/138 81/122/138 83/37/138
f 720/23/27 731/123/27 723/64/27
f 143/172/139 147/125/139 145/7/139
f 721/13/39 713/86/39 710/87/39
f 157/130/140 151/134/140 148/2/140
f 48/97/141 36/170/141 34/72/141
f 777/111/142 782/173/142 784/109/142
f 30/95/143 34/72/143 26/74/143
f 141/22/144 153/126/144 143/172/144
f 163/174/145 149/48/145 158/91/145
f 105/93/146 89/62/146 98/11/146
f 132/81/147 143/172/147 134/68/147
f 678/175/148 693/60/82 743/62/82
f 84/127/149 159/176/149 163/174/149
f 422/177/150 437/178/151 416/179/151
f 1/101/152 2/100/152 3/159/152
f 273/140/66 261/28/66 260/26/66
f 35/65/153 51/158/153 37/94/153
f 17/79/154 162/49/154 159/176/154
f 269/93/26 253/62/26 261/28/26
f 147/125/155 160/107/155 150/8/155
f 8/156/156 45/66/156 55/180/156
f 286/51/157 227/52/157 228/181/157
f 25/168/158 138/75/159 24/141/160
f 248/127/149 169/128/149 182/137/149
f 180/99/140 190/74/140 194/95/140
f 284/152/161 289/153/161 281/110/161
f 9/89/162 106/90/163 107/54/163
f 309/7/125 314/8/125 311/125/125
f 625/166/164 626/166/164 627/166/164
f 435/182/165 402/183/165 420/184/165
f 271/54/166 303/103/166 270/90/166
f 64/181/167 107/54/168 63/52/169
f 311/125/170 324/107/170 320/33/170
f 80/34/171 90/38/171 91/143/171
f 324/107/172 188/108/173 184/133/173
f 241/123/99 243/39/99 238/63/99
f 493/166/174 523/166/174 494/166/174
f 276/120/91 266/36/91 278/98/91
f 284/152/175 260/26/175 189/168/175
f 318/88/69 321/130/69 319/129/69
f 551/166/176 468/166/176 517/166/176
f 691/94/177 697/142/177 694/96/177
f 244/34/86 258/35/86 255/143/86
f 501/166/178 512/166/178 500/166/178
f 251/6/179 240/15/179 250/5/179
f 875/166/180 857/166/180 852/166/180
f 212/97/35 216/131/35 222/24/35
f 187/185/181 300/69/181 291/76/181
f 522/166/182 523/166/182 524/166/182
f 793/103/123 787/161/123 791/162/123
f 538/166/183 539/166/183 535/166/183
f 694/96/143 680/74/143 684/95/143
f 553/166/184 471/166/184 500/166/184
f 480/166/185 464/166/185 514/166/185
f 277/114/115 267/92/115 272/149/115
f 278/98/94 283/29/94 282/113/94
f 503/166/186 479/166/186 530/166/186
f 140/9/187 24/186/188 138/75/188
f 475/166/189 476/166/189 477/166/189
f 725/145/190 739/12/190 727/43/190
f 859/166/191 872/166/191 880/166/191
f 205/139/192 173/138/193 248/127/193
f 463/166/194 481/166/194 556/166/194
f 535/166/195 495/166/195 536/166/195
f 497/166/196 530/166/196 504/166/196
f 523/166/197 536/166/197 524/166/197
f 174/135/68 193/84/68 191/73/68
f 186/58/198 201/94/198 199/65/198
f 111/187/199 9/188/200 115/119/200
f 547/166/201 548/166/201 520/166/201
f 518/166/202 484/166/202 519/166/202
f 504/166/203 518/166/203 519/166/203
f 763/140/102 771/110/102 774/152/102
f 229/44/204 202/61/204 237/43/204
f 543/166/205 551/166/205 517/166/205
f 89/62/25 24/175/206 39/60/82
f 564/166/207 595/166/207 600/166/207
f 283/29/119 274/30/119 285/78/119
f 174/135/76 190/74/76 166/100/76
f 529/166/208 475/166/208 491/166/208
f 296/81/141 307/172/141 305/22/141
f 212/97/147 200/170/147 214/189/147
f 464/166/209 537/166/209 538/166/209
f 550/166/210 531/166/210 532/166/210
f 182/137/211 185/59/211 205/139/211
f 536/166/212 492/166/212 524/166/212
f 301/162/156 227/56/156 293/55/156
f 505/166/213 484/166/213 520/166/213
f 777/111/214 762/149/214 767/114/214
f 282/113/61 290/77/61 288/112/61
f 545/166/215 538/166/215 535/166/215
f 199/65/124 215/158/124 213/67/124
f 615/166/216 629/166/216 630/166/216
f 798/1/217 785/144/217 789/17/217
f 594/166/218 648/166/218 610/166/218
f 465/166/219 466/166/219 543/166/219
f 573/166/220 652/166/220 588/166/220
f 572/166/221 606/166/221 607/166/221
f 254/38/222 265/115/222 263/20/222
f 44/160/223 9/190/224 55/180/224
f 575/166/225 638/166/225 573/166/225
f 821/166/226 841/166/226 819/166/226
f 559/166/227 560/166/227 561/166/227
f 224/116/33 230/23/33 226/118/33
f 621/166/228 638/166/228 620/166/228
f 206/57/52 186/58/52 199/65/52
f 641/166/229 559/166/229 561/166/229
f 645/166/230 575/166/230 574/166/230
f 579/166/231 580/166/231 581/166/231
f 262/11/232 267/92/232 258/35/232
f 224/116/6 213/67/6 215/158/6
f 608/166/233 609/166/233 597/166/233
f 637/166/234 607/166/234 586/166/234
f 609/166/235 635/166/235 565/166/235
f 603/166/236 604/166/236 605/166/236
f 581/166/237 614/166/237 615/166/237
f 9/191/193 163/174/238 158/91/238
f 216/131/239 229/44/239 234/42/239
f 622/166/240 589/166/240 598/166/240
f 593/166/241 594/166/241 595/166/241
f 191/73/139 196/157/139 200/170/139
f 583/166/242 561/166/242 584/166/242
f 598/166/243 576/166/243 622/166/243
f 170/70/40 192/71/40 186/58/40
f 588/166/244 598/166/244 589/166/244
f 648/166/245 653/166/245 610/166/245
f 604/166/246 646/166/246 624/166/246
f 562/166/247 560/166/247 563/166/247
f 601/166/248 602/166/248 603/166/248
f 174/135/14 179/32/14 178/132/14
f 192/71/72 180/99/72 194/95/72
f 265/115/15 258/35/15 267/92/15
f 635/166/249 642/166/249 596/166/249
f 610/166/250 651/166/250 599/166/250
f 712/24/85 697/142/85 708/25/85
f 615/166/251 640/166/251 636/166/251
f 705/158/252 708/25/252 697/142/252
f 637/166/253 576/166/253 591/166/253
f 580/166/254 631/166/254 590/166/254
f 638/166/255 654/166/255 573/166/255
f 774/152/239 779/153/239 781/154/239
f 288/16/256 301/162/256 293/55/256
f 578/166/257 589/166/257 587/166/257
f 788/68/35 784/80/35 786/81/35
f 328/31/135 311/125/135 320/33/135
f 787/161/124 798/1/124 789/17/124
f 706/131/73 702/97/73 712/24/73
f 307/172/258 311/125/258 317/126/258
f 853/166/259 880/166/259 867/166/259
f 774/152/260 677/167/260 679/168/260
f 831/166/261 832/166/261 833/166/261
f 761/54/262 793/103/262 791/162/262
f 690/170/263 683/84/263 681/73/263
f 275/187/264 276/120/264 279/119/264
f 279/119/265 286/51/265 228/181/265
f 244/34/266 254/38/266 243/39/266
f 321/130/48 315/134/48 325/192/48
f 322/91/267 303/103/267 313/48/267
f 198/72/144 191/73/144 200/170/144
f 660/70/30 682/71/30 666/46/30
f 844/166/268 847/166/268 849/166/268
f 777/111/57 779/153/57 771/110/57
f 744/38/266 755/115/266 745/143/266
f 499/166/269 526/166/269 502/166/269
f 769/119/62 776/51/62 766/120/62
f 676/58/270 691/94/270 682/71/270
f 173/191/271 327/174/78 248/127/78
f 710/87/272 709/180/272 662/156/272
f 659/128/273 676/58/273 660/70/273
f 247/37/274 256/40/274 245/122/274
f 807/126/275 810/33/275 801/125/275
f 319/129/51 165/101/51 177/47/51
f 183/83/276 197/104/277 195/85/278
f 168/45/279 176/46/279 170/70/279
f 748/35/43 759/93/43 752/11/43
f 161/192/280 1/101/280 3/159/280
f 737/37/17 744/38/17 733/39/17
f 251/6/281 173/193/282 171/155/283
f 735/122/284 749/41/284 737/37/284
f 662/156/157 721/13/157 710/87/157
f 197/104/285 232/150/286 221/151/287
f 708/25/288 723/64/288 712/24/288
f 374/194/289 360/195/290 359/196/291
f 416/179/292 415/197/292 417/198/292
f 357/199/293 356/200/294 358/201/295
f 374/202/296 373/203/297 371/204/298
f 336/198/299 335/178/299 337/197/299
f 409/205/300 408/206/301 410/207/302
f 208/160/303 209/66/303 219/180/303
f 721/13/265 729/14/265 730/15/265
f 359/196/304 454/208/305 387/203/306
f 54/25/252 51/158/252 60/116/252
f 812/91/145 813/176/145 803/48/145
f 726/171/119 720/23/119 716/118/119
f 233/64/214 235/145/214 241/123/214
f 459/209/307 425/195/308 427/210/308
f 341/184/309 413/211/310 414/212/310
f 427/213/311 442/214/312 414/215/313
f 445/216/314 381/217/315 446/218/316
f 462/196/317 374/194/318 425/195/319
f 489/166/320 472/166/320 516/166/320
f 420/219/321 419/220/322 421/221/323
f 381/217/324 358/201/325 446/218/325
f 462/196/326 373/203/327 374/222/328
f 431/223/329 448/224/330 445/216/330
f 334/225/331 343/226/332 344/227/333
f 420/184/334 453/211/335 436/212/336
f 813/176/337 658/45/337 816/49/337
f 330/228/338 409/205/338 411/229/338
f 389/230/339 364/231/340 418/232/340
f 392/233/341 391/234/342 393/235/343
f 441/236/344 444/237/345 440/238/346
f 362/239/347 361/240/348 363/241/349
f 372/208/350 371/204/351 373/203/352
f 433/164/353 443/242/353 444/243/353
f 455/244/354 445/216/354 446/218/354
f 380/245/355 447/246/356 374/247/357
f 380/245/358 448/248/359 447/249/360
f 365/250/361 364/231/362 366/251/363
f 508/166/364 529/166/364 533/166/364
f 406/252/365 360/195/366 374/253/367
f 356/200/368 372/254/369 396/255/370
f 368/256/371 412/257/371 350/258/371
f 436/259/372 407/260/373 419/220/374
f 350/261/375 379/262/376 352/263/376
f 351/264/377 350/261/377 352/263/377
f 863/166/378 864/166/378 865/166/378
f 430/177/379 408/206/380 385/265/380
f 335/266/381 333/265/381 456/206/381
f 830/166/382 846/166/382 823/166/382
f 396/267/383 339/183/383 440/238/383
f 861/166/384 865/166/384 874/166/384
f 413/227/385 427/213/386 414/215/387
f 419/220/388 405/268/388 431/223/388
f 439/269/389 415/197/389 441/236/389
f 330/228/390 329/243/390 331/164/390
f 344/270/391 382/271/392 422/177/393
f 377/272/394 376/273/395 365/250/396
f 399/274/397 363/241/397 361/240/397
f 387/203/398 374/222/399 359/196/400
f 360/195/401 375/209/402 359/196/403
f 454/275/404 425/195/405 387/252/406
f 423/276/407 332/277/408 429/278/409
f 843/166/410 828/166/410 845/166/410
f 410/279/411 411/280/412 409/205/413
f 458/263/414 369/281/415 377/264/415
f 438/282/416 389/230/416 363/241/416
f 343/226/417 342/283/418 344/227/418
f 442/214/419 341/284/420 414/215/421
f 459/209/422 373/203/423 462/196/424
f 400/285/425 458/263/426 377/264/427
f 403/236/428 402/183/429 404/269/429
f 389/230/430 362/239/431 363/241/431
f 557/166/432 488/166/433 515/166/433
f 392/233/434 389/230/434 450/286/434
f 332/287/435 430/177/436 428/270/437
f 385/244/438 400/216/439 401/288/439
f 411/229/440 424/242/440 330/228/440
f 329/243/441 431/289/442 445/290/443
f 391/234/444 351/291/445 393/235/446
f 403/280/447 341/184/448 451/292/449
f 457/271/450 426/179/451 430/177/452
f 357/293/453 371/249/454 461/248/455
f 413/227/456 372/254/456 459/294/456
f 434/165/457 349/228/458 433/164/458
f 533/166/459 477/166/459 476/166/459
f 362/239/460 423/276/461 429/278/462
f 390/295/463 343/226/464 423/276/465
f 340/182/466 337/296/467 370/207/468
f 365/250/469 400/216/469 377/272/469
f 386/261/470 355/262/471 458/263/472
f 409/205/473 355/262/473 384/297/473
f 348/163/474 345/229/475 349/228/476
f 368/221/477 367/298/478 369/299/477
f 419/300/479 424/242/480 421/301/480
f 392/233/481 394/302/481 395/303/481
f 374/304/482 371/249/483 338/305/484
f 440/238/485 439/269/486 441/236/486
f 437/178/487 434/306/488 415/197/489
f 425/195/490 374/307/491 387/252/492
f 111/187/179 112/120/179 100/147/179
f 376/273/493 418/232/494 365/250/494
f 442/214/495 375/308/496 453/309/497
f 337/197/498 404/269/499 336/198/500
f 416/179/501 333/265/502 422/177/503
f 429/278/504 428/201/505 361/240/506
f 400/216/507 399/274/508 401/288/509
f 329/310/510 345/311/510 331/164/510
f 385/265/511 384/266/511 386/312/512
f 440/313/513 356/200/514 396/255/515
f 380/245/516 357/293/517 381/314/518
f 374/304/519 447/249/520 460/305/521
f 456/206/522 417/198/522 370/207/522
f 435/182/523 421/292/523 411/280/523
f 405/293/524 447/249/524 448/248/524
f 347/205/525 379/262/525 412/297/525
f 334/315/526 422/177/527 333/265/528
f 401/288/529 361/240/530 428/201/529
f 397/316/531 394/302/532 398/317/532
f 433/318/533 415/197/534 434/306/535
f 378/319/536 342/283/537 432/214/537
f 393/235/538 432/214/538 394/302/539
f 453/309/540 452/320/541 436/259/542
f 333/313/543 332/277/544 334/225/545
f 352/263/546 432/281/546 351/264/546
f 406/245/547 374/321/548 460/305/549
f 107/54/550 139/103/550 137/162/550
f 864/166/551 870/166/551 857/166/551
f 389/230/552 395/303/553 397/316/553
f 376/273/554 367/298/555 391/234/556
f 340/182/557 339/183/557 341/184/557
f 109/140/558 97/28/558 105/93/558
f 391/234/559 449/322/560 376/273/561
f 444/243/562 358/289/563 356/290/564
f 428/270/565 385/265/566 401/315/567
f 455/301/568 349/228/569 345/229/570
f 426/179/571 410/207/572 408/206/572
f 435/182/573 336/198/574 404/269/574
f 389/230/575 449/322/576 450/286/576
f 380/245/577 374/321/578 338/305/579
f 370/207/580 335/266/580 456/206/580
f 93/4/581 87/6/582 75/14/583
f 275/187/584 173/193/585 251/6/199
f 24/175/586 38/61/83 39/60/587
f 55/180/588 75/14/589 7/155/590
f 115/119/591 9/323/592 107/54/592
f 25/168/593 23/185/594 138/75/595
f 685/85/596 678/108/173 674/133/173
f 47/106/597 68/150/598 24/324/599
f 271/54/588 173/188/589 279/119/589
f 171/155/600 239/14/601 251/6/602
f 729/14/603 663/82/604 747/4/604
f 184/133/55 188/324/605 197/104/605
f 260/26/606 188/325/607 302/75/597
f 256/40/284 268/21/284 266/36/284
f 287/111/90 272/149/90 281/110/90
f 476/166/608 508/166/608 533/166/608
f 516/166/609 474/166/609 534/166/609
f 280/19/136 263/20/136 274/30/136
f 470/166/610 525/166/610 501/166/610
f 535/166/611 544/166/611 545/166/611
f 299/17/153 306/102/153 297/161/153
f 234/42/612 237/43/612 235/145/612
f 549/166/613 500/166/613 512/166/613
f 496/166/614 544/166/614 493/166/614
f 463/166/615 464/166/615 465/166/615
f 466/166/616 467/166/616 468/166/616
f 469/166/617 470/166/617 471/166/617
f 660/70/618 667/47/618 658/45/618
f 851/166/619 852/166/619 853/166/619
f 525/166/620 549/166/620 547/166/620
f 289/124/73 296/81/73 294/80/73
f 540/166/621 485/166/621 542/166/621
f 310/3/46 296/81/46 305/22/46
f 389/230/622 388/326/623 390/295/623
f 543/166/624 554/166/624 522/166/624
f 326/49/30 318/88/30 319/129/30
f 527/166/625 528/166/625 529/166/625
f 512/166/626 548/166/626 549/166/626
f 520/166/627 498/166/627 505/166/627
f 183/83/628 193/84/628 178/132/628
f 465/166/629 517/166/629 463/166/629
f 504/166/630 505/166/630 497/166/630
f 247/37/89 254/38/89 259/41/89
f 550/166/631 553/166/631 525/166/631
f 211/106/32 217/148/32 210/105/32
f 495/166/632 496/166/632 493/166/632
f 268/21/17 254/38/17 263/20/17
f 828/166/633 829/166/633 830/166/633
f 241/123/60 246/10/60 244/34/60
f 486/166/634 541/166/634 509/166/634
f 170/70/21 185/59/21 169/128/21
f 219/180/592 171/155/635 173/138/636
f 485/166/637 486/166/638 487/166/639
f 477/166/640 534/166/641 474/166/640
f 515/166/642 489/166/643 516/166/644
f 313/48/24 306/102/24 316/50/24
f 730/15/645 715/117/645 721/13/645
f 483/166/646 520/166/646 484/166/646
f 497/166/647 498/166/647 499/166/647
f 480/166/648 481/166/648 467/166/648
f 473/166/649 515/166/649 490/166/649
f 257/4/650 264/147/650 275/187/650
f 267/92/107 273/140/107 272/149/107
f 475/166/651 490/166/651 491/166/651
f 555/166/652 523/166/652 554/166/652
f 517/166/653 467/166/653 463/166/653
f 290/77/67 285/78/67 292/173/67
f 200/170/29 210/105/29 214/189/29
f 498/166/654 482/166/654 518/166/654
f 501/166/655 547/166/655 483/166/655
f 506/166/656 507/166/656 508/166/656
f 542/166/657 487/166/658 558/166/658
f 820/166/659 827/166/659 821/166/659
f 231/13/59 223/86/59 225/117/59
f 286/51/39 288/112/39 293/53/39
f 510/166/660 487/166/660 488/166/660
f 327/174/105 313/48/105 323/176/105
f 731/123/115 736/10/115 725/145/115
f 681/73/661 668/132/661 664/135/661
f 290/18/122 297/161/122 288/16/122
f 788/68/662 781/76/662 779/124/662
f 478/166/663 470/166/663 479/166/663
f 298/68/134 309/7/134 307/172/134
f 481/166/664 537/166/664 556/166/664
f 482/166/665 483/166/665 484/166/665
f 502/166/666 478/166/666 503/166/666
f 231/13/667 239/14/667 171/155/667
f 286/51/645 278/98/645 282/113/645
f 729/14/264 740/5/264 730/15/264
f 486/166/668 511/166/668 489/166/668
f 759/93/146 743/62/146 752/11/146
f 451/238/669 453/211/670 402/183/671
f 500/166/672 470/166/672 501/166/672
f 406/245/673 405/293/674 407/314/675
f 533/166/676 491/166/676 546/166/676
f 300/69/677 289/124/677 291/76/677
f 511/166/678 557/166/678 472/166/678
f 257/4/92 250/5/92 252/121/92
f 507/166/679 527/166/680 508/166/680
f 579/166/681 567/166/681 628/166/681
f 516/166/682 490/166/682 515/166/682
f 499/166/683 503/166/683 497/166/683
f 534/166/684 491/166/684 490/166/684
f 528/166/685 506/166/685 476/166/685
f 464/166/686 513/166/686 514/166/686
f 808/88/1 800/3/1 798/1/1
f 209/66/23 172/156/23 219/180/23
f 509/166/687 542/166/687 558/166/687
f 592/166/688 606/166/688 621/166/688
f 583/166/689 636/166/689 627/166/689
f 305/22/690 317/126/690 315/134/690
f 554/166/691 468/166/691 555/166/691
f 856/166/692 881/166/692 879/166/692
f 212/97/133 218/25/133 207/142/133
f 213/67/693 220/87/693 209/66/693
f 734/34/222 744/38/222 745/143/222
f 564/166/694 565/166/694 566/166/694
f 566/166/695 599/166/695 651/166/695
f 650/166/696 580/166/696 649/166/696
f 570/166/697 571/166/697 572/166/697
f 328/31/77 179/32/77 175/136/77
f 585/166/698 566/166/698 565/166/698
f 614/166/699 617/166/700 618/166/699
f 563/166/701 590/166/701 562/166/701
f 90/38/702 101/115/702 91/143/702
f 166/100/703 175/136/703 174/135/703
f 590/166/704 616/166/704 562/166/704
f 653/166/705 593/166/705 651/166/705
f 626/166/706 583/166/706 627/166/706
f 178/132/81 184/133/81 183/83/81
f 795/22/144 807/126/144 797/172/144
f 632/166/707 602/166/707 635/166/707
f 591/166/708 592/166/708 570/166/708
f 580/166/709 568/166/709 649/166/709
f 252/121/63 266/36/63 264/147/63
f 574/166/710 644/166/710 645/166/710
f 197/104/53 210/105/53 196/157/53
f 263/20/64 277/114/64 274/30/64
f 240/15/113 225/117/113 242/146/113
f 770/19/13 775/78/13 764/30/13
f 303/103/28 297/161/28 306/102/28
f 605/166/711 623/166/711 653/166/711
f 636/166/712 625/166/712 627/166/712
f 611/166/713 612/166/713 613/166/713
f 607/166/714 643/166/714 586/166/714
f 230/23/114 222/24/114 233/64/114
f 577/166/715 588/166/715 589/166/715
f 611/166/716 619/166/716 654/166/716
f 654/166/717 645/166/717 652/166/717
f 205/139/718 206/57/718 208/160/718
f 325/192/719 165/101/719 321/130/719
f 591/166/720 572/166/720 637/166/720
f 582/166/721 583/166/721 584/166/721
f 272/149/722 284/152/722 281/110/722
f 582/166/723 625/166/723 640/166/723
f 643/166/724 576/166/724 578/166/724
f 642/166/725 646/166/725 633/166/725
f 266/36/726 280/19/726 278/98/726
f 569/166/727 616/166/727 631/166/727
f 619/166/728 620/166/728 575/166/728
f 224/116/729 225/117/729 223/86/729
f 294/109/101 281/110/101 289/153/101
f 576/166/730 577/166/730 578/166/730
f 633/166/731 647/166/731 634/166/731
f 292/169/252 299/17/252 290/18/252
f 201/94/1 194/95/1 204/96/1
f 171/155/732 220/87/732 231/13/732
f 226/118/13 238/63/13 236/171/13
f 242/146/47 226/118/47 236/171/47
f 215/158/118 204/96/118 207/142/118
f 787/161/6 780/18/6 778/16/6
f 640/166/733 618/166/733 582/166/733
f 596/166/734 597/166/734 585/166/734
f 834/166/735 824/166/735 823/166/735
f 569/166/736 563/166/736 559/166/736
f 597/166/737 564/166/737 600/166/737
f 610/166/738 595/166/738 594/166/738
f 652/166/739 644/166/739 598/166/739
f 618/166/740 579/166/740 630/166/740
f 570/166/741 621/166/741 612/166/741
f 629/166/742 618/166/742 630/166/742
f 612/166/743 620/166/743 613/166/743
f 569/166/744 628/166/744 567/166/745
f 632/166/746 633/166/746 634/166/746
f 562/166/747 641/166/747 626/166/747
f 601/166/748 605/166/748 648/166/748
f 565/166/749 596/166/749 585/166/749
f 274/30/27 287/111/27 285/78/27
f 181/79/154 170/70/154 169/128/154
f 176/46/71 165/101/71 180/99/71
f 845/166/750 830/166/750 822/166/750
f 222/24/57 234/42/57 233/64/57
f 731/123/64 733/39/64 734/34/64
f 585/166/751 600/166/751 639/166/751
f 573/166/752 574/166/752 575/166/752
f 236/171/7 243/39/7 247/37/7
f 586/166/753 578/166/753 587/166/753
f 791/162/120 778/16/120 783/55/120
f 194/95/8 198/72/8 204/96/8
f 756/36/16 770/19/16 758/21/16
f 571/166/754 638/166/754 606/166/754
f 776/51/755 717/52/755 783/53/755
f 294/80/85 295/144/85 292/169/85
f 586/166/756 622/166/756 637/166/756
f 309/7/757 302/75/757 304/9/757
f 655/101/719 656/100/719 657/159/719
f 285/78/9 294/109/9 292/173/9
f 567/166/758 568/166/758 569/166/758
f 284/152/759 187/167/759 291/154/759
f 773/29/760 782/173/760 775/78/760
f 236/171/761 245/122/761 242/146/761
f 623/166/762 624/166/762 594/166/762
f 698/160/223 663/190/224 709/180/224
f 816/49/279 667/47/279 809/129/279
f 754/147/763 768/98/763 756/36/763
f 695/139/764 659/128/764 672/137/764
f 204/96/121 212/97/121 207/142/121
f 650/166/765 567/166/765 617/166/765
f 803/48/52 796/102/52 793/103/52
f 745/143/86 757/92/86 748/35/86
f 732/146/94 716/118/94 715/117/94
f 668/132/75 674/133/75 669/32/75
f 651/166/766 564/166/766 566/166/766
f 199/65/767 209/66/767 206/57/767
f 308/1/45 312/2/45 318/88/45
f 814/107/55 678/108/768 804/8/768
f 603/166/769 634/166/769 647/166/769
f 740/5/770 732/146/770 730/15/770
f 718/181/167 761/54/168 717/52/771
f 770/19/7 753/20/7 758/21/7
f 759/93/772 762/149/772 763/140/772
f 599/166/773 600/166/773 595/166/773
f 308/1/270 316/50/270 306/102/270
f 237/43/558 203/60/558 249/12/558
f 246/10/80 237/43/80 249/12/80
f 207/142/88 224/116/88 215/158/88
f 248/127/70 323/176/70 181/79/70
f 805/134/76 818/31/76 807/126/76
f 785/144/774 795/22/774 786/81/774
f 246/10/775 262/11/775 258/35/775
f 657/159/116 664/135/116 665/136/116
f 713/86/61 716/118/61 714/116/61
f 809/129/71 655/101/71 811/130/71
f 774/152/104 750/26/104 763/140/104
f 315/134/111 328/31/111 325/192/111
f 664/135/111 680/74/111 681/73/111
f 739/12/776 692/61/776 727/43/776
f 312/2/143 305/22/143 315/134/143
f 249/12/146 253/62/146 262/11/146
f 492/166/777 522/166/777 524/166/777
f 767/114/778 757/92/778 755/115/778
f 526/166/779 479/166/779 469/166/779
f 773/29/729 778/112/729 780/77/729
f 794/9/780 678/186/188 792/75/188
f 749/41/274 756/36/274 758/21/274
f 719/44/112 692/61/112 722/150/112
f 686/157/757 701/106/757 687/104/757
f 217/148/260 232/150/260 229/44/260
f 325/192/116 175/136/116 167/159/116
f 181/79/34 326/49/34 168/45/34
f 388/326/781 398/317/781 343/226/781
f 472/166/782 473/166/782 474/166/782
f 688/72/141 704/189/141 690/170/141
f 320/33/75 184/133/75 179/32/75
f 810/33/81 674/133/81 814/107/81
f 502/166/783 469/166/783 531/166/783
f 252/121/87 245/122/87 256/40/87
f 663/191/193 817/174/238 812/91/238
f 710/87/256 703/67/256 699/66/256
f 217/148/662 214/189/662 210/105/662
f 481/166/784 513/166/784 552/166/784
f 313/48/44 326/49/44 323/176/44
f 240/15/109 245/122/109 250/5/109
f 688/72/31 681/73/31 680/74/31
f 228/181/785 271/54/786 279/119/787
f 665/136/14 810/33/14 818/31/14
f 672/137/788 663/138/79 695/139/79
f 726/171/136 733/39/136 728/63/136
f 723/64/101 706/131/101 712/24/101
f 754/147/789 746/40/789 742/121/789
f 665/136/790 668/132/790 669/32/790
f 706/131/95 719/44/95 707/148/95
f 768/98/791 773/29/791 770/19/791
f 738/127/792 813/176/792 817/174/792
f 540/166/793 541/166/793 506/166/793
f 738/127/794 659/128/794 671/79/794
f 299/17/108 310/3/108 308/1/108
f 189/168/795 302/75/796 187/185/797
f 724/42/798 727/43/798 719/44/798
f 663/89/799 760/90/163 761/54/163
f 682/71/45 694/96/45 684/95/45
f 685/85/125 686/157/125 687/104/125
f 785/144/133 784/80/133 782/169/133
f 474/166/800 475/166/800 477/166/800
f 723/64/90 725/145/90 724/42/90
f 753/20/99 767/114/99 755/115/99
f 765/187/801 663/188/200 769/119/200
f 716/118/802 708/25/802 714/116/802
f 776/51/59 778/112/59 772/113/59
f 695/139/84 696/57/84 675/59/84
f 161/192/703 11/136/703 164/31/703
f 769/119/803 754/147/803 765/187/803
f 379/262/804 378/327/805 352/263/805
f 346/165/806 345/311/806 347/328/806
f 658/45/807 659/128/807 660/70/807
f 767/114/98 775/78/98 777/111/98
f 780/18/88 785/144/88 782/169/88
f 552/166/808 545/166/808 496/166/808
f 703/67/153 691/94/153 689/65/153
f 798/1/198 806/50/198 808/88/198
f 4/45/279 155/129/279 162/49/279
f 666/46/809 655/101/809 667/47/809
f 747/4/810 754/147/810 742/121/810
f 675/59/24 689/65/24 676/58/24
f 719/44/759 711/151/759 707/148/759
f 521/166/811 498/166/811 518/166/811
f 87/6/812 76/15/812 75/14/812
f 816/49/813 808/88/813 806/50/813
f 688/72/814 697/142/814 702/97/814
f 158/91/718 139/103/718 106/90/718
f 766/120/113 772/113/113 768/98/113
f 682/71/69 670/99/69 666/46/69
f 800/3/8 805/134/8 795/22/8
f 811/130/140 805/134/140 802/2/140
f 726/171/138 735/122/138 737/37/138
f 696/57/28 703/67/28 689/65/28
f 788/68/29 799/7/29 790/69/29
f 865/166/815 875/166/815 877/166/815
f 686/157/134 704/189/134 700/105/134
f 304/9/816 188/186/596 314/8/596
f 761/54/817 783/55/817 717/56/817
f 747/4/2 740/5/2 741/6/2
f 57/151/181 46/105/181 53/148/181
f 799/7/818 792/75/818 790/69/818
f 458/263/819 353/329/819 368/327/819
f 446/300/820 443/242/820 455/301/821
f 706/131/822 700/105/822 704/189/822
f 348/163/823 383/329/824 379/262/825
f 797/172/139 801/125/139 799/7/139
f 808/88/72 811/130/72 802/2/72
f 795/22/147 788/68/147 786/81/147
f 812/91/826 793/103/826 760/90/826
f 668/132/827 685/85/827 673/83/827
f 804/8/828 810/33/828 814/107/828
f 799/7/3 804/8/3 794/9/3
f 407/275/829 360/195/829 406/252/829
f 806/50/830 813/176/830 816/49/830
f 398/317/831 432/214/831 342/283/831
f 829/166/832 833/166/832 842/166/832
f 657/159/703 818/31/703 815/192/703
f 758/21/833 744/38/833 749/41/833
f 815/192/49 655/101/49 657/159/49
f 709/180/166 696/57/166 698/160/166
f 670/99/48 680/74/48 656/100/48
f 842/166/834 845/166/834 822/166/834
f 748/35/4 739/12/4 736/10/4
f 679/168/286 792/75/835 678/141/836
f 661/155/837 709/180/838 663/193/839
f 722/150/840 678/175/841 711/151/841
f 687/104/816 711/151/842 678/324/596
f 745/143/15 736/10/15 734/34/15
f 713/86/122 705/158/122 703/67/122
f 238/63/98 233/64/98 241/123/98
f 819/166/843 820/166/843 821/166/843
f 364/231/844 399/274/844 366/251/844
f 417/198/845 340/182/845 370/207/845
f 827/166/846 840/166/846 848/166/846
f 821/166/847 848/166/847 835/166/847
f 847/166/848 822/166/848 824/166/848
f 832/166/849 838/166/849 825/166/849
f 843/166/850 825/166/850 820/166/850
f 825/166/851 826/166/851 827/166/851
f 168/45/20 319/129/20 177/47/20
f 843/166/852 850/166/852 837/166/852
f 837/166/853 831/166/853 828/166/853
f 826/166/854 850/166/854 819/166/854
f 624/166/855 601/166/855 648/166/855
f 581/166/856 630/166/856 579/166/856
f 846/166/857 842/166/857 847/166/857
f 195/85/858 196/157/858 193/84/858
f 823/166/859 844/166/859 834/166/859
f 844/166/860 841/166/860 834/166/860
f 824/166/861 849/166/861 847/166/861
f 877/166/862 862/166/862 854/166/862
f 857/166/863 858/166/863 859/166/863
f 840/166/864 819/166/864 841/166/864
f 509/166/865 510/166/865 511/166/865
f 822/166/866 823/166/866 824/166/866
f 833/166/867 843/166/867 845/166/867
f 835/166/868 849/166/868 836/166/868
f 876/166/869 879/166/869 881/166/869
f 837/166/870 838/166/870 839/166/870
f 531/166/871 471/166/871 532/166/871
f 875/166/872 860/166/872 877/166/872
f 118/113/729 126/77/729 119/29/729
f 711/151/181 700/105/181 707/148/181
f 874/166/873 877/166/873 854/166/873
f 383/330/874 382/271/874 378/331/874
f 866/166/875 867/166/875 868/166/875
f 875/166/876 882/166/876 869/166/876
f 848/166/877 844/166/877 849/166/877
f 555/166/878 492/166/878 494/166/878
f 834/166/879 835/166/879 836/166/879
f 492/166/880 493/166/880 494/166/880
f 872/166/881 851/166/881 873/166/881
f 853/166/882 873/166/882 851/166/882
f 866/166/883 856/166/883 855/166/883
f 530/166/884 521/166/884 504/166/884
f 862/166/885 878/166/885 855/166/885
f 876/166/886 873/166/886 866/166/886
f 880/166/887 876/166/887 881/166/887
f 855/166/888 876/166/888 866/166/888
f 52/131/822 46/105/822 50/189/822
f 412/257/889 346/165/889 347/328/889
f 561/166/890 625/166/890 584/166/890
f 740/5/891 746/40/891 735/122/891
f 869/166/892 870/166/892 871/166/892
f 878/166/893 874/166/893 879/166/893
f 852/166/894 859/166/894 853/166/894
f 860/166/895 861/166/895 862/166/895
f 879/166/896 854/166/896 856/166/896
f 642/166/897 608/166/897 596/166/897
f 854/166/898 855/166/898 856/166/898
f 354/163/899 353/329/899 355/262/899
f 867/166/900 881/166/900 868/166/900
f 540/166/901 527/166/901 485/166/901
f 510/166/902 558/166/902 487/166/902
f 769/119/591 663/323/903 761/54/903
f 679/168/904 677/185/595 792/75/595
f 31/85/905 24/108/173 20/133/173
f 661/155/906 662/156/907 709/180/786
f 750/26/836 678/27/25 743/62/25
f 687/104/908 701/106/909 711/151/909
f 858/166/910 882/166/910 851/166/910
f 144/1/1 154/88/1 148/2/1
f 93/4/1124 88/121/1124 86/5/1124
f 145/7/858 147/125/858 150/8/858
f 82/10/232 94/35/232 98/11/232
f 67/13/5 7/155/5 75/14/5
f 124/16/6 133/161/6 135/17/6
f 116/19/7 110/30/7 99/20/7
f 148/2/8 151/134/8 141/22/8
f 66/23/9 69/64/9 58/24/9
f 96/26/836 25/168/158 24/27/11
f 119/29/13 121/78/13 110/30/13
f 164/31/1125 11/136/1125 15/32/1125
f 80/34/15 91/143/15 94/35/15
f 102/36/761 114/98/761 116/19/761
f 83/37/1126 95/41/1126 90/38/1126
f 92/40/274 102/36/274 104/21/274
f 70/42/722 71/145/722 73/43/722
f 4/45/618 6/70/618 12/46/618
f 149/48/21 159/176/21 162/49/21
f 122/51/755 64/181/755 63/52/755
f 107/54/23 137/162/23 129/55/23
f 42/57/24 35/65/24 22/58/24
f 202/61/836 232/150/286 188/27/1127
f 188/27/25 253/62/25 203/60/1128
f 739/12/26 752/11/26 743/62/26
f 74/63/27 77/123/27 69/64/27
f 35/65/28 42/57/28 45/66/28
f 134/68/29 143/172/29 145/7/29
f 6/70/1129 22/58/1129 28/71/1129
f 34/72/31 36/170/31 27/73/31
f 138/75/32 23/185/32 127/76/32
f 126/77/33 128/173/33 121/78/33
f 17/79/1130 5/128/1130 6/70/1130
f 134/68/35 125/124/35 130/80/35
f 19/83/170 14/132/170 29/84/170
f 67/13/39 61/117/39 59/86/39
f 162/49/813 155/129/813 154/88/813
f 173/89/224 271/54/224 270/90/223
f 98/11/775 94/35/775 103/92/775
f 6/70/44 5/128/44 21/59/44
f 37/94/45 40/96/45 30/95/45
f 40/96/46 43/142/46 48/97/46
f 114/98/1131 118/113/1131 119/29/1131
f 16/99/48 30/95/48 26/74/48
f 165/101/280 167/159/280 166/100/280
f 59/86/50 49/67/50 45/66/50
f 12/46/809 16/99/809 1/101/809
f 149/48/52 152/50/52 142/102/52
f 145/7/818 140/9/818 138/75/818
f 33/104/54 32/157/54 46/105/54
f 160/107/55 20/133/55 24/108/56
f 130/109/57 125/153/57 117/110/57
f 83/37/284 81/122/284 92/40/284
f 122/51/59 129/53/59 124/112/59
f 113/114/60 108/149/60 103/92/60
f 60/116/61 59/86/61 61/117/61
f 115/119/62 64/181/62 122/51/62
f 88/121/1132 92/40/1132 81/122/1132
f 77/123/64 74/63/64 79/39/64
f 134/68/65 136/69/65 127/76/65
f 73/43/1133 85/12/1133 39/60/1133
f 60/116/67 62/118/67 66/23/67
f 164/31/1134 156/33/1134 147/125/1134
f 28/71/69 30/95/69 16/99/69
f 84/127/794 18/137/794 5/128/794
f 155/129/1135 13/47/1135 1/101/1135
f 154/88/72 155/129/72 157/130/72
f 52/131/73 50/189/73 48/97/73
f 144/1/74 142/102/74 152/50/74
f 14/132/75 19/83/75 20/133/75
f 151/134/76 161/192/76 164/31/76
f 10/135/790 14/132/790 15/32/790
f 18/137/78 84/127/78 9/138/271
f 103/92/1136 108/149/1136 109/140/1136
f 156/33/81 15/32/81 20/133/81
f 261/28/82 253/62/82 188/141/83
f 41/139/84 44/160/84 42/57/84
f 58/24/85 48/97/85 43/142/85
f 101/115/86 103/92/86 94/35/86
f 88/121/1137 100/147/1137 102/36/1137
f 131/144/88 128/169/88 126/18/88
f 104/21/833 99/20/833 90/38/833
f 69/64/90 77/123/90 71/145/90
f 76/15/91 86/5/91 81/122/91
f 93/4/1138 111/187/1138 100/147/1138
f 22/58/270 35/65/270 37/94/270
f 78/146/1139 72/171/1139 62/118/1139
f 52/131/95 70/42/95 65/44/95
f 123/111/214 117/110/214 108/149/214
f 53/148/759 65/44/759 68/150/759
f 110/30/98 121/78/98 123/111/98
f 99/20/99 110/30/99 113/114/99
f 120/152/1140 117/110/1140 125/153/1140
f 58/24/101 69/64/101 70/42/101
f 108/149/612 117/110/612 120/152/612
f 7/155/1141 67/13/1141 56/87/1141
f 120/152/104 25/168/104 96/26/104
f 18/137/1142 41/139/1142 21/59/1142
f 27/73/263 36/170/263 32/157/263
f 82/10/1143 85/12/1143 73/43/1143
f 51/158/108 43/142/108 40/96/108
f 112/120/109 114/98/109 102/36/109
f 759/93/1144 763/140/1144 750/26/1144
f 10/135/111 2/100/111 26/74/111
f 65/44/175 73/43/175 38/61/175
f 122/51/113 118/113/113 114/98/113
f 121/78/114 128/173/114 130/109/114
f 77/123/115 80/34/115 82/10/115
f 2/100/116 10/135/116 11/136/116
f 44/160/1145 55/180/1145 45/66/1145
f 135/17/118 144/1/118 146/3/118
f 62/118/119 72/171/119 74/63/119
f 133/161/120 124/16/120 129/55/120
f 146/3/121 141/22/121 132/81/121
f 59/86/122 60/116/122 51/158/122
f 139/103/123 142/102/123 133/161/123
f 792/75/32 677/185/32 781/76/32
f 135/17/124 133/161/124 142/102/124
f 31/85/125 29/84/125 32/157/125
f 354/163/1146 330/228/1146 331/164/1146
f 552/166/127 496/166/127 539/166/127
f 120/152/1147 127/154/1147 23/167/1147
f 487/166/129 486/166/130 489/166/130
f 76/15/645 78/146/645 61/117/645
f 131/144/133 132/81/133 130/80/133
f 36/170/134 50/189/134 46/105/134
f 10/135/1148 27/73/1148 29/84/1148
f 72/171/136 83/37/136 79/39/136
f 869/166/1149 871/166/1149 863/166/1149
f 85/12/26 98/11/26 89/62/26
f 72/171/726 78/146/726 81/122/726
f 720/23/27 728/63/27 731/123/27
f 143/172/139 153/126/139 147/125/139
f 721/13/39 715/117/39 713/86/39
f 157/130/140 161/192/140 151/134/140
f 48/97/141 50/189/141 36/170/141
f 777/111/142 775/78/142 782/173/142
f 30/95/143 40/96/143 34/72/143
f 141/22/1150 151/134/1150 153/126/1150
f 163/174/1151 159/176/1151 149/48/1151
f 105/93/146 97/28/146 89/62/146
f 132/81/147 141/22/147 143/172/147
f 678/175/83 692/61/83 693/60/82
f 84/127/1152 17/79/1152 159/176/1152
f 422/177/150 382/271/1153 437/178/150
f 1/101/719 16/99/719 2/100/719
f 273/140/1133 269/93/1133 261/28/1133
f 35/65/153 49/67/153 51/158/153
f 17/79/1154 4/45/1154 162/49/1154
f 269/93/26 262/11/26 253/62/26
f 147/125/628 156/33/628 160/107/628
f 8/156/156 56/87/156 45/66/156
f 286/51/1155 293/53/1155 227/52/1155
f 248/127/1152 181/79/1152 169/128/1152
f 180/99/140 166/100/140 190/74/140
f 284/152/1156 291/154/1156 289/153/1156
f 9/89/162 158/91/162 106/90/1157
f 309/7/1158 304/9/1158 314/8/1158
f 625/166/164 560/166/164 626/166/164
f 435/182/1159 404/269/1159 402/183/1159
f 271/54/1160 301/162/1160 303/103/1160
f 64/181/167 115/119/167 107/54/168
f 311/125/38 314/8/38 324/107/38
f 80/34/222 79/39/222 90/38/222
f 324/107/1161 314/8/1161 188/108/173
f 241/123/99 244/34/99 243/39/99
f 493/166/174 544/166/174 523/166/174
f 276/120/91 264/147/91 266/36/91
f 284/152/112 273/140/112 260/26/112
f 318/88/69 312/2/69 321/130/69
f 551/166/176 555/166/176 468/166/176
f 691/94/177 705/158/177 697/142/177
f 244/34/86 246/10/86 258/35/86
f 501/166/178 483/166/178 512/166/178
f 251/6/1162 239/14/1162 240/15/1162
f 875/166/180 864/166/180 857/166/180
f 212/97/35 214/189/35 216/131/35
f 187/185/181 302/75/181 300/69/181
f 522/166/182 554/166/182 523/166/182
f 793/103/123 796/102/123 787/161/123
f 538/166/1163 537/166/1163 539/166/1163
f 694/96/143 688/72/143 680/74/143
f 553/166/184 532/166/184 471/166/184
f 480/166/1164 465/166/1164 464/166/1164
f 277/114/115 265/115/115 267/92/115
f 278/98/1139 280/19/1139 283/29/1139
f 503/166/186 478/166/186 479/166/186
f 140/9/780 150/8/780 24/186/188
f 475/166/189 528/166/189 476/166/189
f 725/145/190 736/10/190 739/12/190
f 859/166/191 858/166/191 872/166/191
f 248/127/193 182/137/1165 205/139/1166
f 205/139/192 208/160/1167 173/138/1168
f 463/166/194 467/166/194 481/166/194
f 535/166/195 539/166/195 495/166/195
f 497/166/196 503/166/196 530/166/196
f 523/166/197 544/166/197 536/166/197
f 174/135/1134 178/132/1134 193/84/1134
f 186/58/1169 192/71/1169 201/94/1169
f 111/187/199 93/4/199 9/188/1170
f 547/166/201 549/166/201 548/166/201
f 518/166/1171 482/166/1171 484/166/1171
f 504/166/1172 521/166/1172 518/166/1172
f 763/140/102 762/149/102 771/110/102
f 229/44/104 232/150/104 202/61/104
f 543/166/1173 522/166/1173 551/166/1173
f 89/62/25 97/28/1174 24/175/1175
f 564/166/207 593/166/207 595/166/207
f 283/29/119 280/19/119 274/30/119
f 174/135/76 191/73/76 190/74/76
f 529/166/208 528/166/208 475/166/208
f 296/81/141 298/68/141 307/172/141
f 212/97/147 198/72/147 200/170/147
f 464/166/1176 556/166/1176 537/166/1176
f 550/166/1177 478/166/1177 531/166/1177
f 182/137/1151 169/128/1151 185/59/1151
f 536/166/212 495/166/212 492/166/212
f 301/162/156 271/54/156 227/56/156
f 505/166/213 519/166/213 484/166/213
f 777/111/214 771/110/214 762/149/214
f 282/113/61 283/29/61 290/77/61
f 545/166/215 513/166/215 538/166/215
f 199/65/124 201/94/124 215/158/124
f 615/166/216 636/166/216 629/166/216
f 798/1/217 800/3/217 785/144/217
f 594/166/1178 624/166/1178 648/166/1178
f 465/166/219 480/166/219 466/166/219
f 573/166/220 654/166/220 652/166/220
f 572/166/221 571/166/221 606/166/221
f 254/38/171 255/143/171 265/115/171
f 44/160/42 41/139/42 9/190/224
f 575/166/1179 620/166/1179 638/166/1179
f 821/166/226 835/166/226 841/166/226
f 559/166/227 563/166/227 560/166/227
f 224/116/33 218/25/33 230/23/33
f 621/166/1180 606/166/1180 638/166/1180
f 206/57/52 185/59/52 186/58/52
f 641/166/229 616/166/229 559/166/229
f 645/166/230 619/166/230 575/166/230
f 579/166/1181 628/166/1181 580/166/1181
f 262/11/4 269/93/4 267/92/4
f 224/116/6 223/86/6 213/67/6
f 608/166/1182 632/166/1182 609/166/1182
f 637/166/234 572/166/234 607/166/234
f 609/166/235 632/166/235 635/166/235
f 603/166/236 647/166/236 604/166/236
f 581/166/237 650/166/237 614/166/237
f 9/191/193 84/127/193 163/174/1183
f 216/131/239 217/148/239 229/44/239
f 622/166/1184 587/166/1184 589/166/1184
f 593/166/1185 623/166/1185 594/166/1185
f 191/73/1186 193/84/1186 196/157/1186
f 583/166/242 641/166/242 561/166/242
f 598/166/1187 644/166/1187 576/166/1187
f 170/70/813 176/46/813 192/71/813
f 588/166/244 652/166/244 598/166/244
f 648/166/1188 605/166/1188 653/166/1188
f 604/166/1189 647/166/1189 646/166/1189
f 562/166/247 626/166/247 560/166/247
f 601/166/248 642/166/248 602/166/248
f 174/135/1125 175/136/1125 179/32/1125
f 192/71/72 176/46/72 180/99/72
f 265/115/15 255/143/15 258/35/15
f 635/166/1190 602/166/1190 642/166/1190
f 610/166/1191 653/166/1191 651/166/1191
f 712/24/85 702/97/85 697/142/85
f 615/166/1192 614/166/1192 640/166/1192
f 705/158/252 714/116/252 708/25/252
f 637/166/1193 622/166/1193 576/166/1193
f 580/166/1194 628/166/1194 631/166/1194
f 638/166/1195 611/166/1195 654/166/1195
f 774/152/239 771/110/239 779/153/239
f 288/16/256 297/161/256 301/162/256
f 578/166/257 577/166/257 589/166/257
f 788/68/35 779/124/35 784/80/35
f 328/31/1148 317/126/1148 311/125/1148
f 787/161/124 796/102/124 798/1/124
f 706/131/73 704/189/73 702/97/73
f 307/172/263 309/7/263 311/125/263
f 853/166/1196 859/166/1196 880/166/1196
f 774/152/260 781/154/260 677/167/260
f 831/166/261 839/166/261 832/166/261
f 761/54/262 760/90/262 793/103/262
f 690/170/263 686/157/263 683/84/263
f 275/187/1197 264/147/1197 276/120/1197
f 279/119/265 276/120/265 286/51/265
f 244/34/702 255/143/702 254/38/702
f 321/130/48 312/2/48 315/134/48
f 322/91/84 270/90/84 303/103/84
f 198/72/144 190/74/144 191/73/144
f 660/70/30 676/58/30 682/71/30
f 844/166/268 846/166/268 847/166/268
f 777/111/57 784/109/57 779/153/57
f 744/38/266 753/20/266 755/115/266
f 499/166/269 521/166/269 526/166/269
f 769/119/1198 718/181/1198 776/51/1198
f 676/58/270 689/65/270 691/94/270
f 173/191/79 322/91/79 327/174/788
f 710/87/272 699/66/272 709/180/272
f 659/128/273 675/59/273 676/58/273
f 247/37/18 259/41/18 256/40/18
f 807/126/275 818/31/275 810/33/275
f 319/129/809 321/130/809 165/101/809
f 183/83/1199 184/133/1199 197/104/1200
f 168/45/1201 177/47/1201 176/46/1201
f 748/35/43 757/92/43 759/93/43
f 161/192/49 157/130/49 1/101/49
f 737/37/17 749/41/17 744/38/17
f 735/122/284 746/40/284 749/41/284
f 662/156/157 661/155/157 721/13/157
f 221/151/287 211/106/285 197/104/285
f 197/104/1202 188/175/160 232/150/1203
f 708/25/288 720/23/288 723/64/288
f 416/179/1204 437/178/1205 415/197/1204
f 357/199/1206 461/332/1206 356/200/1207
f 336/198/1208 426/179/1209 335/178/1208
f 409/205/1210 384/297/1211 408/206/1212
f 208/160/1213 206/57/1213 209/66/1213
f 721/13/265 661/155/265 729/14/265
f 359/196/1214 375/209/1215 454/208/305
f 54/25/252 43/142/252 51/158/252
f 812/91/1216 817/174/1216 813/176/1216
f 726/171/119 728/63/119 720/23/119
f 233/64/214 234/42/214 235/145/214
f 459/209/1217 462/196/1218 425/195/1219
f 341/184/1220 339/183/1220 413/211/1221
f 427/213/1222 454/333/1223 442/214/1224
f 445/216/314 448/224/1225 381/217/1226
f 489/166/1227 511/166/1227 472/166/1227
f 420/219/1228 436/259/1229 419/220/1230
f 381/217/1231 357/199/1232 358/201/325
f 431/223/1233 405/268/1233 448/224/1234
f 334/225/331 423/276/331 343/226/1235
f 420/184/334 402/183/1236 453/211/335
f 813/176/337 671/79/337 658/45/337
f 330/228/338 354/163/338 409/205/338
f 389/230/339 438/282/339 364/231/340
f 392/233/1237 450/286/1238 391/234/342
f 441/236/1239 433/318/1240 444/237/1241
f 362/239/1242 429/278/1242 361/240/1243
f 372/208/1244 461/334/1245 371/204/351
f 433/164/1246 349/228/1247 443/242/1248
f 455/244/1249 329/335/1250 445/216/1249
f 380/245/1251 381/336/1252 448/248/1253
f 365/250/361 418/232/1254 364/231/1255
f 508/166/364 527/166/1256 529/166/1256
f 356/200/1257 461/332/1258 372/254/1259
f 368/256/1260 353/337/1260 412/257/1260
f 436/259/1261 452/320/1261 407/260/1262
f 350/261/376 412/297/376 379/262/376
f 351/264/1263 367/285/1263 350/261/1263
f 863/166/378 871/166/378 864/166/378
f 430/177/1264 426/179/1264 408/206/1265
f 335/266/1266 457/312/1266 333/265/1267
f 830/166/382 829/166/382 846/166/382
f 396/267/1268 413/211/1268 339/183/1268
f 861/166/384 863/166/384 865/166/384
f 413/227/1269 459/294/1269 427/213/1270
f 419/220/1271 407/260/1271 405/268/1271
f 439/269/1272 417/198/1272 415/197/1272
f 330/228/1273 424/242/1273 329/243/1273
f 344/270/1274 342/287/1275 382/271/1276
f 377/272/394 369/299/1277 376/273/1278
f 399/274/1279 438/282/1279 363/241/1280
f 360/195/1281 452/210/1281 375/209/1281
f 454/275/1282 427/210/1282 425/195/1282
f 423/276/1283 334/225/1284 332/277/1285
f 843/166/1286 837/166/1286 828/166/1286
f 410/279/411 435/182/1287 411/280/1288
f 458/263/1289 368/327/1289 369/281/1290
f 343/226/417 398/317/417 342/283/418
f 442/214/419 451/319/1291 341/284/1292
f 459/209/1293 372/208/1293 373/203/1294
f 400/285/1295 386/261/1296 458/263/1297
f 403/236/1298 451/238/1298 402/183/1299
f 389/230/430 390/295/430 362/239/431
f 557/166/1300 510/166/1300 488/166/433
f 332/287/1301 457/271/1302 430/177/436
f 385/244/1303 386/335/1304 400/216/1305
f 411/229/1306 421/301/1307 424/242/1308
f 329/243/1309 424/242/1309 431/289/1310
f 391/234/1311 367/298/1312 351/291/1313
f 403/280/1314 340/182/1314 341/184/1315
f 457/271/1316 335/178/1317 426/179/1318
f 357/293/453 338/305/1319 371/249/454
f 413/227/1320 396/255/1321 372/254/1322
f 434/165/1323 348/163/1324 349/228/1325
f 533/166/1326 546/166/1326 477/166/1326
f 362/239/1327 390/295/1327 423/276/1327
f 390/295/1328 388/326/1328 343/226/1329
f 340/182/1330 403/280/1331 337/296/1332
f 365/250/1333 366/251/1334 400/216/1333
f 386/261/1335 384/297/1335 355/262/1336
f 409/205/1337 354/163/1338 355/262/1339
f 348/163/1340 347/205/1341 345/229/1342
f 368/221/1343 350/219/1344 367/298/1345
f 419/300/1346 431/289/1346 424/242/480
f 392/233/1347 393/235/1348 394/302/481
f 440/238/485 339/183/1349 439/269/486
f 437/178/1350 383/330/1351 434/306/1352
f 111/187/1353 115/119/1353 112/120/1353
f 376/273/1354 449/322/1355 418/232/1356
f 442/214/495 454/333/1357 375/308/1358
f 337/197/1359 403/236/1360 404/269/1361
f 416/179/1362 456/206/1363 333/265/1364
f 429/278/504 332/277/1365 428/201/1366
f 400/216/1367 366/251/1368 399/274/1369
f 329/310/510 455/301/1370 345/311/1371
f 385/265/1372 408/206/1373 384/266/1372
f 440/313/513 444/338/1374 356/200/1375
f 380/245/516 338/305/1376 357/293/517
f 456/206/1377 416/179/1377 417/198/1377
f 435/182/1378 420/184/1379 421/292/1379
f 405/293/1380 460/305/1381 447/249/1381
f 347/205/1382 348/163/1382 379/262/1382
f 334/315/1383 344/270/1384 422/177/527
f 401/288/1385 399/274/1386 361/240/1386
f 397/316/1387 395/303/1388 394/302/1389
f 433/318/1390 441/236/1391 415/197/1392
f 378/319/1393 382/284/1393 342/283/1394
f 393/235/1395 351/291/1395 432/214/1395
f 453/309/1396 375/308/1397 452/320/541
f 333/313/1398 457/338/1398 332/277/1399
f 352/263/546 378/327/546 432/281/546
f 107/54/262 106/90/262 139/103/262
f 864/166/551 871/166/551 870/166/551
f 389/230/1400 392/233/1400 395/303/553
f 376/273/1401 369/299/1402 367/298/1403
f 340/182/1404 439/269/1404 339/183/1404
f 109/140/1405 96/26/1405 97/28/1405
f 391/234/1406 450/286/1407 449/322/560
f 444/243/1408 443/242/1409 358/289/1410
f 428/270/1411 430/177/1411 385/265/566
f 455/301/568 443/242/1412 349/228/569
f 426/179/571 336/198/571 410/207/1413
f 435/182/573 410/207/573 336/198/573
f 389/230/1414 418/232/1414 449/322/1415
f 370/207/1416 337/296/1416 335/266/1416
f 251/6/1417 257/4/37 275/187/1418
f 275/187/1419 279/119/1419 173/193/1420
f 24/175/840 68/150/840 38/61/148
f 7/155/590 8/156/588 55/180/588
f 55/180/1421 9/82/1422 75/14/589
f 674/133/1423 673/83/1424 685/85/1425
f 685/85/596 687/104/1426 678/108/1427
f 24/324/599 33/104/1428 47/106/597
f 47/106/1429 57/151/1430 68/150/1430
f 747/4/37 741/6/1418 729/14/589
f 729/14/603 661/155/1431 663/82/1432
f 256/40/58 259/41/58 268/21/58
f 287/111/1433 277/114/1433 272/149/1433
f 476/166/608 506/166/608 508/166/608
f 516/166/609 472/166/609 474/166/609
f 280/19/136 268/21/136 263/20/136
f 470/166/1434 550/166/1434 525/166/1434
f 535/166/611 536/166/611 544/166/611
f 299/17/153 308/1/153 306/102/153
f 234/42/1435 229/44/1435 237/43/1435
f 549/166/613 553/166/613 500/166/613
f 496/166/614 545/166/614 544/166/614
f 463/166/1436 556/166/1436 464/166/1436
f 466/166/616 480/166/616 467/166/616
f 469/166/1437 479/166/1437 470/166/1437
f 660/70/618 666/46/618 667/47/618
f 851/166/619 882/166/619 852/166/619
f 525/166/620 553/166/620 549/166/620
f 289/124/73 298/68/73 296/81/73
f 310/3/46 295/144/46 296/81/46
f 389/230/622 397/316/622 388/326/623
f 543/166/624 466/166/624 554/166/624
f 326/49/1129 316/50/1129 318/88/1129
f 527/166/1438 540/166/1438 528/166/1438
f 512/166/626 482/166/626 548/166/626
f 520/166/627 548/166/627 498/166/627
f 183/83/155 195/85/155 193/84/155
f 465/166/629 543/166/629 517/166/629
f 504/166/630 519/166/630 505/166/630
f 247/37/833 243/39/833 254/38/833
f 550/166/631 532/166/631 553/166/631
f 211/106/32 221/151/32 217/148/32
f 495/166/632 539/166/632 496/166/632
f 268/21/1126 259/41/1126 254/38/1126
f 828/166/633 831/166/633 829/166/633
f 241/123/60 235/145/60 246/10/60
f 486/166/634 507/166/634 541/166/634
f 170/70/21 186/58/21 185/59/21
f 173/138/162 208/160/163 219/180/592
f 219/180/592 172/156/1439 171/155/1440
f 485/166/637 507/166/1441 486/166/638
f 477/166/1442 546/166/641 534/166/641
f 515/166/642 488/166/1443 489/166/643
f 313/48/1444 303/103/1444 306/102/1444
f 730/15/645 732/146/645 715/117/645
f 483/166/646 547/166/646 520/166/646
f 497/166/647 505/166/647 498/166/647
f 480/166/648 514/166/648 481/166/648
f 473/166/1445 557/166/1445 515/166/1445
f 257/4/1124 252/121/1124 264/147/1124
f 267/92/1143 269/93/1143 273/140/1143
f 475/166/651 473/166/651 490/166/651
f 555/166/652 494/166/652 523/166/652
f 517/166/653 468/166/653 467/166/653
f 290/77/67 283/29/67 285/78/67
f 200/170/29 196/157/29 210/105/29
f 498/166/654 548/166/654 482/166/654
f 501/166/1446 525/166/1446 547/166/1446
f 506/166/656 541/166/656 507/166/656
f 542/166/657 485/166/657 487/166/658
f 820/166/659 825/166/659 827/166/659
f 231/13/59 220/87/59 223/86/59
f 286/51/39 282/113/39 288/112/39
f 327/174/1447 322/91/1447 313/48/1447
f 731/123/1448 734/34/1448 736/10/1448
f 681/73/661 683/84/661 668/132/661
f 290/18/122 299/17/122 297/161/122
f 788/68/662 790/69/662 781/76/662
f 478/166/663 550/166/663 470/166/663
f 298/68/134 300/69/134 309/7/134
f 481/166/664 552/166/664 537/166/664
f 482/166/665 512/166/665 483/166/665
f 502/166/666 531/166/666 478/166/666
f 231/13/667 240/15/667 239/14/667
f 286/51/645 276/120/645 278/98/645
f 729/14/1449 741/6/1449 740/5/1449
f 486/166/668 509/166/668 511/166/668
f 759/93/146 751/28/146 743/62/146
f 451/238/1450 442/267/1451 453/211/670
f 500/166/1452 471/166/1452 470/166/1452
f 406/245/1453 460/305/1454 405/293/674
f 533/166/676 529/166/676 491/166/676
f 300/69/677 298/68/677 289/124/677
f 511/166/678 510/166/678 557/166/678
f 257/4/1138 251/6/1138 250/5/1138
f 507/166/679 485/166/1455 527/166/680
f 579/166/681 617/166/681 567/166/681
f 516/166/682 534/166/682 490/166/682
f 499/166/683 502/166/683 503/166/683
f 534/166/684 546/166/1456 491/166/1456
f 528/166/685 540/166/685 506/166/685
f 464/166/1457 538/166/1457 513/166/1457
f 808/88/1 802/2/1 800/3/1
f 209/66/23 220/87/23 172/156/23
f 509/166/687 541/166/687 542/166/687
f 592/166/688 607/166/688 606/166/688
f 583/166/689 629/166/689 636/166/689
f 305/22/31 307/172/31 317/126/31
f 554/166/691 466/166/691 468/166/691
f 856/166/692 868/166/692 881/166/692
f 212/97/133 222/24/133 218/25/133
f 213/67/693 223/86/693 220/87/693
f 734/34/222 733/39/222 744/38/222
f 564/166/1458 609/166/1458 565/166/1458
f 566/166/1459 639/166/1459 599/166/1459
f 650/166/696 581/166/696 580/166/696
f 570/166/697 612/166/697 571/166/697
f 328/31/790 320/33/790 179/32/790
f 585/166/1460 639/166/1460 566/166/1460
f 614/166/700 650/166/700 617/166/700
f 563/166/701 568/166/701 590/166/701
f 90/38/266 99/20/266 101/115/266
f 166/100/703 167/159/703 175/136/703
f 590/166/704 631/166/704 616/166/704
f 653/166/1461 623/166/1461 593/166/1461
f 626/166/1462 641/166/1462 583/166/1462
f 178/132/81 179/32/81 184/133/81
f 795/22/144 805/134/144 807/126/144
f 632/166/707 634/166/707 602/166/707
f 591/166/708 643/166/708 592/166/708
f 580/166/709 590/166/709 568/166/709
f 252/121/1132 256/40/1132 266/36/1132
f 574/166/710 577/166/710 644/166/710
f 197/104/53 211/106/53 210/105/53
f 263/20/64 265/115/64 277/114/64
f 240/15/1463 231/13/1463 225/117/1463
f 770/19/13 773/29/13 775/78/13
f 303/103/28 301/162/28 297/161/28
f 605/166/711 604/166/711 623/166/711
f 636/166/1464 640/166/1464 625/166/1464
f 611/166/713 571/166/713 612/166/713
f 607/166/1465 592/166/1465 643/166/1465
f 230/23/114 218/25/114 222/24/114
f 577/166/1466 574/166/1466 588/166/1466
f 611/166/716 613/166/716 619/166/716
f 654/166/717 619/166/717 645/166/717
f 205/139/718 185/59/718 206/57/718
f 325/192/152 167/159/152 165/101/152
f 591/166/720 570/166/720 572/166/720
f 582/166/721 629/166/721 583/166/721
f 272/149/722 273/140/722 284/152/722
f 582/166/723 584/166/723 625/166/723
f 643/166/724 591/166/724 576/166/724
f 642/166/725 601/166/725 646/166/725
f 266/36/138 268/21/138 280/19/138
f 569/166/727 559/166/727 616/166/727
f 619/166/728 613/166/728 620/166/728
f 224/116/729 226/118/729 225/117/729
f 294/109/101 287/111/101 281/110/101
f 576/166/1467 644/166/1467 577/166/1467
f 633/166/731 646/166/731 647/166/731
f 292/169/252 295/144/252 299/17/252
f 201/94/1 192/71/1 194/95/1
f 171/155/1468 172/156/1468 220/87/1468
f 226/118/13 230/23/13 238/63/13
f 242/146/791 225/117/791 226/118/791
f 215/158/118 201/94/118 204/96/118
f 787/161/6 789/17/6 780/18/6
f 640/166/733 614/166/733 618/166/733
f 596/166/734 608/166/734 597/166/734
f 834/166/735 836/166/735 824/166/735
f 569/166/1469 568/166/1469 563/166/1469
f 597/166/737 609/166/737 564/166/737
f 610/166/1470 599/166/1470 595/166/1470
f 652/166/739 645/166/739 644/166/739
f 618/166/1471 617/166/1471 579/166/1471
f 570/166/1472 592/166/1472 621/166/1472
f 629/166/742 582/166/742 618/166/742
f 612/166/743 621/166/743 620/166/743
f 569/166/1473 631/166/1473 628/166/1473
f 632/166/1474 608/166/1474 633/166/1474
f 562/166/747 616/166/747 641/166/747
f 601/166/748 603/166/748 605/166/748
f 565/166/1475 635/166/1475 596/166/1475
f 274/30/27 277/114/27 287/111/27
f 181/79/1154 168/45/1154 170/70/1154
f 176/46/1135 177/47/1135 165/101/1135
f 845/166/750 828/166/750 830/166/750
f 222/24/57 216/131/57 234/42/57
f 731/123/64 728/63/64 733/39/64
f 585/166/751 597/166/751 600/166/751
f 573/166/752 588/166/752 574/166/752
f 236/171/7 238/63/7 243/39/7
f 586/166/753 643/166/753 578/166/753
f 791/162/120 787/161/120 778/16/120
f 194/95/8 190/74/8 198/72/8
f 756/36/16 768/98/16 770/19/16
f 571/166/754 611/166/754 638/166/754
f 776/51/755 718/181/755 717/52/755
f 294/80/85 296/81/85 295/144/85
f 586/166/1476 587/166/1476 622/166/1476
f 309/7/757 300/69/757 302/75/757
f 655/101/719 670/99/719 656/100/719
f 285/78/9 287/111/9 294/109/9
f 567/166/758 649/166/758 568/166/758
f 284/152/1477 189/168/1477 187/167/1477
f 773/29/760 780/77/760 782/173/760
f 236/171/16 247/37/16 245/122/16
f 623/166/762 604/166/762 624/166/762
f 698/160/42 695/139/42 663/190/224
f 816/49/279 658/45/279 667/47/279
f 754/147/763 766/120/763 768/98/763
f 695/139/1447 675/59/1447 659/128/1447
f 204/96/121 198/72/121 212/97/121
f 650/166/765 649/166/765 567/166/765
f 803/48/52 806/50/52 796/102/52
f 745/143/86 755/115/86 757/92/86
f 732/146/94 726/171/94 716/118/94
f 668/132/75 673/83/75 674/133/75
f 651/166/766 593/166/766 564/166/766
f 199/65/123 213/67/123 209/66/123
f 308/1/45 310/3/45 312/2/45
f 814/107/55 674/133/55 678/108/768
f 603/166/769 602/166/769 634/166/769
f 740/5/770 735/122/770 732/146/770
f 718/181/167 769/119/167 761/54/168
f 770/19/7 764/30/7 753/20/7
f 759/93/772 757/92/772 762/149/772
f 599/166/1478 639/166/1478 600/166/1478
f 308/1/93 318/88/93 316/50/93
f 237/43/1405 202/61/1405 203/60/1405
f 246/10/1136 235/145/1136 237/43/1136
f 207/142/88 218/25/88 224/116/88
f 248/127/1479 327/174/1479 323/176/1479
f 805/134/1480 815/192/1480 818/31/1480
f 785/144/774 800/3/774 795/22/774
f 246/10/43 249/12/43 262/11/43
f 657/159/116 656/100/116 664/135/116
f 713/86/61 715/117/61 716/118/61
f 809/129/71 667/47/71 655/101/71
f 774/152/104 679/168/104 750/26/104
f 315/134/111 317/126/111 328/31/111
f 664/135/111 656/100/111 680/74/111
f 739/12/1481 693/60/1481 692/61/1481
f 312/2/143 310/3/143 305/22/143
f 249/12/146 203/60/146 253/62/146
f 492/166/777 551/166/777 522/166/777
f 767/114/60 762/149/60 757/92/60
f 526/166/779 530/166/779 479/166/779
f 773/29/729 772/113/729 778/112/729
f 794/9/780 804/8/780 678/186/188
f 749/41/274 746/40/274 756/36/274
f 719/44/112 727/43/112 692/61/112
f 686/157/757 700/105/757 701/106/757
f 217/148/1147 221/151/1147 232/150/1147
f 325/192/116 328/31/116 175/136/116
f 181/79/1130 323/176/1130 326/49/1130
f 388/326/1482 397/316/1482 398/317/1482
f 472/166/782 557/166/782 473/166/782
f 688/72/141 702/97/141 704/189/141
f 320/33/75 324/107/75 184/133/75
f 810/33/81 669/32/81 674/133/81
f 502/166/783 526/166/783 469/166/783
f 252/121/1137 250/5/1137 245/122/1137
f 663/191/1483 738/127/1483 817/174/1183
f 710/87/256 713/86/256 703/67/256
f 217/148/662 216/131/662 214/189/662
f 481/166/784 514/166/784 513/166/784
f 313/48/44 316/50/44 326/49/44
f 240/15/109 242/146/109 245/122/109
f 688/72/31 690/170/31 681/73/31
f 228/181/785 227/52/907 271/54/786
f 665/136/14 669/32/14 810/33/14
f 672/137/788 738/127/788 663/138/79
f 726/171/136 737/37/136 733/39/136
f 723/64/101 724/42/101 706/131/101
f 754/147/789 756/36/789 746/40/789
f 665/136/790 664/135/790 668/132/790
f 706/131/95 724/42/95 719/44/95
f 768/98/791 772/113/791 773/29/791
f 738/127/792 671/79/792 813/176/792
f 540/166/793 542/166/793 541/166/793
f 738/127/794 672/137/794 659/128/794
f 299/17/108 295/144/108 310/3/108
f 189/168/795 260/26/795 302/75/796
f 724/42/798 725/145/798 727/43/798
f 663/89/192 812/91/192 760/90/1484
f 682/71/45 691/94/45 694/96/45
f 685/85/1158 683/84/1158 686/157/1158
f 785/144/133 786/81/133 784/80/133
f 474/166/800 473/166/800 475/166/800
f 723/64/90 731/123/90 725/145/90
f 753/20/99 764/30/99 767/114/99
f 765/187/801 747/4/801 663/188/200
f 716/118/802 720/23/802 708/25/802
f 776/51/59 783/53/59 778/112/59
f 695/139/1485 698/160/1485 696/57/1485
f 161/192/703 3/159/703 11/136/703
f 769/119/1353 766/120/1353 754/147/1353
f 379/262/804 383/329/804 378/327/1486
f 346/165/806 331/164/806 345/311/806
f 658/45/807 671/79/807 659/128/807
f 767/114/98 764/30/98 775/78/98
f 780/18/88 789/17/88 785/144/88
f 552/166/1487 513/166/1487 545/166/1487
f 703/67/153 705/158/153 691/94/153
f 798/1/198 796/102/198 806/50/198
f 4/45/1201 13/47/1201 155/129/1201
f 666/46/809 670/99/809 655/101/809
f 747/4/810 765/187/810 754/147/810
f 675/59/24 696/57/24 689/65/24
f 719/44/759 722/150/759 711/151/759
f 521/166/811 499/166/811 498/166/811
f 87/6/1197 86/5/1197 76/15/1197
f 816/49/813 809/129/813 808/88/813
f 688/72/814 694/96/814 697/142/814
f 158/91/1488 149/48/1488 139/103/1488
f 766/120/113 776/51/113 772/113/113
f 682/71/69 684/95/69 670/99/69
f 800/3/8 802/2/8 805/134/8
f 811/130/140 815/192/140 805/134/140
f 726/171/138 732/146/138 735/122/138
f 696/57/28 699/66/28 703/67/28
f 788/68/29 797/172/29 799/7/29
f 865/166/815 864/166/815 875/166/815
f 686/157/134 690/170/134 704/189/134
f 304/9/816 302/75/816 188/186/596
f 761/54/817 791/162/817 783/55/817
f 747/4/2 742/121/2 740/5/2
f 57/151/181 47/106/181 46/105/181
f 799/7/818 794/9/818 792/75/818
f 458/263/1489 355/262/1489 353/329/1489
f 446/300/820 358/289/820 443/242/820
f 706/131/822 707/148/822 700/105/822
f 348/163/823 434/165/1490 383/329/823
f 797/172/139 807/126/139 801/125/139
f 808/88/72 809/129/72 811/130/72
f 795/22/147 797/172/147 788/68/147
f 812/91/718 803/48/718 793/103/718
f 668/132/1491 683/84/1491 685/85/1491
f 804/8/1492 801/125/1492 810/33/1492
f 799/7/3 801/125/3 804/8/3
f 407/275/1493 452/339/1493 360/195/1493
f 806/50/830 803/48/830 813/176/830
f 398/317/1494 394/302/1494 432/214/1494
f 829/166/832 831/166/832 833/166/832
f 657/159/703 665/136/703 818/31/703
f 758/21/833 753/20/833 744/38/833
f 815/192/49 811/130/49 655/101/49
f 709/180/166 699/66/166 696/57/166
f 670/99/48 684/95/48 680/74/48
f 842/166/1495 833/166/1495 845/166/1495
f 748/35/4 752/11/4 739/12/4
f 722/150/840 692/61/840 678/175/841
f 745/143/15 748/35/15 736/10/15
f 713/86/122 714/116/122 705/158/122
f 238/63/98 230/23/98 233/64/98
f 819/166/843 850/166/843 820/166/843
f 364/231/1496 438/282/1496 399/274/1496
f 417/198/1497 439/269/1497 340/182/1497
f 827/166/846 826/166/846 840/166/846
f 821/166/847 827/166/847 848/166/847
f 847/166/848 842/166/848 822/166/848
f 832/166/849 839/166/849 838/166/849
f 843/166/850 832/166/850 825/166/850
f 825/166/851 838/166/851 826/166/851
f 168/45/618 326/49/618 319/129/618
f 843/166/1498 820/166/1498 850/166/1498
f 837/166/1499 839/166/1499 831/166/1499
f 826/166/854 838/166/854 850/166/854
f 624/166/855 646/166/855 601/166/855
f 581/166/856 615/166/856 630/166/856
f 846/166/1500 829/166/1500 842/166/1500
f 195/85/3 197/104/3 196/157/3
f 823/166/859 846/166/859 844/166/859
f 844/166/1501 840/166/1501 841/166/1501
f 824/166/861 836/166/861 849/166/861
f 877/166/862 860/166/862 862/166/862
f 857/166/863 870/166/863 858/166/863
f 840/166/864 826/166/864 819/166/864
f 509/166/865 558/166/865 510/166/865
f 822/166/866 830/166/866 823/166/866
f 833/166/867 832/166/867 843/166/867
f 835/166/868 848/166/868 849/166/868
f 876/166/869 878/166/869 879/166/869
f 837/166/1502 850/166/1502 838/166/1502
f 531/166/871 469/166/871 471/166/871
f 875/166/1503 869/166/1503 860/166/1503
f 118/113/729 124/112/729 126/77/729
f 711/151/181 701/106/181 700/105/181
f 874/166/873 865/166/873 877/166/873
f 383/330/1504 437/178/1504 382/271/1504
f 866/166/875 873/166/875 867/166/875
f 875/166/1505 852/166/1505 882/166/1505
f 848/166/877 840/166/877 844/166/877
f 555/166/1506 551/166/1506 492/166/1506
f 834/166/879 841/166/879 835/166/879
f 492/166/1507 495/166/1507 493/166/1507
f 872/166/881 858/166/881 851/166/881
f 853/166/882 867/166/882 873/166/882
f 866/166/883 868/166/883 856/166/883
f 530/166/884 526/166/884 521/166/884
f 862/166/885 861/166/885 878/166/885
f 876/166/886 872/166/886 873/166/886
f 880/166/887 872/166/887 876/166/887
f 855/166/888 878/166/888 876/166/888
f 52/131/822 53/148/822 46/105/822
f 412/257/1508 353/329/1508 346/165/1508
f 561/166/890 560/166/890 625/166/890
f 740/5/891 742/121/891 746/40/891
f 869/166/1509 882/166/1509 870/166/1509
f 878/166/1510 861/166/1510 874/166/1510
f 852/166/894 857/166/894 859/166/894
f 860/166/895 863/166/895 861/166/895
f 879/166/896 874/166/896 854/166/896
f 642/166/897 633/166/897 608/166/897
f 854/166/898 862/166/898 855/166/898
f 354/163/1511 346/165/1511 353/329/1511
f 867/166/900 880/166/900 881/166/900
f 20/133/173 19/83/1161 31/85/905
f 31/85/596 33/104/816 24/108/1427
f 743/62/1512 751/28/1513 750/26/1514
f 750/26/836 679/168/1515 678/27/1127
f 858/166/910 870/166/910 882/166/910
usemtl Material.006
f 921/60/911 980/11/911 967/12/911
f 987/93/912 978/26/912 991/140/912
f 1009/76/913 1020/75/913 1018/69/913
f 948/23/914 959/123/914 956/63/914
f 949/13/915 941/86/915 943/117/915
f 1005/111/916 1010/173/916 1003/78/916
f 906/175/917 921/60/918 920/61/919
f 919/94/920 925/142/920 933/158/920
f 1021/103/921 1015/161/921 1024/102/921
f 922/96/922 908/74/922 916/72/922
f 953/145/923 967/12/923 964/10/923
f 991/140/924 999/110/924 990/149/924
f 1005/111/925 990/149/925 999/110/925
f 1026/1/926 1013/144/926 1028/3/926
f 925/142/927 940/24/927 936/25/927
f 925/142/928 942/116/928 933/158/928
f 1002/152/929 1007/153/929 999/110/929
f 1012/80/930 1016/68/930 1014/81/930
f 1015/161/931 1026/1/931 1024/102/931
f 930/97/932 934/131/932 940/24/932
f 907/168/933 1009/154/933 1002/152/933
f 1019/162/934 988/90/934 989/54/934
f 918/170/935 911/84/935 914/157/935
f 888/70/936 910/71/936 904/58/936
f 1005/111/937 1007/153/937 1012/109/937
f 972/38/938 983/115/938 981/20/938
f 997/119/939 1004/51/939 946/181/939
f 904/58/940 919/94/940 917/65/940
f 937/180/941 938/87/941 890/156/941
f 887/128/942 904/58/942 903/59/942
f 1035/126/943 1038/33/943 1046/31/943
f 976/35/944 987/93/944 985/92/944
f 965/37/945 972/38/945 977/41/945
f 963/122/946 977/41/946 974/40/946
f 938/87/947 889/155/947 890/156/947
f 936/25/948 951/64/948 948/23/948
f 958/15/949 889/155/950 949/13/949
f 1031/48/951 1045/174/951 1040/91/951
f 954/171/952 948/23/952 956/63/952
f 1041/176/953 886/45/953 899/79/953
f 902/133/954 915/104/955 913/85/956
f 975/4/957 889/155/958 957/14/959
f 886/45/960 894/46/960 888/70/960
f 958/15/961 943/117/961 960/146/961
f 959/123/962 964/10/962 962/34/962
f 909/73/963 896/132/963 911/84/963
f 1009/76/964 1016/68/964 1007/124/964
f 957/14/965 968/5/965 969/6/965
f 987/93/966 971/62/966 979/28/966
f 1036/88/967 1028/3/967 1030/2/967
f 962/34/968 972/38/968 961/39/968
f 1023/22/969 1035/126/969 1033/134/969
f 998/19/970 1003/78/970 1001/29/970
f 1008/18/971 1015/161/971 1006/16/971
f 959/123/972 961/39/972 956/63/972
f 1011/55/973 1015/161/973 1019/162/973
f 984/36/974 998/19/974 996/98/974
f 1004/51/975 945/52/975 946/181/975
f 883/101/976 884/100/976 898/99/976
f 1001/29/977 1010/173/977 1008/77/977
f 926/160/978 891/190/979 923/139/980
f 1037/129/981 886/45/981 1044/49/981
f 982/147/982 996/98/982 994/120/982
f 900/137/983 903/59/983 923/139/983
f 1031/48/984 1024/102/984 1034/50/984
f 973/143/985 985/92/985 983/115/985
f 960/146/986 944/118/986 954/171/986
f 896/132/987 902/133/987 901/83/987
f 1042/107/988 906/108/989 902/133/990
f 968/5/991 960/146/991 963/122/991
f 989/54/992 946/181/993 945/52/994
f 998/19/995 981/20/995 992/30/995
f 987/93/996 990/149/996 985/92/996
f 1033/134/997 1046/31/997 1043/192/997
f 1013/144/998 1023/22/998 1028/3/998
f 885/159/999 892/135/999 884/100/999
f 941/86/1000 944/118/1000 943/117/1000
f 1037/129/1001 883/101/1001 895/47/1001
f 991/140/1002 907/168/1002 1002/152/1002
f 892/135/1003 908/74/1003 884/100/1003
f 955/43/1004 921/60/1004 967/12/1004
f 995/114/1005 985/92/1005 990/149/1005
f 1001/29/1006 1006/112/1006 1000/113/1006
f 1022/9/1007 906/186/1008 1032/8/1009
f 977/41/1010 984/36/1010 974/40/1010
f 950/150/1011 955/43/1011 947/44/1011
f 915/104/1012 928/105/1012 914/157/1012
f 916/72/1013 932/189/1013 930/97/1013
f 1042/107/1014 897/32/1014 1038/33/1014
f 891/191/1015 1045/174/1016 966/127/1017
f 927/66/1018 941/86/1018 938/87/1018
f 916/72/1019 909/73/1019 918/170/1019
f 893/136/1020 1038/33/1020 897/32/1020
f 900/137/1021 891/138/1022 966/127/1023
f 954/171/1024 961/39/1024 965/37/1024
f 951/64/1025 934/131/1025 952/42/1025
f 970/121/1026 984/36/1026 982/147/1026
f 893/136/1027 896/132/1027 892/135/1027
f 934/131/1028 947/44/1028 952/42/1028
f 996/98/1029 1001/29/1029 1000/113/1029
f 1045/174/1030 899/79/1031 966/127/1031
f 899/79/1032 900/137/1032 966/127/1033
f 952/42/1034 955/43/1034 953/145/1034
f 891/89/1035 988/90/1036 1040/91/1037
f 910/71/1038 922/96/1038 919/94/1038
f 915/104/1039 911/84/1039 913/85/1039
f 1010/169/1040 1014/81/1040 1013/144/1040
f 951/64/1041 953/145/1041 959/123/1041
f 981/20/1042 995/114/1042 992/30/1042
f 993/187/1043 891/188/1044 975/4/1045
f 944/118/1046 936/25/1046 948/23/1046
f 1004/51/1047 1006/112/1047 1011/53/1047
f 903/59/1048 926/160/1048 923/139/1049
f 993/187/1050 994/120/1051 997/119/1052
f 886/45/1053 887/128/1053 899/79/1053
f 995/114/1054 1003/78/1054 992/30/1054
f 1010/169/1055 1017/17/1055 1008/18/1055
f 931/67/1056 919/94/1056 933/158/1056
f 1026/1/1057 1034/50/1057 1024/102/1057
f 894/46/1058 883/101/1058 898/99/1058
f 970/121/1059 993/187/1059 975/4/1059
f 903/59/1060 917/65/1060 924/57/1060
f 935/148/1061 950/150/1061 947/44/1061
f 1044/49/1062 1036/88/1062 1037/129/1062
f 916/72/1063 925/142/1063 922/96/1063
f 994/120/1064 1000/113/1064 1004/51/1064
f 910/71/1065 898/99/1065 912/95/1065
f 1028/3/1066 1033/134/1066 1030/2/1066
f 1039/130/1067 1033/134/1067 1043/192/1067
f 954/171/1068 963/122/1068 960/146/1068
f 924/57/1069 931/67/1069 927/66/1069
f 1016/68/1070 1027/7/1070 1025/172/1070
f 914/157/1071 932/189/1071 918/170/1071
f 1011/55/1072 989/54/1072 945/56/1072
f 975/4/1073 968/5/1073 970/121/1074
f 1018/69/1075 1022/9/1076 1027/7/1076
f 928/105/1077 934/131/1077 932/189/1077
f 1025/172/1078 1029/125/1078 1035/126/1078
f 1036/88/1079 1039/130/1079 1037/129/1079
f 1023/22/1080 1016/68/1080 1025/172/1080
f 988/90/1081 1031/48/1081 1040/91/1081
f 896/132/1082 913/85/1082 911/84/1082
f 1042/107/1083 1029/125/1084 1032/8/1083
f 1022/9/1085 1029/125/1085 1027/7/1085
f 1034/50/1086 1041/176/1086 1031/48/1086
f 885/159/1087 1046/31/1087 893/136/1087
f 986/21/1088 972/38/1088 981/20/1088
f 1043/192/1089 883/101/1089 1039/130/1089
f 926/160/1090 927/66/1091 937/180/1090
f 898/99/1092 908/74/1092 912/95/1092
f 976/35/1093 967/12/1093 980/11/1093
f 907/168/1094 906/141/1095 1020/75/1096
f 889/155/1097 891/193/1098 937/180/1097
f 950/150/1099 906/175/1100 920/61/1101
f 915/104/1102 906/324/1103 939/151/1104
f 973/143/1105 964/10/1105 976/35/1105
f 933/158/1106 941/86/1106 931/67/1106
f 928/105/1107 939/151/1107 935/148/1107
f 963/122/1108 970/121/1108 968/5/1108
f 997/119/1109 989/54/1110 891/323/1111
f 907/168/1112 1020/75/1113 905/185/1114
f 889/155/1115 937/180/1116 890/156/1117
f 971/62/1118 907/168/1119 978/26/1120
f 915/104/1121 939/151/1122 929/106/1123
f 921/60/1516 971/62/1516 980/11/1516
f 987/93/912 979/28/912 978/26/912
f 1009/76/913 905/185/913 1020/75/913
f 948/23/1517 951/64/1517 959/123/1517
f 949/13/915 938/87/915 941/86/915
f 1005/111/916 1012/109/916 1010/173/916
f 906/175/1518 971/62/1519 921/60/1520
f 919/94/920 922/96/920 925/142/920
f 1021/103/921 1019/162/921 1015/161/921
f 922/96/1521 912/95/1521 908/74/1521
f 953/145/1522 955/43/1522 967/12/1522
f 991/140/924 1002/152/924 999/110/924
f 1005/111/925 995/114/925 990/149/925
f 1026/1/926 1017/17/926 1013/144/926
f 925/142/927 930/97/927 940/24/927
f 925/142/928 936/25/928 942/116/928
f 1002/152/929 1009/154/929 1007/153/929
f 1012/80/930 1007/124/930 1016/68/930
f 1015/161/1523 1017/17/1523 1026/1/1523
f 930/97/932 932/189/932 934/131/932
f 907/168/1524 905/167/1524 1009/154/1524
f 1019/162/1525 1021/103/1526 988/90/1526
f 918/170/935 909/73/935 911/84/935
f 888/70/936 894/46/936 910/71/936
f 1005/111/1527 999/110/1527 1007/153/1527
f 972/38/938 973/143/938 983/115/938
f 997/119/939 994/120/939 1004/51/939
f 904/58/1528 910/71/1528 919/94/1528
f 937/180/941 927/66/941 938/87/941
f 887/128/1529 888/70/1529 904/58/1529
f 1035/126/1530 1029/125/1530 1038/33/1530
f 976/35/1531 980/11/1531 987/93/1531
f 965/37/945 961/39/945 972/38/945
f 963/122/946 965/37/946 977/41/946
f 938/87/947 949/13/947 889/155/947
f 936/25/948 940/24/948 951/64/948
f 958/15/1532 957/14/1532 889/155/1532
f 1031/48/1533 1041/176/1533 1045/174/1533
f 954/171/1534 944/118/1534 948/23/1534
f 1041/176/1535 1044/49/1535 886/45/1535
f 913/85/956 901/83/1536 902/133/954
f 902/133/1537 906/108/1538 915/104/1539
f 957/14/959 969/6/1540 975/4/957
f 975/4/1541 891/82/1542 889/155/958
f 886/45/960 895/47/960 894/46/960
f 958/15/961 949/13/961 943/117/961
f 959/123/962 953/145/962 964/10/962
f 909/73/1543 892/135/1543 896/132/1543
f 1009/76/964 1018/69/964 1016/68/964
f 957/14/965 958/15/965 968/5/965
f 987/93/1544 980/11/1544 971/62/1544
f 1036/88/1545 1026/1/1545 1028/3/1545
f 962/34/968 973/143/968 972/38/968
f 1023/22/1546 1025/172/1546 1035/126/1546
f 998/19/1547 992/30/1547 1003/78/1547
f 1008/18/971 1017/17/971 1015/161/971
f 959/123/972 962/34/972 961/39/972
f 1011/55/973 1006/16/973 1015/161/973
f 984/36/974 986/21/974 998/19/974
f 1004/51/975 1011/53/975 945/52/975
f 883/101/976 885/159/976 884/100/976
f 1001/29/977 1003/78/977 1010/173/977
f 926/160/1548 937/180/1549 891/190/979
f 1037/129/981 895/47/981 886/45/981
f 982/147/982 984/36/982 996/98/982
f 900/137/1550 887/128/1550 903/59/1550
f 1031/48/984 1021/103/984 1024/102/984
f 973/143/985 976/35/985 985/92/985
f 960/146/1551 943/117/1551 944/118/1551
f 896/132/1552 897/32/1552 902/133/1552
f 1042/107/1553 1032/8/1554 906/108/1555
f 968/5/991 958/15/991 960/146/991
f 989/54/992 997/119/1556 946/181/993
f 998/19/995 986/21/995 981/20/995
f 987/93/1557 991/140/1557 990/149/1557
f 1033/134/997 1035/126/997 1046/31/997
f 1013/144/998 1014/81/998 1023/22/998
f 885/159/999 893/136/999 892/135/999
f 941/86/1558 942/116/1558 944/118/1558
f 1037/129/1001 1039/130/1001 883/101/1001
f 991/140/1559 978/26/1560 907/168/1559
f 892/135/1003 909/73/1003 908/74/1003
f 955/43/1561 920/61/1562 921/60/1563
f 995/114/1005 983/115/1005 985/92/1005
f 1001/29/1564 1008/77/1564 1006/112/1564
f 1022/9/1565 1020/75/1566 906/186/1567
f 977/41/1010 986/21/1010 984/36/1010
f 950/150/1568 920/61/1568 955/43/1568
f 915/104/1569 929/106/1569 928/105/1569
f 916/72/1570 918/170/1570 932/189/1570
f 1042/107/1014 902/133/1014 897/32/1014
f 891/191/1571 1040/91/1572 1045/174/1573
f 927/66/1018 931/67/1018 941/86/1018
f 916/72/1019 908/74/1019 909/73/1019
f 893/136/1020 1046/31/1020 1038/33/1020
f 900/137/1574 923/139/1575 891/138/1576
f 954/171/1577 956/63/1577 961/39/1577
f 951/64/1578 940/24/1578 934/131/1578
f 970/121/1579 974/40/1579 984/36/1579
f 893/136/1580 897/32/1580 896/132/1580
f 934/131/1028 935/148/1028 947/44/1028
f 996/98/1581 998/19/1581 1001/29/1581
f 1045/174/1582 1041/176/1582 899/79/1582
f 899/79/1583 887/128/1583 900/137/1583
f 952/42/1034 947/44/1034 955/43/1034
f 891/89/1035 989/54/1584 988/90/1585
f 910/71/1586 912/95/1586 922/96/1586
f 915/104/1587 914/157/1587 911/84/1587
f 1010/169/1040 1012/80/1040 1014/81/1040
f 951/64/1041 952/42/1041 953/145/1041
f 981/20/1042 983/115/1042 995/114/1042
f 993/187/1588 997/119/1589 891/188/1044
f 944/118/1046 942/116/1046 936/25/1046
f 1004/51/1047 1000/113/1047 1006/112/1047
f 903/59/1590 924/57/1590 926/160/1049
f 993/187/1591 982/147/1591 994/120/1591
f 886/45/1592 888/70/1592 887/128/1592
f 995/114/1593 1005/111/1593 1003/78/1593
f 1010/169/1055 1013/144/1055 1017/17/1055
f 931/67/1594 917/65/1594 919/94/1594
f 1026/1/1595 1036/88/1595 1034/50/1595
f 894/46/1058 895/47/1058 883/101/1058
f 970/121/1059 982/147/1059 993/187/1059
f 903/59/1060 904/58/1060 917/65/1060
f 935/148/1061 939/151/1596 950/150/1596
f 1044/49/1062 1034/50/1062 1036/88/1062
f 916/72/1063 930/97/1063 925/142/1063
f 994/120/1064 996/98/1064 1000/113/1064
f 910/71/1597 894/46/1597 898/99/1597
f 1028/3/1598 1023/22/1598 1033/134/1598
f 1039/130/1067 1030/2/1067 1033/134/1067
f 954/171/1068 965/37/1068 963/122/1068
f 924/57/1069 917/65/1069 931/67/1069
f 1016/68/1070 1018/69/1070 1027/7/1070
f 914/157/1071 928/105/1071 932/189/1071
f 1011/55/1072 1019/162/1072 989/54/1072
f 975/4/1599 969/6/1600 968/5/1600
f 1018/69/1601 1020/75/1601 1022/9/1601
f 928/105/1077 935/148/1077 934/131/1077
f 1025/172/1078 1027/7/1078 1029/125/1078
f 1036/88/1602 1030/2/1602 1039/130/1602
f 1023/22/1603 1014/81/1603 1016/68/1603
f 988/90/1081 1021/103/1604 1031/48/1081
f 896/132/1082 901/83/1082 913/85/1082
f 1042/107/1605 1038/33/1606 1029/125/1605
f 1022/9/1607 1032/8/1607 1029/125/1607
f 1034/50/1086 1044/49/1086 1041/176/1086
f 885/159/1087 1043/192/1087 1046/31/1087
f 986/21/1088 977/41/1088 972/38/1088
f 1043/192/1089 885/159/1089 883/101/1089
f 926/160/1608 924/57/1608 927/66/1608
f 898/99/1092 884/100/1092 908/74/1092
f 976/35/1093 964/10/1093 967/12/1093
f 950/150/1609 939/151/1610 906/175/1611
f 973/143/1105 962/34/1105 964/10/1105
f 933/158/1106 942/116/1106 941/86/1106
f 928/105/1107 929/106/1107 939/151/1107
f 963/122/1612 974/40/1612 970/121/1612
f 978/26/1120 979/28/1613 971/62/1118
f 971/62/1614 906/27/1615 907/168/1616
